month,group,issue,method,share,n_weeks,weeks,source,population,question,url,license
2025-01,all_rv,Abortion,two_step,0.05,4,2025-01-07;2025-01-13;2025-01-20;2025-01-28,YouGov/Economist,US registered voters,Which of these is the most important issue for you?,https://yougov.com/en-us/trackers/most-important-issues-facing-the-us,CC BY-NC 4.0 (YouGov public data license)
2025-01,all_rv,Civil rights and civil liberties,two_step,0.08,4,2025-01-07;2025-01-13;2025-01-20;2025-01-28,YouGov/Economist,US registered voters,Which of these is the most important issue for you?,https://yougov.com/en-us/trackers/most-important-issues-facing-the-us,CC BY-NC 4.0 (YouGov public data license)
2025-01,all_rv,Climate change and the environment,two_step,0.082,4,2025-01-07;2025-01-13;2025-01-20;2025-01-28,YouGov/Economist,US registered voters,Which of these is the most important issue for you?,https://yougov.com/en-us/trackers/most-important-issues-facing-the-us,CC BY-NC 4.0 (YouGov public data license)
2025-01,all_rv,Crime and criminal justice reform,two_step,0.03,4,2025-01-07;2025-01-13;2025-01-20;2025-01-28,YouGov/Economist,US registered voters,Which of these is the most important issue for you?,https://yougov.com/en-us/trackers/most-important-issues-facing-the-us,CC BY-NC 4.0 (YouGov public data license)
2025-01,all_rv,Education,two_step,0.025,4,2025-01-07;2025-01-13;2025-01-20;2025-01-28,YouGov/Economist,US registered voters,Which of these is the most important issue for you?,https://yougov.com/en-us/trackers/most-important-issues-facing-the-us,CC BY-NC 4.0 (YouGov public data license)
2025-01,all_rv,Gay rights,two_step,0.0,4,2025-01-07;2025-01-13;2025-01-20;2025-01-28,YouGov/Economist,US registered voters,Which of these is the most important issue for you?,https://yougov.com/en-us/trackers/most-important-issues-facing-the-us,CC BY-NC 4.0 (YouGov public data license)
2025-01,all_rv,Gun control,two_step,0.03,4,2025-01-07;2025-01-13;2025-01-20;2025-01-28,YouGov/Economist,US registered voters,Which of these is the most important issue for you?,https://yougov.com/en-us/trackers/most-important-issues-facing-the-us,CC BY-NC 4.0 (YouGov public data license)
2025-01,all_rv,Health care,two_step,0.112,4,2025-01-07;2025-01-13;2025-01-20;2025-01-28,YouGov/Economist,US registered voters,Which of these is the most important issue for you?,https://yougov.com/en-us/trackers/most-important-issues-facing-the-us,CC BY-NC 4.0 (YouGov public data license)
2025-01,all_rv,Immigration,two_step,0.112,4,2025-01-07;2025-01-13;2025-01-20;2025-01-28,YouGov/Economist,US registered voters,Which of these is the most important issue for you?,https://yougov.com/en-us/trackers/most-important-issues-facing-the-us,CC BY-NC 4.0 (YouGov public data license)
2025-01,all_rv,Inflation/prices,two_step,0.232,4,2025-01-07;2025-01-13;2025-01-20;2025-01-28,YouGov/Economist,US registered voters,Which of these is the most important issue for you?,https://yougov.com/en-us/trackers/most-important-issues-facing-the-us,CC BY-NC 4.0 (YouGov public data license)
2025-01,all_rv,Jobs and the economy,two_step,0.11,4,2025-01-07;2025-01-13;2025-01-20;2025-01-28,YouGov/Economist,US registered voters,Which of these is the most important issue for you?,https://yougov.com/en-us/trackers/most-important-issues-facing-the-us,CC BY-NC 4.0 (YouGov public data license)
2025-01,all_rv,Medicare,two_step,0.0,4,2025-01-07;2025-01-13;2025-01-20;2025-01-28,YouGov/Economist,US registered voters,Which of these is the most important issue for you?,https://yougov.com/en-us/trackers/most-important-issues-facing-the-us,CC BY-NC 4.0 (YouGov public data license)
2025-01,all_rv,National Security and foreign policy,two_step,0.073,4,2025-01-07;2025-01-13;2025-01-20;2025-01-28,YouGov/Economist,US registered voters,Which of these is the most important issue for you?,https://yougov.com/en-us/trackers/most-important-issues-facing-the-us,CC BY-NC 4.0 (YouGov public data license)
2025-01,all_rv,Social security,two_step,0.0,4,2025-01-07;2025-01-13;2025-01-20;2025-01-28,YouGov/Economist,US registered voters,Which of these is the most important issue for you?,https://yougov.com/en-us/trackers/most-important-issues-facing-the-us,CC BY-NC 4.0 (YouGov public data license)
2025-01,all_rv,Taxes and government spending,two_step,0.055,4,2025-01-07;2025-01-13;2025-01-20;2025-01-28,YouGov/Economist,US registered voters,Which of these is the most important issue for you?,https://yougov.com/en-us/trackers/most-important-issues-facing-the-us,CC BY-NC 4.0 (YouGov public data license)
2025-01,all_rv,Terrorism,two_step,0.0,4,2025-01-07;2025-01-13;2025-01-20;2025-01-28,YouGov/Economist,US registered voters,Which of these is the most important issue for you?,https://yougov.com/en-us/trackers/most-important-issues-facing-the-us,CC BY-NC 4.0 (YouGov public data license)
2025-01,all_rv,The budget deficit,two_step,0.0,4,2025-01-07;2025-01-13;2025-01-20;2025-01-28,YouGov/Economist,US registered voters,Which of these is the most important issue for you?,https://yougov.com/en-us/trackers/most-important-issues-facing-the-us,CC BY-NC 4.0 (YouGov public data license)
2025-01,all_rv,The war in Afghanistan,two_step,0.0,4,2025-01-07;2025-01-13;2025-01-20;2025-01-28,YouGov/Economist,US registered voters,Which of these is the most important issue for you?,https://yougov.com/en-us/trackers/most-important-issues-facing-the-us,CC BY-NC 4.0 (YouGov public data license)
2025-01,dem,Abortion,two_step,0.068,4,2025-01-07;2025-01-13;2025-01-20;2025-01-28,YouGov/Economist,US registered voters,Which of these is the most important issue for you?,https://yougov.com/en-us/trackers/most-important-issues-facing-the-us,CC BY-NC 4.0 (YouGov public data license)
2025-01,dem,Civil rights and civil liberties,two_step,0.14,4,2025-01-07;2025-01-13;2025-01-20;2025-01-28,YouGov/Economist,US registered voters,Which of these is the most important issue for you?,https://yougov.com/en-us/trackers/most-important-issues-facing-the-us,CC BY-NC 4.0 (YouGov public data license)
2025-01,dem,Climate change and the environment,two_step,0.16,4,2025-01-07;2025-01-13;2025-01-20;2025-01-28,YouGov/Economist,US registered voters,Which of these is the most important issue for you?,https://yougov.com/en-us/trackers/most-important-issues-facing-the-us,CC BY-NC 4.0 (YouGov public data license)
2025-01,dem,Crime and criminal justice reform,two_step,0.022,4,2025-01-07;2025-01-13;2025-01-20;2025-01-28,YouGov/Economist,US registered voters,Which of these is the most important issue for you?,https://yougov.com/en-us/trackers/most-important-issues-facing-the-us,CC BY-NC 4.0 (YouGov public data license)
2025-01,dem,Education,two_step,0.032,4,2025-01-07;2025-01-13;2025-01-20;2025-01-28,YouGov/Economist,US registered voters,Which of these is the most important issue for you?,https://yougov.com/en-us/trackers/most-important-issues-facing-the-us,CC BY-NC 4.0 (YouGov public data license)
2025-01,dem,Gay rights,two_step,0.0,4,2025-01-07;2025-01-13;2025-01-20;2025-01-28,YouGov/Economist,US registered voters,Which of these is the most important issue for you?,https://yougov.com/en-us/trackers/most-important-issues-facing-the-us,CC BY-NC 4.0 (YouGov public data license)
2025-01,dem,Gun control,two_step,0.048,4,2025-01-07;2025-01-13;2025-01-20;2025-01-28,YouGov/Economist,US registered voters,Which of these is the most important issue for you?,https://yougov.com/en-us/trackers/most-important-issues-facing-the-us,CC BY-NC 4.0 (YouGov public data license)
2025-01,dem,Health care,two_step,0.152,4,2025-01-07;2025-01-13;2025-01-20;2025-01-28,YouGov/Economist,US registered voters,Which of these is the most important issue for you?,https://yougov.com/en-us/trackers/most-important-issues-facing-the-us,CC BY-NC 4.0 (YouGov public data license)
2025-01,dem,Immigration,two_step,0.025,4,2025-01-07;2025-01-13;2025-01-20;2025-01-28,YouGov/Economist,US registered voters,Which of these is the most important issue for you?,https://yougov.com/en-us/trackers/most-important-issues-facing-the-us,CC BY-NC 4.0 (YouGov public data license)
2025-01,dem,Inflation/prices,two_step,0.162,4,2025-01-07;2025-01-13;2025-01-20;2025-01-28,YouGov/Economist,US registered voters,Which of these is the most important issue for you?,https://yougov.com/en-us/trackers/most-important-issues-facing-the-us,CC BY-NC 4.0 (YouGov public data license)
2025-01,dem,Jobs and the economy,two_step,0.122,4,2025-01-07;2025-01-13;2025-01-20;2025-01-28,YouGov/Economist,US registered voters,Which of these is the most important issue for you?,https://yougov.com/en-us/trackers/most-important-issues-facing-the-us,CC BY-NC 4.0 (YouGov public data license)
2025-01,dem,Medicare,two_step,0.0,4,2025-01-07;2025-01-13;2025-01-20;2025-01-28,YouGov/Economist,US registered voters,Which of these is the most important issue for you?,https://yougov.com/en-us/trackers/most-important-issues-facing-the-us,CC BY-NC 4.0 (YouGov public data license)
2025-01,dem,National Security and foreign policy,two_step,0.045,4,2025-01-07;2025-01-13;2025-01-20;2025-01-28,YouGov/Economist,US registered voters,Which of these is the most important issue for you?,https://yougov.com/en-us/trackers/most-important-issues-facing-the-us,CC BY-NC 4.0 (YouGov public data license)
2025-01,dem,Social security,two_step,0.0,4,2025-01-07;2025-01-13;2025-01-20;2025-01-28,YouGov/Economist,US registered voters,Which of these is the most important issue for you?,https://yougov.com/en-us/trackers/most-important-issues-facing-the-us,CC BY-NC 4.0 (YouGov public data license)
2025-01,dem,Taxes and government spending,two_step,0.02,4,2025-01-07;2025-01-13;2025-01-20;2025-01-28,YouGov/Economist,US registered voters,Which of these is the most important issue for you?,https://yougov.com/en-us/trackers/most-important-issues-facing-the-us,CC BY-NC 4.0 (YouGov public data license)
2025-01,dem,Terrorism,two_step,0.0,4,2025-01-07;2025-01-13;2025-01-20;2025-01-28,YouGov/Economist,US registered voters,Which of these is the most important issue for you?,https://yougov.com/en-us/trackers/most-important-issues-facing-the-us,CC BY-NC 4.0 (YouGov public data license)
2025-01,dem,The budget deficit,two_step,0.0,4,2025-01-07;2025-01-13;2025-01-20;2025-01-28,YouGov/Economist,US registered voters,Which of these is the most important issue for you?,https://yougov.com/en-us/trackers/most-important-issues-facing-the-us,CC BY-NC 4.0 (YouGov public data license)
2025-01,dem,The war in Afghanistan,two_step,0.0,4,2025-01-07;2025-01-13;2025-01-20;2025-01-28,YouGov/Economist,US registered voters,Which of these is the most important issue for you?,https://yougov.com/en-us/trackers/most-important-issues-facing-the-us,CC BY-NC 4.0 (YouGov public data license)
2025-01,ind,Abortion,two_step,0.032,4,2025-01-07;2025-01-13;2025-01-20;2025-01-28,YouGov/Economist,US registered voters,Which of these is the most important issue for you?,https://yougov.com/en-us/trackers/most-important-issues-facing-the-us,CC BY-NC 4.0 (YouGov public data license)
2025-01,ind,Civil rights and civil liberties,two_step,0.098,4,2025-01-07;2025-01-13;2025-01-20;2025-01-28,YouGov/Economist,US registered voters,Which of these is the most important issue for you?,https://yougov.com/en-us/trackers/most-important-issues-facing-the-us,CC BY-NC 4.0 (YouGov public data license)
2025-01,ind,Climate change and the environment,two_step,0.085,4,2025-01-07;2025-01-13;2025-01-20;2025-01-28,YouGov/Economist,US registered voters,Which of these is the most important issue for you?,https://yougov.com/en-us/trackers/most-important-issues-facing-the-us,CC BY-NC 4.0 (YouGov public data license)
2025-01,ind,Crime and criminal justice reform,two_step,0.025,4,2025-01-07;2025-01-13;2025-01-20;2025-01-28,YouGov/Economist,US registered voters,Which of these is the most important issue for you?,https://yougov.com/en-us/trackers/most-important-issues-facing-the-us,CC BY-NC 4.0 (YouGov public data license)
2025-01,ind,Education,two_step,0.032,4,2025-01-07;2025-01-13;2025-01-20;2025-01-28,YouGov/Economist,US registered voters,Which of these is the most important issue for you?,https://yougov.com/en-us/trackers/most-important-issues-facing-the-us,CC BY-NC 4.0 (YouGov public data license)
2025-01,ind,Gay rights,two_step,0.0,4,2025-01-07;2025-01-13;2025-01-20;2025-01-28,YouGov/Economist,US registered voters,Which of these is the most important issue for you?,https://yougov.com/en-us/trackers/most-important-issues-facing-the-us,CC BY-NC 4.0 (YouGov public data license)
2025-01,ind,Gun control,two_step,0.022,4,2025-01-07;2025-01-13;2025-01-20;2025-01-28,YouGov/Economist,US registered voters,Which of these is the most important issue for you?,https://yougov.com/en-us/trackers/most-important-issues-facing-the-us,CC BY-NC 4.0 (YouGov public data license)
2025-01,ind,Health care,two_step,0.132,4,2025-01-07;2025-01-13;2025-01-20;2025-01-28,YouGov/Economist,US registered voters,Which of these is the most important issue for you?,https://yougov.com/en-us/trackers/most-important-issues-facing-the-us,CC BY-NC 4.0 (YouGov public data license)
2025-01,ind,Immigration,two_step,0.085,4,2025-01-07;2025-01-13;2025-01-20;2025-01-28,YouGov/Economist,US registered voters,Which of these is the most important issue for you?,https://yougov.com/en-us/trackers/most-important-issues-facing-the-us,CC BY-NC 4.0 (YouGov public data license)
2025-01,ind,Inflation/prices,two_step,0.228,4,2025-01-07;2025-01-13;2025-01-20;2025-01-28,YouGov/Economist,US registered voters,Which of these is the most important issue for you?,https://yougov.com/en-us/trackers/most-important-issues-facing-the-us,CC BY-NC 4.0 (YouGov public data license)
2025-01,ind,Jobs and the economy,two_step,0.112,4,2025-01-07;2025-01-13;2025-01-20;2025-01-28,YouGov/Economist,US registered voters,Which of these is the most important issue for you?,https://yougov.com/en-us/trackers/most-important-issues-facing-the-us,CC BY-NC 4.0 (YouGov public data license)
2025-01,ind,Medicare,two_step,0.0,4,2025-01-07;2025-01-13;2025-01-20;2025-01-28,YouGov/Economist,US registered voters,Which of these is the most important issue for you?,https://yougov.com/en-us/trackers/most-important-issues-facing-the-us,CC BY-NC 4.0 (YouGov public data license)
2025-01,ind,National Security and foreign policy,two_step,0.073,4,2025-01-07;2025-01-13;2025-01-20;2025-01-28,YouGov/Economist,US registered voters,Which of these is the most important issue for you?,https://yougov.com/en-us/trackers/most-important-issues-facing-the-us,CC BY-NC 4.0 (YouGov public data license)
2025-01,ind,Social security,two_step,0.0,4,2025-01-07;2025-01-13;2025-01-20;2025-01-28,YouGov/Economist,US registered voters,Which of these is the most important issue for you?,https://yougov.com/en-us/trackers/most-important-issues-facing-the-us,CC BY-NC 4.0 (YouGov public data license)
2025-01,ind,Taxes and government spending,two_step,0.07,4,2025-01-07;2025-01-13;2025-01-20;2025-01-28,YouGov/Economist,US registered voters,Which of these is the most important issue for you?,https://yougov.com/en-us/trackers/most-important-issues-facing-the-us,CC BY-NC 4.0 (YouGov public data license)
2025-01,ind,Terrorism,two_step,0.0,4,2025-01-07;2025-01-13;2025-01-20;2025-01-28,YouGov/Economist,US registered voters,Which of these is the most important issue for you?,https://yougov.com/en-us/trackers/most-important-issues-facing-the-us,CC BY-NC 4.0 (YouGov public data license)
2025-01,ind,The budget deficit,two_step,0.0,4,2025-01-07;2025-01-13;2025-01-20;2025-01-28,YouGov/Economist,US registered voters,Which of these is the most important issue for you?,https://yougov.com/en-us/trackers/most-important-issues-facing-the-us,CC BY-NC 4.0 (YouGov public data license)
2025-01,ind,The war in Afghanistan,two_step,0.0,4,2025-01-07;2025-01-13;2025-01-20;2025-01-28,YouGov/Economist,US registered voters,Which of these is the most important issue for you?,https://yougov.com/en-us/trackers/most-important-issues-facing-the-us,CC BY-NC 4.0 (YouGov public data license)
2025-01,rep,Abortion,two_step,0.042,4,2025-01-07;2025-01-13;2025-01-20;2025-01-28,YouGov/Economist,US registered voters,Which of these is the most important issue for you?,https://yougov.com/en-us/trackers/most-important-issues-facing-the-us,CC BY-NC 4.0 (YouGov public data license)
2025-01,rep,Civil rights and civil liberties,two_step,0.017,4,2025-01-07;2025-01-13;2025-01-20;2025-01-28,YouGov/Economist,US registered voters,Which of these is the most important issue for you?,https://yougov.com/en-us/trackers/most-important-issues-facing-the-us,CC BY-NC 4.0 (YouGov public data license)
2025-01,rep,Climate change and the environment,two_step,0.015,4,2025-01-07;2025-01-13;2025-01-20;2025-01-28,YouGov/Economist,US registered voters,Which of these is the most important issue for you?,https://yougov.com/en-us/trackers/most-important-issues-facing-the-us,CC BY-NC 4.0 (YouGov public data license)
2025-01,rep,Crime and criminal justice reform,two_step,0.04,4,2025-01-07;2025-01-13;2025-01-20;2025-01-28,YouGov/Economist,US registered voters,Which of these is the most important issue for you?,https://yougov.com/en-us/trackers/most-important-issues-facing-the-us,CC BY-NC 4.0 (YouGov public data license)
2025-01,rep,Education,two_step,0.012,4,2025-01-07;2025-01-13;2025-01-20;2025-01-28,YouGov/Economist,US registered voters,Which of these is the most important issue for you?,https://yougov.com/en-us/trackers/most-important-issues-facing-the-us,CC BY-NC 4.0 (YouGov public data license)
2025-01,rep,Gay rights,two_step,0.0,4,2025-01-07;2025-01-13;2025-01-20;2025-01-28,YouGov/Economist,US registered voters,Which of these is the most important issue for you?,https://yougov.com/en-us/trackers/most-important-issues-facing-the-us,CC BY-NC 4.0 (YouGov public data license)
2025-01,rep,Gun control,two_step,0.018,4,2025-01-07;2025-01-13;2025-01-20;2025-01-28,YouGov/Economist,US registered voters,Which of these is the most important issue for you?,https://yougov.com/en-us/trackers/most-important-issues-facing-the-us,CC BY-NC 4.0 (YouGov public data license)
2025-01,rep,Health care,two_step,0.055,4,2025-01-07;2025-01-13;2025-01-20;2025-01-28,YouGov/Economist,US registered voters,Which of these is the most important issue for you?,https://yougov.com/en-us/trackers/most-important-issues-facing-the-us,CC BY-NC 4.0 (YouGov public data license)
2025-01,rep,Immigration,two_step,0.218,4,2025-01-07;2025-01-13;2025-01-20;2025-01-28,YouGov/Economist,US registered voters,Which of these is the most important issue for you?,https://yougov.com/en-us/trackers/most-important-issues-facing-the-us,CC BY-NC 4.0 (YouGov public data license)
2025-01,rep,Inflation/prices,two_step,0.3,4,2025-01-07;2025-01-13;2025-01-20;2025-01-28,YouGov/Economist,US registered voters,Which of these is the most important issue for you?,https://yougov.com/en-us/trackers/most-important-issues-facing-the-us,CC BY-NC 4.0 (YouGov public data license)
2025-01,rep,Jobs and the economy,two_step,0.098,4,2025-01-07;2025-01-13;2025-01-20;2025-01-28,YouGov/Economist,US registered voters,Which of these is the most important issue for you?,https://yougov.com/en-us/trackers/most-important-issues-facing-the-us,CC BY-NC 4.0 (YouGov public data license)
2025-01,rep,Medicare,two_step,0.0,4,2025-01-07;2025-01-13;2025-01-20;2025-01-28,YouGov/Economist,US registered voters,Which of these is the most important issue for you?,https://yougov.com/en-us/trackers/most-important-issues-facing-the-us,CC BY-NC 4.0 (YouGov public data license)
2025-01,rep,National Security and foreign policy,two_step,0.103,4,2025-01-07;2025-01-13;2025-01-20;2025-01-28,YouGov/Economist,US registered voters,Which of these is the most important issue for you?,https://yougov.com/en-us/trackers/most-important-issues-facing-the-us,CC BY-NC 4.0 (YouGov public data license)
2025-01,rep,Social security,two_step,0.0,4,2025-01-07;2025-01-13;2025-01-20;2025-01-28,YouGov/Economist,US registered voters,Which of these is the most important issue for you?,https://yougov.com/en-us/trackers/most-important-issues-facing-the-us,CC BY-NC 4.0 (YouGov public data license)
2025-01,rep,Taxes and government spending,two_step,0.082,4,2025-01-07;2025-01-13;2025-01-20;2025-01-28,YouGov/Economist,US registered voters,Which of these is the most important issue for you?,https://yougov.com/en-us/trackers/most-important-issues-facing-the-us,CC BY-NC 4.0 (YouGov public data license)
2025-01,rep,Terrorism,two_step,0.0,4,2025-01-07;2025-01-13;2025-01-20;2025-01-28,YouGov/Economist,US registered voters,Which of these is the most important issue for you?,https://yougov.com/en-us/trackers/most-important-issues-facing-the-us,CC BY-NC 4.0 (YouGov public data license)
2025-01,rep,The budget deficit,two_step,0.0,4,2025-01-07;2025-01-13;2025-01-20;2025-01-28,YouGov/Economist,US registered voters,Which of these is the most important issue for you?,https://yougov.com/en-us/trackers/most-important-issues-facing-the-us,CC BY-NC 4.0 (YouGov public data license)
2025-01,rep,The war in Afghanistan,two_step,0.0,4,2025-01-07;2025-01-13;2025-01-20;2025-01-28,YouGov/Economist,US registered voters,Which of these is the most important issue for you?,https://yougov.com/en-us/trackers/most-important-issues-facing-the-us,CC BY-NC 4.0 (YouGov public data license)
2025-02,all_rv,Abortion,two_step,0.042,4,2025-02-04;2025-02-11;2025-02-18;2025-02-25,YouGov/Economist,US registered voters,Which of these is the most important issue for you?,https://yougov.com/en-us/trackers/most-important-issues-facing-the-us,CC BY-NC 4.0 (YouGov public data license)
2025-02,all_rv,Civil rights and civil liberties,two_step,0.118,4,2025-02-04;2025-02-11;2025-02-18;2025-02-25,YouGov/Economist,US registered voters,Which of these is the most important issue for you?,https://yougov.com/en-us/trackers/most-important-issues-facing-the-us,CC BY-NC 4.0 (YouGov public data license)
2025-02,all_rv,Climate change and the environment,two_step,0.073,4,2025-02-04;2025-02-11;2025-02-18;2025-02-25,YouGov/Economist,US registered voters,Which of these is the most important issue for you?,https://yougov.com/en-us/trackers/most-important-issues-facing-the-us,CC BY-NC 4.0 (YouGov public data license)
2025-02,all_rv,Crime and criminal justice reform,two_step,0.022,4,2025-02-04;2025-02-11;2025-02-18;2025-02-25,YouGov/Economist,US registered voters,Which of these is the most important issue for you?,https://yougov.com/en-us/trackers/most-important-issues-facing-the-us,CC BY-NC 4.0 (YouGov public data license)
2025-02,all_rv,Education,two_step,0.025,4,2025-02-04;2025-02-11;2025-02-18;2025-02-25,YouGov/Economist,US registered voters,Which of these is the most important issue for you?,https://yougov.com/en-us/trackers/most-important-issues-facing-the-us,CC BY-NC 4.0 (YouGov public data license)
2025-02,all_rv,Gay rights,two_step,0.0,4,2025-02-04;2025-02-11;2025-02-18;2025-02-25,YouGov/Economist,US registered voters,Which of these is the most important issue for you?,https://yougov.com/en-us/trackers/most-important-issues-facing-the-us,CC BY-NC 4.0 (YouGov public data license)
2025-02,all_rv,Gun control,two_step,0.028,4,2025-02-04;2025-02-11;2025-02-18;2025-02-25,YouGov/Economist,US registered voters,Which of these is the most important issue for you?,https://yougov.com/en-us/trackers/most-important-issues-facing-the-us,CC BY-NC 4.0 (YouGov public data license)
2025-02,all_rv,Health care,two_step,0.105,4,2025-02-04;2025-02-11;2025-02-18;2025-02-25,YouGov/Economist,US registered voters,Which of these is the most important issue for you?,https://yougov.com/en-us/trackers/most-important-issues-facing-the-us,CC BY-NC 4.0 (YouGov public data license)
2025-02,all_rv,Immigration,two_step,0.105,4,2025-02-04;2025-02-11;2025-02-18;2025-02-25,YouGov/Economist,US registered voters,Which of these is the most important issue for you?,https://yougov.com/en-us/trackers/most-important-issues-facing-the-us,CC BY-NC 4.0 (YouGov public data license)
2025-02,all_rv,Inflation/prices,two_step,0.225,4,2025-02-04;2025-02-11;2025-02-18;2025-02-25,YouGov/Economist,US registered voters,Which of these is the most important issue for you?,https://yougov.com/en-us/trackers/most-important-issues-facing-the-us,CC BY-NC 4.0 (YouGov public data license)
2025-02,all_rv,Jobs and the economy,two_step,0.11,4,2025-02-04;2025-02-11;2025-02-18;2025-02-25,YouGov/Economist,US registered voters,Which of these is the most important issue for you?,https://yougov.com/en-us/trackers/most-important-issues-facing-the-us,CC BY-NC 4.0 (YouGov public data license)
2025-02,all_rv,Medicare,two_step,0.0,4,2025-02-04;2025-02-11;2025-02-18;2025-02-25,YouGov/Economist,US registered voters,Which of these is the most important issue for you?,https://yougov.com/en-us/trackers/most-important-issues-facing-the-us,CC BY-NC 4.0 (YouGov public data license)
2025-02,all_rv,National Security and foreign policy,two_step,0.072,4,2025-02-04;2025-02-11;2025-02-18;2025-02-25,YouGov/Economist,US registered voters,Which of these is the most important issue for you?,https://yougov.com/en-us/trackers/most-important-issues-facing-the-us,CC BY-NC 4.0 (YouGov public data license)
2025-02,all_rv,Social security,two_step,0.0,4,2025-02-04;2025-02-11;2025-02-18;2025-02-25,YouGov/Economist,US registered voters,Which of these is the most important issue for you?,https://yougov.com/en-us/trackers/most-important-issues-facing-the-us,CC BY-NC 4.0 (YouGov public data license)
2025-02,all_rv,Taxes and government spending,two_step,0.078,4,2025-02-04;2025-02-11;2025-02-18;2025-02-25,YouGov/Economist,US registered voters,Which of these is the most important issue for you?,https://yougov.com/en-us/trackers/most-important-issues-facing-the-us,CC BY-NC 4.0 (YouGov public data license)
2025-02,all_rv,Terrorism,two_step,0.0,4,2025-02-04;2025-02-11;2025-02-18;2025-02-25,YouGov/Economist,US registered voters,Which of these is the most important issue for you?,https://yougov.com/en-us/trackers/most-important-issues-facing-the-us,CC BY-NC 4.0 (YouGov public data license)
2025-02,all_rv,The budget deficit,two_step,0.0,4,2025-02-04;2025-02-11;2025-02-18;2025-02-25,YouGov/Economist,US registered voters,Which of these is the most important issue for you?,https://yougov.com/en-us/trackers/most-important-issues-facing-the-us,CC BY-NC 4.0 (YouGov public data license)
2025-02,all_rv,The war in Afghanistan,two_step,0.0,4,2025-02-04;2025-02-11;2025-02-18;2025-02-25,YouGov/Economist,US registered voters,Which of these is the most important issue for you?,https://yougov.com/en-us/trackers/most-important-issues-facing-the-us,CC BY-NC 4.0 (YouGov public data license)
2025-02,dem,Abortion,two_step,0.045,4,2025-02-04;2025-02-11;2025-02-18;2025-02-25,YouGov/Economist,US registered voters,Which of these is the most important issue for you?,https://yougov.com/en-us/trackers/most-important-issues-facing-the-us,CC BY-NC 4.0 (YouGov public data license)
2025-02,dem,Civil rights and civil liberties,two_step,0.202,4,2025-02-04;2025-02-11;2025-02-18;2025-02-25,YouGov/Economist,US registered voters,Which of these is the most important issue for you?,https://yougov.com/en-us/trackers/most-important-issues-facing-the-us,CC BY-NC 4.0 (YouGov public data license)
2025-02,dem,Climate change and the environment,two_step,0.123,4,2025-02-04;2025-02-11;2025-02-18;2025-02-25,YouGov/Economist,US registered voters,Which of these is the most important issue for you?,https://yougov.com/en-us/trackers/most-important-issues-facing-the-us,CC BY-NC 4.0 (YouGov public data license)
2025-02,dem,Crime and criminal justice reform,two_step,0.025,4,2025-02-04;2025-02-11;2025-02-18;2025-02-25,YouGov/Economist,US registered voters,Which of these is the most important issue for you?,https://yougov.com/en-us/trackers/most-important-issues-facing-the-us,CC BY-NC 4.0 (YouGov public data license)
2025-02,dem,Education,two_step,0.03,4,2025-02-04;2025-02-11;2025-02-18;2025-02-25,YouGov/Economist,US registered voters,Which of these is the most important issue for you?,https://yougov.com/en-us/trackers/most-important-issues-facing-the-us,CC BY-NC 4.0 (YouGov public data license)
2025-02,dem,Gay rights,two_step,0.0,4,2025-02-04;2025-02-11;2025-02-18;2025-02-25,YouGov/Economist,US registered voters,Which of these is the most important issue for you?,https://yougov.com/en-us/trackers/most-important-issues-facing-the-us,CC BY-NC 4.0 (YouGov public data license)
2025-02,dem,Gun control,two_step,0.032,4,2025-02-04;2025-02-11;2025-02-18;2025-02-25,YouGov/Economist,US registered voters,Which of these is the most important issue for you?,https://yougov.com/en-us/trackers/most-important-issues-facing-the-us,CC BY-NC 4.0 (YouGov public data license)
2025-02,dem,Health care,two_step,0.158,4,2025-02-04;2025-02-11;2025-02-18;2025-02-25,YouGov/Economist,US registered voters,Which of these is the most important issue for you?,https://yougov.com/en-us/trackers/most-important-issues-facing-the-us,CC BY-NC 4.0 (YouGov public data license)
2025-02,dem,Immigration,two_step,0.02,4,2025-02-04;2025-02-11;2025-02-18;2025-02-25,YouGov/Economist,US registered voters,Which of these is the most important issue for you?,https://yougov.com/en-us/trackers/most-important-issues-facing-the-us,CC BY-NC 4.0 (YouGov public data license)
2025-02,dem,Inflation/prices,two_step,0.18,4,2025-02-04;2025-02-11;2025-02-18;2025-02-25,YouGov/Economist,US registered voters,Which of these is the most important issue for you?,https://yougov.com/en-us/trackers/most-important-issues-facing-the-us,CC BY-NC 4.0 (YouGov public data license)
2025-02,dem,Jobs and the economy,two_step,0.112,4,2025-02-04;2025-02-11;2025-02-18;2025-02-25,YouGov/Economist,US registered voters,Which of these is the most important issue for you?,https://yougov.com/en-us/trackers/most-important-issues-facing-the-us,CC BY-NC 4.0 (YouGov public data license)
2025-02,dem,Medicare,two_step,0.0,4,2025-02-04;2025-02-11;2025-02-18;2025-02-25,YouGov/Economist,US registered voters,Which of these is the most important issue for you?,https://yougov.com/en-us/trackers/most-important-issues-facing-the-us,CC BY-NC 4.0 (YouGov public data license)
2025-02,dem,National Security and foreign policy,two_step,0.045,4,2025-02-04;2025-02-11;2025-02-18;2025-02-25,YouGov/Economist,US registered voters,Which of these is the most important issue for you?,https://yougov.com/en-us/trackers/most-important-issues-facing-the-us,CC BY-NC 4.0 (YouGov public data license)
2025-02,dem,Social security,two_step,0.0,4,2025-02-04;2025-02-11;2025-02-18;2025-02-25,YouGov/Economist,US registered voters,Which of these is the most important issue for you?,https://yougov.com/en-us/trackers/most-important-issues-facing-the-us,CC BY-NC 4.0 (YouGov public data license)
2025-02,dem,Taxes and government spending,two_step,0.018,4,2025-02-04;2025-02-11;2025-02-18;2025-02-25,YouGov/Economist,US registered voters,Which of these is the most important issue for you?,https://yougov.com/en-us/trackers/most-important-issues-facing-the-us,CC BY-NC 4.0 (YouGov public data license)
2025-02,dem,Terrorism,two_step,0.0,4,2025-02-04;2025-02-11;2025-02-18;2025-02-25,YouGov/Economist,US registered voters,Which of these is the most important issue for you?,https://yougov.com/en-us/trackers/most-important-issues-facing-the-us,CC BY-NC 4.0 (YouGov public data license)
2025-02,dem,The budget deficit,two_step,0.0,4,2025-02-04;2025-02-11;2025-02-18;2025-02-25,YouGov/Economist,US registered voters,Which of these is the most important issue for you?,https://yougov.com/en-us/trackers/most-important-issues-facing-the-us,CC BY-NC 4.0 (YouGov public data license)
2025-02,dem,The war in Afghanistan,two_step,0.0,4,2025-02-04;2025-02-11;2025-02-18;2025-02-25,YouGov/Economist,US registered voters,Which of these is the most important issue for you?,https://yougov.com/en-us/trackers/most-important-issues-facing-the-us,CC BY-NC 4.0 (YouGov public data license)
2025-02,ind,Abortion,two_step,0.035,4,2025-02-04;2025-02-11;2025-02-18;2025-02-25,YouGov/Economist,US registered voters,Which of these is the most important issue for you?,https://yougov.com/en-us/trackers/most-important-issues-facing-the-us,CC BY-NC 4.0 (YouGov public data license)
2025-02,ind,Civil rights and civil liberties,two_step,0.135,4,2025-02-04;2025-02-11;2025-02-18;2025-02-25,YouGov/Economist,US registered voters,Which of these is the most important issue for you?,https://yougov.com/en-us/trackers/most-important-issues-facing-the-us,CC BY-NC 4.0 (YouGov public data license)
2025-02,ind,Climate change and the environment,two_step,0.088,4,2025-02-04;2025-02-11;2025-02-18;2025-02-25,YouGov/Economist,US registered voters,Which of these is the most important issue for you?,https://yougov.com/en-us/trackers/most-important-issues-facing-the-us,CC BY-NC 4.0 (YouGov public data license)
2025-02,ind,Crime and criminal justice reform,two_step,0.03,4,2025-02-04;2025-02-11;2025-02-18;2025-02-25,YouGov/Economist,US registered voters,Which of these is the most important issue for you?,https://yougov.com/en-us/trackers/most-important-issues-facing-the-us,CC BY-NC 4.0 (YouGov public data license)
2025-02,ind,Education,two_step,0.03,4,2025-02-04;2025-02-11;2025-02-18;2025-02-25,YouGov/Economist,US registered voters,Which of these is the most important issue for you?,https://yougov.com/en-us/trackers/most-important-issues-facing-the-us,CC BY-NC 4.0 (YouGov public data license)
2025-02,ind,Gay rights,two_step,0.0,4,2025-02-04;2025-02-11;2025-02-18;2025-02-25,YouGov/Economist,US registered voters,Which of these is the most important issue for you?,https://yougov.com/en-us/trackers/most-important-issues-facing-the-us,CC BY-NC 4.0 (YouGov public data license)
2025-02,ind,Gun control,two_step,0.015,4,2025-02-04;2025-02-11;2025-02-18;2025-02-25,YouGov/Economist,US registered voters,Which of these is the most important issue for you?,https://yougov.com/en-us/trackers/most-important-issues-facing-the-us,CC BY-NC 4.0 (YouGov public data license)
2025-02,ind,Health care,two_step,0.105,4,2025-02-04;2025-02-11;2025-02-18;2025-02-25,YouGov/Economist,US registered voters,Which of these is the most important issue for you?,https://yougov.com/en-us/trackers/most-important-issues-facing-the-us,CC BY-NC 4.0 (YouGov public data license)
2025-02,ind,Immigration,two_step,0.073,4,2025-02-04;2025-02-11;2025-02-18;2025-02-25,YouGov/Economist,US registered voters,Which of these is the most important issue for you?,https://yougov.com/en-us/trackers/most-important-issues-facing-the-us,CC BY-NC 4.0 (YouGov public data license)
2025-02,ind,Inflation/prices,two_step,0.222,4,2025-02-04;2025-02-11;2025-02-18;2025-02-25,YouGov/Economist,US registered voters,Which of these is the most important issue for you?,https://yougov.com/en-us/trackers/most-important-issues-facing-the-us,CC BY-NC 4.0 (YouGov public data license)
2025-02,ind,Jobs and the economy,two_step,0.102,4,2025-02-04;2025-02-11;2025-02-18;2025-02-25,YouGov/Economist,US registered voters,Which of these is the most important issue for you?,https://yougov.com/en-us/trackers/most-important-issues-facing-the-us,CC BY-NC 4.0 (YouGov public data license)
2025-02,ind,Medicare,two_step,0.0,4,2025-02-04;2025-02-11;2025-02-18;2025-02-25,YouGov/Economist,US registered voters,Which of these is the most important issue for you?,https://yougov.com/en-us/trackers/most-important-issues-facing-the-us,CC BY-NC 4.0 (YouGov public data license)
2025-02,ind,National Security and foreign policy,two_step,0.068,4,2025-02-04;2025-02-11;2025-02-18;2025-02-25,YouGov/Economist,US registered voters,Which of these is the most important issue for you?,https://yougov.com/en-us/trackers/most-important-issues-facing-the-us,CC BY-NC 4.0 (YouGov public data license)
2025-02,ind,Social security,two_step,0.0,4,2025-02-04;2025-02-11;2025-02-18;2025-02-25,YouGov/Economist,US registered voters,Which of these is the most important issue for you?,https://yougov.com/en-us/trackers/most-important-issues-facing-the-us,CC BY-NC 4.0 (YouGov public data license)
2025-02,ind,Taxes and government spending,two_step,0.098,4,2025-02-04;2025-02-11;2025-02-18;2025-02-25,YouGov/Economist,US registered voters,Which of these is the most important issue for you?,https://yougov.com/en-us/trackers/most-important-issues-facing-the-us,CC BY-NC 4.0 (YouGov public data license)
2025-02,ind,Terrorism,two_step,0.0,4,2025-02-04;2025-02-11;2025-02-18;2025-02-25,YouGov/Economist,US registered voters,Which of these is the most important issue for you?,https://yougov.com/en-us/trackers/most-important-issues-facing-the-us,CC BY-NC 4.0 (YouGov public data license)
2025-02,ind,The budget deficit,two_step,0.0,4,2025-02-04;2025-02-11;2025-02-18;2025-02-25,YouGov/Economist,US registered voters,Which of these is the most important issue for you?,https://yougov.com/en-us/trackers/most-important-issues-facing-the-us,CC BY-NC 4.0 (YouGov public data license)
2025-02,ind,The war in Afghanistan,two_step,0.0,4,2025-02-04;2025-02-11;2025-02-18;2025-02-25,YouGov/Economist,US registered voters,Which of these is the most important issue for you?,https://yougov.com/en-us/trackers/most-important-issues-facing-the-us,CC BY-NC 4.0 (YouGov public data license)
2025-02,rep,Abortion,two_step,0.04,4,2025-02-04;2025-02-11;2025-02-18;2025-02-25,YouGov/Economist,US registered voters,Which of these is the most important issue for you?,https://yougov.com/en-us/trackers/most-important-issues-facing-the-us,CC BY-NC 4.0 (YouGov public data license)
2025-02,rep,Civil rights and civil liberties,two_step,0.025,4,2025-02-04;2025-02-11;2025-02-18;2025-02-25,YouGov/Economist,US registered voters,Which of these is the most important issue for you?,https://yougov.com/en-us/trackers/most-important-issues-facing-the-us,CC BY-NC 4.0 (YouGov public data license)
2025-02,rep,Climate change and the environment,two_step,0.008,4,2025-02-04;2025-02-11;2025-02-18;2025-02-25,YouGov/Economist,US registered voters,Which of these is the most important issue for you?,https://yougov.com/en-us/trackers/most-important-issues-facing-the-us,CC BY-NC 4.0 (YouGov public data license)
2025-02,rep,Crime and criminal justice reform,two_step,0.02,4,2025-02-04;2025-02-11;2025-02-18;2025-02-25,YouGov/Economist,US registered voters,Which of these is the most important issue for you?,https://yougov.com/en-us/trackers/most-important-issues-facing-the-us,CC BY-NC 4.0 (YouGov public data license)
2025-02,rep,Education,two_step,0.02,4,2025-02-04;2025-02-11;2025-02-18;2025-02-25,YouGov/Economist,US registered voters,Which of these is the most important issue for you?,https://yougov.com/en-us/trackers/most-important-issues-facing-the-us,CC BY-NC 4.0 (YouGov public data license)
2025-02,rep,Gay rights,two_step,0.0,4,2025-02-04;2025-02-11;2025-02-18;2025-02-25,YouGov/Economist,US registered voters,Which of these is the most important issue for you?,https://yougov.com/en-us/trackers/most-important-issues-facing-the-us,CC BY-NC 4.0 (YouGov public data license)
2025-02,rep,Gun control,two_step,0.02,4,2025-02-04;2025-02-11;2025-02-18;2025-02-25,YouGov/Economist,US registered voters,Which of these is the most important issue for you?,https://yougov.com/en-us/trackers/most-important-issues-facing-the-us,CC BY-NC 4.0 (YouGov public data license)
2025-02,rep,Health care,two_step,0.052,4,2025-02-04;2025-02-11;2025-02-18;2025-02-25,YouGov/Economist,US registered voters,Which of these is the most important issue for you?,https://yougov.com/en-us/trackers/most-important-issues-facing-the-us,CC BY-NC 4.0 (YouGov public data license)
2025-02,rep,Immigration,two_step,0.21,4,2025-02-04;2025-02-11;2025-02-18;2025-02-25,YouGov/Economist,US registered voters,Which of these is the most important issue for you?,https://yougov.com/en-us/trackers/most-important-issues-facing-the-us,CC BY-NC 4.0 (YouGov public data license)
2025-02,rep,Inflation/prices,two_step,0.275,4,2025-02-04;2025-02-11;2025-02-18;2025-02-25,YouGov/Economist,US registered voters,Which of these is the most important issue for you?,https://yougov.com/en-us/trackers/most-important-issues-facing-the-us,CC BY-NC 4.0 (YouGov public data license)
2025-02,rep,Jobs and the economy,two_step,0.108,4,2025-02-04;2025-02-11;2025-02-18;2025-02-25,YouGov/Economist,US registered voters,Which of these is the most important issue for you?,https://yougov.com/en-us/trackers/most-important-issues-facing-the-us,CC BY-NC 4.0 (YouGov public data license)
2025-02,rep,Medicare,two_step,0.0,4,2025-02-04;2025-02-11;2025-02-18;2025-02-25,YouGov/Economist,US registered voters,Which of these is the most important issue for you?,https://yougov.com/en-us/trackers/most-important-issues-facing-the-us,CC BY-NC 4.0 (YouGov public data license)
2025-02,rep,National Security and foreign policy,two_step,0.103,4,2025-02-04;2025-02-11;2025-02-18;2025-02-25,YouGov/Economist,US registered voters,Which of these is the most important issue for you?,https://yougov.com/en-us/trackers/most-important-issues-facing-the-us,CC BY-NC 4.0 (YouGov public data license)
2025-02,rep,Social security,two_step,0.0,4,2025-02-04;2025-02-11;2025-02-18;2025-02-25,YouGov/Economist,US registered voters,Which of these is the most important issue for you?,https://yougov.com/en-us/trackers/most-important-issues-facing-the-us,CC BY-NC 4.0 (YouGov public data license)
2025-02,rep,Taxes and government spending,two_step,0.11,4,2025-02-04;2025-02-11;2025-02-18;2025-02-25,YouGov/Economist,US registered voters,Which of these is the most important issue for you?,https://yougov.com/en-us/trackers/most-important-issues-facing-the-us,CC BY-NC 4.0 (YouGov public data license)
2025-02,rep,Terrorism,two_step,0.0,4,2025-02-04;2025-02-11;2025-02-18;2025-02-25,YouGov/Economist,US registered voters,Which of these is the most important issue for you?,https://yougov.com/en-us/trackers/most-important-issues-facing-the-us,CC BY-NC 4.0 (YouGov public data license)
2025-02,rep,The budget deficit,two_step,0.0,4,2025-02-04;2025-02-11;2025-02-18;2025-02-25,YouGov/Economist,US registered voters,Which of these is the most important issue for you?,https://yougov.com/en-us/trackers/most-important-issues-facing-the-us,CC BY-NC 4.0 (YouGov public data license)
2025-02,rep,The war in Afghanistan,two_step,0.0,4,2025-02-04;2025-02-11;2025-02-18;2025-02-25,YouGov/Economist,US registered voters,Which of these is the most important issue for you?,https://yougov.com/en-us/trackers/most-important-issues-facing-the-us,CC BY-NC 4.0 (YouGov public data license)
2025-03,all_rv,Abortion,two_step,0.038,4,2025-03-04;2025-03-11;2025-03-18;2025-03-25,YouGov/Economist,US registered voters,Which of these is the most important issue for you?,https://yougov.com/en-us/trackers/most-important-issues-facing-the-us,CC BY-NC 4.0 (YouGov public data license)
2025-03,all_rv,Civil rights and civil liberties,two_step,0.11,4,2025-03-04;2025-03-11;2025-03-18;2025-03-25,YouGov/Economist,US registered voters,Which of these is the most important issue for you?,https://yougov.com/en-us/trackers/most-important-issues-facing-the-us,CC BY-NC 4.0 (YouGov public data license)
2025-03,all_rv,Climate change and the environment,two_step,0.06,4,2025-03-04;2025-03-11;2025-03-18;2025-03-25,YouGov/Economist,US registered voters,Which of these is the most important issue for you?,https://yougov.com/en-us/trackers/most-important-issues-facing-the-us,CC BY-NC 4.0 (YouGov public data license)
2025-03,all_rv,Crime and criminal justice reform,two_step,0.025,4,2025-03-04;2025-03-11;2025-03-18;2025-03-25,YouGov/Economist,US registered voters,Which of these is the most important issue for you?,https://yougov.com/en-us/trackers/most-important-issues-facing-the-us,CC BY-NC 4.0 (YouGov public data license)
2025-03,all_rv,Education,two_step,0.032,4,2025-03-04;2025-03-11;2025-03-18;2025-03-25,YouGov/Economist,US registered voters,Which of these is the most important issue for you?,https://yougov.com/en-us/trackers/most-important-issues-facing-the-us,CC BY-NC 4.0 (YouGov public data license)
2025-03,all_rv,Gay rights,two_step,0.0,4,2025-03-04;2025-03-11;2025-03-18;2025-03-25,YouGov/Economist,US registered voters,Which of these is the most important issue for you?,https://yougov.com/en-us/trackers/most-important-issues-facing-the-us,CC BY-NC 4.0 (YouGov public data license)
2025-03,all_rv,Gun control,two_step,0.02,4,2025-03-04;2025-03-11;2025-03-18;2025-03-25,YouGov/Economist,US registered voters,Which of these is the most important issue for you?,https://yougov.com/en-us/trackers/most-important-issues-facing-the-us,CC BY-NC 4.0 (YouGov public data license)
2025-03,all_rv,Health care,two_step,0.108,4,2025-03-04;2025-03-11;2025-03-18;2025-03-25,YouGov/Economist,US registered voters,Which of these is the most important issue for you?,https://yougov.com/en-us/trackers/most-important-issues-facing-the-us,CC BY-NC 4.0 (YouGov public data license)
2025-03,all_rv,Immigration,two_step,0.088,4,2025-03-04;2025-03-11;2025-03-18;2025-03-25,YouGov/Economist,US registered voters,Which of these is the most important issue for you?,https://yougov.com/en-us/trackers/most-important-issues-facing-the-us,CC BY-NC 4.0 (YouGov public data license)
2025-03,all_rv,Inflation/prices,two_step,0.23,4,2025-03-04;2025-03-11;2025-03-18;2025-03-25,YouGov/Economist,US registered voters,Which of these is the most important issue for you?,https://yougov.com/en-us/trackers/most-important-issues-facing-the-us,CC BY-NC 4.0 (YouGov public data license)
2025-03,all_rv,Jobs and the economy,two_step,0.115,4,2025-03-04;2025-03-11;2025-03-18;2025-03-25,YouGov/Economist,US registered voters,Which of these is the most important issue for you?,https://yougov.com/en-us/trackers/most-important-issues-facing-the-us,CC BY-NC 4.0 (YouGov public data license)
2025-03,all_rv,Medicare,two_step,0.0,4,2025-03-04;2025-03-11;2025-03-18;2025-03-25,YouGov/Economist,US registered voters,Which of these is the most important issue for you?,https://yougov.com/en-us/trackers/most-important-issues-facing-the-us,CC BY-NC 4.0 (YouGov public data license)
2025-03,all_rv,National Security and foreign policy,two_step,0.088,4,2025-03-04;2025-03-11;2025-03-18;2025-03-25,YouGov/Economist,US registered voters,Which of these is the most important issue for you?,https://yougov.com/en-us/trackers/most-important-issues-facing-the-us,CC BY-NC 4.0 (YouGov public data license)
2025-03,all_rv,Social security,two_step,0.0,4,2025-03-04;2025-03-11;2025-03-18;2025-03-25,YouGov/Economist,US registered voters,Which of these is the most important issue for you?,https://yougov.com/en-us/trackers/most-important-issues-facing-the-us,CC BY-NC 4.0 (YouGov public data license)
2025-03,all_rv,Taxes and government spending,two_step,0.08,4,2025-03-04;2025-03-11;2025-03-18;2025-03-25,YouGov/Economist,US registered voters,Which of these is the most important issue for you?,https://yougov.com/en-us/trackers/most-important-issues-facing-the-us,CC BY-NC 4.0 (YouGov public data license)
2025-03,all_rv,Terrorism,two_step,0.0,4,2025-03-04;2025-03-11;2025-03-18;2025-03-25,YouGov/Economist,US registered voters,Which of these is the most important issue for you?,https://yougov.com/en-us/trackers/most-important-issues-facing-the-us,CC BY-NC 4.0 (YouGov public data license)
2025-03,all_rv,The budget deficit,two_step,0.0,4,2025-03-04;2025-03-11;2025-03-18;2025-03-25,YouGov/Economist,US registered voters,Which of these is the most important issue for you?,https://yougov.com/en-us/trackers/most-important-issues-facing-the-us,CC BY-NC 4.0 (YouGov public data license)
2025-03,all_rv,The war in Afghanistan,two_step,0.0,4,2025-03-04;2025-03-11;2025-03-18;2025-03-25,YouGov/Economist,US registered voters,Which of these is the most important issue for you?,https://yougov.com/en-us/trackers/most-important-issues-facing-the-us,CC BY-NC 4.0 (YouGov public data license)
2025-03,dem,Abortion,two_step,0.04,4,2025-03-04;2025-03-11;2025-03-18;2025-03-25,YouGov/Economist,US registered voters,Which of these is the most important issue for you?,https://yougov.com/en-us/trackers/most-important-issues-facing-the-us,CC BY-NC 4.0 (YouGov public data license)
2025-03,dem,Civil rights and civil liberties,two_step,0.215,4,2025-03-04;2025-03-11;2025-03-18;2025-03-25,YouGov/Economist,US registered voters,Which of these is the most important issue for you?,https://yougov.com/en-us/trackers/most-important-issues-facing-the-us,CC BY-NC 4.0 (YouGov public data license)
2025-03,dem,Climate change and the environment,two_step,0.11,4,2025-03-04;2025-03-11;2025-03-18;2025-03-25,YouGov/Economist,US registered voters,Which of these is the most important issue for you?,https://yougov.com/en-us/trackers/most-important-issues-facing-the-us,CC BY-NC 4.0 (YouGov public data license)
2025-03,dem,Crime and criminal justice reform,two_step,0.022,4,2025-03-04;2025-03-11;2025-03-18;2025-03-25,YouGov/Economist,US registered voters,Which of these is the most important issue for you?,https://yougov.com/en-us/trackers/most-important-issues-facing-the-us,CC BY-NC 4.0 (YouGov public data license)
2025-03,dem,Education,two_step,0.038,4,2025-03-04;2025-03-11;2025-03-18;2025-03-25,YouGov/Economist,US registered voters,Which of these is the most important issue for you?,https://yougov.com/en-us/trackers/most-important-issues-facing-the-us,CC BY-NC 4.0 (YouGov public data license)
2025-03,dem,Gay rights,two_step,0.0,4,2025-03-04;2025-03-11;2025-03-18;2025-03-25,YouGov/Economist,US registered voters,Which of these is the most important issue for you?,https://yougov.com/en-us/trackers/most-important-issues-facing-the-us,CC BY-NC 4.0 (YouGov public data license)
2025-03,dem,Gun control,two_step,0.025,4,2025-03-04;2025-03-11;2025-03-18;2025-03-25,YouGov/Economist,US registered voters,Which of these is the most important issue for you?,https://yougov.com/en-us/trackers/most-important-issues-facing-the-us,CC BY-NC 4.0 (YouGov public data license)
2025-03,dem,Health care,two_step,0.158,4,2025-03-04;2025-03-11;2025-03-18;2025-03-25,YouGov/Economist,US registered voters,Which of these is the most important issue for you?,https://yougov.com/en-us/trackers/most-important-issues-facing-the-us,CC BY-NC 4.0 (YouGov public data license)
2025-03,dem,Immigration,two_step,0.018,4,2025-03-04;2025-03-11;2025-03-18;2025-03-25,YouGov/Economist,US registered voters,Which of these is the most important issue for you?,https://yougov.com/en-us/trackers/most-important-issues-facing-the-us,CC BY-NC 4.0 (YouGov public data license)
2025-03,dem,Inflation/prices,two_step,0.175,4,2025-03-04;2025-03-11;2025-03-18;2025-03-25,YouGov/Economist,US registered voters,Which of these is the most important issue for you?,https://yougov.com/en-us/trackers/most-important-issues-facing-the-us,CC BY-NC 4.0 (YouGov public data license)
2025-03,dem,Jobs and the economy,two_step,0.112,4,2025-03-04;2025-03-11;2025-03-18;2025-03-25,YouGov/Economist,US registered voters,Which of these is the most important issue for you?,https://yougov.com/en-us/trackers/most-important-issues-facing-the-us,CC BY-NC 4.0 (YouGov public data license)
2025-03,dem,Medicare,two_step,0.0,4,2025-03-04;2025-03-11;2025-03-18;2025-03-25,YouGov/Economist,US registered voters,Which of these is the most important issue for you?,https://yougov.com/en-us/trackers/most-important-issues-facing-the-us,CC BY-NC 4.0 (YouGov public data license)
2025-03,dem,National Security and foreign policy,two_step,0.06,4,2025-03-04;2025-03-11;2025-03-18;2025-03-25,YouGov/Economist,US registered voters,Which of these is the most important issue for you?,https://yougov.com/en-us/trackers/most-important-issues-facing-the-us,CC BY-NC 4.0 (YouGov public data license)
2025-03,dem,Social security,two_step,0.0,4,2025-03-04;2025-03-11;2025-03-18;2025-03-25,YouGov/Economist,US registered voters,Which of these is the most important issue for you?,https://yougov.com/en-us/trackers/most-important-issues-facing-the-us,CC BY-NC 4.0 (YouGov public data license)
2025-03,dem,Taxes and government spending,two_step,0.022,4,2025-03-04;2025-03-11;2025-03-18;2025-03-25,YouGov/Economist,US registered voters,Which of these is the most important issue for you?,https://yougov.com/en-us/trackers/most-important-issues-facing-the-us,CC BY-NC 4.0 (YouGov public data license)
2025-03,dem,Terrorism,two_step,0.0,4,2025-03-04;2025-03-11;2025-03-18;2025-03-25,YouGov/Economist,US registered voters,Which of these is the most important issue for you?,https://yougov.com/en-us/trackers/most-important-issues-facing-the-us,CC BY-NC 4.0 (YouGov public data license)
2025-03,dem,The budget deficit,two_step,0.0,4,2025-03-04;2025-03-11;2025-03-18;2025-03-25,YouGov/Economist,US registered voters,Which of these is the most important issue for you?,https://yougov.com/en-us/trackers/most-important-issues-facing-the-us,CC BY-NC 4.0 (YouGov public data license)
2025-03,dem,The war in Afghanistan,two_step,0.0,4,2025-03-04;2025-03-11;2025-03-18;2025-03-25,YouGov/Economist,US registered voters,Which of these is the most important issue for you?,https://yougov.com/en-us/trackers/most-important-issues-facing-the-us,CC BY-NC 4.0 (YouGov public data license)
2025-03,ind,Abortion,two_step,0.035,4,2025-03-04;2025-03-11;2025-03-18;2025-03-25,YouGov/Economist,US registered voters,Which of these is the most important issue for you?,https://yougov.com/en-us/trackers/most-important-issues-facing-the-us,CC BY-NC 4.0 (YouGov public data license)
2025-03,ind,Civil rights and civil liberties,two_step,0.105,4,2025-03-04;2025-03-11;2025-03-18;2025-03-25,YouGov/Economist,US registered voters,Which of these is the most important issue for you?,https://yougov.com/en-us/trackers/most-important-issues-facing-the-us,CC BY-NC 4.0 (YouGov public data license)
2025-03,ind,Climate change and the environment,two_step,0.065,4,2025-03-04;2025-03-11;2025-03-18;2025-03-25,YouGov/Economist,US registered voters,Which of these is the most important issue for you?,https://yougov.com/en-us/trackers/most-important-issues-facing-the-us,CC BY-NC 4.0 (YouGov public data license)
2025-03,ind,Crime and criminal justice reform,two_step,0.032,4,2025-03-04;2025-03-11;2025-03-18;2025-03-25,YouGov/Economist,US registered voters,Which of these is the most important issue for you?,https://yougov.com/en-us/trackers/most-important-issues-facing-the-us,CC BY-NC 4.0 (YouGov public data license)
2025-03,ind,Education,two_step,0.03,4,2025-03-04;2025-03-11;2025-03-18;2025-03-25,YouGov/Economist,US registered voters,Which of these is the most important issue for you?,https://yougov.com/en-us/trackers/most-important-issues-facing-the-us,CC BY-NC 4.0 (YouGov public data license)
2025-03,ind,Gay rights,two_step,0.0,4,2025-03-04;2025-03-11;2025-03-18;2025-03-25,YouGov/Economist,US registered voters,Which of these is the most important issue for you?,https://yougov.com/en-us/trackers/most-important-issues-facing-the-us,CC BY-NC 4.0 (YouGov public data license)
2025-03,ind,Gun control,two_step,0.018,4,2025-03-04;2025-03-11;2025-03-18;2025-03-25,YouGov/Economist,US registered voters,Which of these is the most important issue for you?,https://yougov.com/en-us/trackers/most-important-issues-facing-the-us,CC BY-NC 4.0 (YouGov public data license)
2025-03,ind,Health care,two_step,0.112,4,2025-03-04;2025-03-11;2025-03-18;2025-03-25,YouGov/Economist,US registered voters,Which of these is the most important issue for you?,https://yougov.com/en-us/trackers/most-important-issues-facing-the-us,CC BY-NC 4.0 (YouGov public data license)
2025-03,ind,Immigration,two_step,0.07,4,2025-03-04;2025-03-11;2025-03-18;2025-03-25,YouGov/Economist,US registered voters,Which of these is the most important issue for you?,https://yougov.com/en-us/trackers/most-important-issues-facing-the-us,CC BY-NC 4.0 (YouGov public data license)
2025-03,ind,Inflation/prices,two_step,0.22,4,2025-03-04;2025-03-11;2025-03-18;2025-03-25,YouGov/Economist,US registered voters,Which of these is the most important issue for you?,https://yougov.com/en-us/trackers/most-important-issues-facing-the-us,CC BY-NC 4.0 (YouGov public data license)
2025-03,ind,Jobs and the economy,two_step,0.115,4,2025-03-04;2025-03-11;2025-03-18;2025-03-25,YouGov/Economist,US registered voters,Which of these is the most important issue for you?,https://yougov.com/en-us/trackers/most-important-issues-facing-the-us,CC BY-NC 4.0 (YouGov public data license)
2025-03,ind,Medicare,two_step,0.0,4,2025-03-04;2025-03-11;2025-03-18;2025-03-25,YouGov/Economist,US registered voters,Which of these is the most important issue for you?,https://yougov.com/en-us/trackers/most-important-issues-facing-the-us,CC BY-NC 4.0 (YouGov public data license)
2025-03,ind,National Security and foreign policy,two_step,0.09,4,2025-03-04;2025-03-11;2025-03-18;2025-03-25,YouGov/Economist,US registered voters,Which of these is the most important issue for you?,https://yougov.com/en-us/trackers/most-important-issues-facing-the-us,CC BY-NC 4.0 (YouGov public data license)
2025-03,ind,Social security,two_step,0.0,4,2025-03-04;2025-03-11;2025-03-18;2025-03-25,YouGov/Economist,US registered voters,Which of these is the most important issue for you?,https://yougov.com/en-us/trackers/most-important-issues-facing-the-us,CC BY-NC 4.0 (YouGov public data license)
2025-03,ind,Taxes and government spending,two_step,0.098,4,2025-03-04;2025-03-11;2025-03-18;2025-03-25,YouGov/Economist,US registered voters,Which of these is the most important issue for you?,https://yougov.com/en-us/trackers/most-important-issues-facing-the-us,CC BY-NC 4.0 (YouGov public data license)
2025-03,ind,Terrorism,two_step,0.0,4,2025-03-04;2025-03-11;2025-03-18;2025-03-25,YouGov/Economist,US registered voters,Which of these is the most important issue for you?,https://yougov.com/en-us/trackers/most-important-issues-facing-the-us,CC BY-NC 4.0 (YouGov public data license)
2025-03,ind,The budget deficit,two_step,0.0,4,2025-03-04;2025-03-11;2025-03-18;2025-03-25,YouGov/Economist,US registered voters,Which of these is the most important issue for you?,https://yougov.com/en-us/trackers/most-important-issues-facing-the-us,CC BY-NC 4.0 (YouGov public data license)
2025-03,ind,The war in Afghanistan,two_step,0.0,4,2025-03-04;2025-03-11;2025-03-18;2025-03-25,YouGov/Economist,US registered voters,Which of these is the most important issue for you?,https://yougov.com/en-us/trackers/most-important-issues-facing-the-us,CC BY-NC 4.0 (YouGov public data license)
2025-03,rep,Abortion,two_step,0.042,4,2025-03-04;2025-03-11;2025-03-18;2025-03-25,YouGov/Economist,US registered voters,Which of these is the most important issue for you?,https://yougov.com/en-us/trackers/most-important-issues-facing-the-us,CC BY-NC 4.0 (YouGov public data license)
2025-03,rep,Civil rights and civil liberties,two_step,0.018,4,2025-03-04;2025-03-11;2025-03-18;2025-03-25,YouGov/Economist,US registered voters,Which of these is the most important issue for you?,https://yougov.com/en-us/trackers/most-important-issues-facing-the-us,CC BY-NC 4.0 (YouGov public data license)
2025-03,rep,Climate change and the environment,two_step,0.01,4,2025-03-04;2025-03-11;2025-03-18;2025-03-25,YouGov/Economist,US registered voters,Which of these is the most important issue for you?,https://yougov.com/en-us/trackers/most-important-issues-facing-the-us,CC BY-NC 4.0 (YouGov public data license)
2025-03,rep,Crime and criminal justice reform,two_step,0.028,4,2025-03-04;2025-03-11;2025-03-18;2025-03-25,YouGov/Economist,US registered voters,Which of these is the most important issue for you?,https://yougov.com/en-us/trackers/most-important-issues-facing-the-us,CC BY-NC 4.0 (YouGov public data license)
2025-03,rep,Education,two_step,0.02,4,2025-03-04;2025-03-11;2025-03-18;2025-03-25,YouGov/Economist,US registered voters,Which of these is the most important issue for you?,https://yougov.com/en-us/trackers/most-important-issues-facing-the-us,CC BY-NC 4.0 (YouGov public data license)
2025-03,rep,Gay rights,two_step,0.0,4,2025-03-04;2025-03-11;2025-03-18;2025-03-25,YouGov/Economist,US registered voters,Which of these is the most important issue for you?,https://yougov.com/en-us/trackers/most-important-issues-facing-the-us,CC BY-NC 4.0 (YouGov public data license)
2025-03,rep,Gun control,two_step,0.02,4,2025-03-04;2025-03-11;2025-03-18;2025-03-25,YouGov/Economist,US registered voters,Which of these is the most important issue for you?,https://yougov.com/en-us/trackers/most-important-issues-facing-the-us,CC BY-NC 4.0 (YouGov public data license)
2025-03,rep,Health care,two_step,0.058,4,2025-03-04;2025-03-11;2025-03-18;2025-03-25,YouGov/Economist,US registered voters,Which of these is the most important issue for you?,https://yougov.com/en-us/trackers/most-important-issues-facing-the-us,CC BY-NC 4.0 (YouGov public data license)
2025-03,rep,Immigration,two_step,0.162,4,2025-03-04;2025-03-11;2025-03-18;2025-03-25,YouGov/Economist,US registered voters,Which of these is the most important issue for you?,https://yougov.com/en-us/trackers/most-important-issues-facing-the-us,CC BY-NC 4.0 (YouGov public data license)
2025-03,rep,Inflation/prices,two_step,0.285,4,2025-03-04;2025-03-11;2025-03-18;2025-03-25,YouGov/Economist,US registered voters,Which of these is the most important issue for you?,https://yougov.com/en-us/trackers/most-important-issues-facing-the-us,CC BY-NC 4.0 (YouGov public data license)
2025-03,rep,Jobs and the economy,two_step,0.115,4,2025-03-04;2025-03-11;2025-03-18;2025-03-25,YouGov/Economist,US registered voters,Which of these is the most important issue for you?,https://yougov.com/en-us/trackers/most-important-issues-facing-the-us,CC BY-NC 4.0 (YouGov public data license)
2025-03,rep,Medicare,two_step,0.0,4,2025-03-04;2025-03-11;2025-03-18;2025-03-25,YouGov/Economist,US registered voters,Which of these is the most important issue for you?,https://yougov.com/en-us/trackers/most-important-issues-facing-the-us,CC BY-NC 4.0 (YouGov public data license)
2025-03,rep,National Security and foreign policy,two_step,0.108,4,2025-03-04;2025-03-11;2025-03-18;2025-03-25,YouGov/Economist,US registered voters,Which of these is the most important issue for you?,https://yougov.com/en-us/trackers/most-important-issues-facing-the-us,CC BY-NC 4.0 (YouGov public data license)
2025-03,rep,Social security,two_step,0.0,4,2025-03-04;2025-03-11;2025-03-18;2025-03-25,YouGov/Economist,US registered voters,Which of these is the most important issue for you?,https://yougov.com/en-us/trackers/most-important-issues-facing-the-us,CC BY-NC 4.0 (YouGov public data license)
2025-03,rep,Taxes and government spending,two_step,0.125,4,2025-03-04;2025-03-11;2025-03-18;2025-03-25,YouGov/Economist,US registered voters,Which of these is the most important issue for you?,https://yougov.com/en-us/trackers/most-important-issues-facing-the-us,CC BY-NC 4.0 (YouGov public data license)
2025-03,rep,Terrorism,two_step,0.0,4,2025-03-04;2025-03-11;2025-03-18;2025-03-25,YouGov/Economist,US registered voters,Which of these is the most important issue for you?,https://yougov.com/en-us/trackers/most-important-issues-facing-the-us,CC BY-NC 4.0 (YouGov public data license)
2025-03,rep,The budget deficit,two_step,0.0,4,2025-03-04;2025-03-11;2025-03-18;2025-03-25,YouGov/Economist,US registered voters,Which of these is the most important issue for you?,https://yougov.com/en-us/trackers/most-important-issues-facing-the-us,CC BY-NC 4.0 (YouGov public data license)
2025-03,rep,The war in Afghanistan,two_step,0.0,4,2025-03-04;2025-03-11;2025-03-18;2025-03-25,YouGov/Economist,US registered voters,Which of these is the most important issue for you?,https://yougov.com/en-us/trackers/most-important-issues-facing-the-us,CC BY-NC 4.0 (YouGov public data license)
2025-04,all_rv,Abortion,two_step,0.034,5,2025-04-01;2025-04-07;2025-04-14;2025-04-22;2025-04-28,YouGov/Economist,US registered voters,Which of these is the most important issue for you?,https://yougov.com/en-us/trackers/most-important-issues-facing-the-us,CC BY-NC 4.0 (YouGov public data license)
2025-04,all_rv,Civil rights and civil liberties,two_step,0.14,5,2025-04-01;2025-04-07;2025-04-14;2025-04-22;2025-04-28,YouGov/Economist,US registered voters,Which of these is the most important issue for you?,https://yougov.com/en-us/trackers/most-important-issues-facing-the-us,CC BY-NC 4.0 (YouGov public data license)
2025-04,all_rv,Climate change and the environment,two_step,0.064,5,2025-04-01;2025-04-07;2025-04-14;2025-04-22;2025-04-28,YouGov/Economist,US registered voters,Which of these is the most important issue for you?,https://yougov.com/en-us/trackers/most-important-issues-facing-the-us,CC BY-NC 4.0 (YouGov public data license)
2025-04,all_rv,Crime and criminal justice reform,two_step,0.03,5,2025-04-01;2025-04-07;2025-04-14;2025-04-22;2025-04-28,YouGov/Economist,US registered voters,Which of these is the most important issue for you?,https://yougov.com/en-us/trackers/most-important-issues-facing-the-us,CC BY-NC 4.0 (YouGov public data license)
2025-04,all_rv,Education,two_step,0.028,5,2025-04-01;2025-04-07;2025-04-14;2025-04-22;2025-04-28,YouGov/Economist,US registered voters,Which of these is the most important issue for you?,https://yougov.com/en-us/trackers/most-important-issues-facing-the-us,CC BY-NC 4.0 (YouGov public data license)
2025-04,all_rv,Gay rights,two_step,0.0,5,2025-04-01;2025-04-07;2025-04-14;2025-04-22;2025-04-28,YouGov/Economist,US registered voters,Which of these is the most important issue for you?,https://yougov.com/en-us/trackers/most-important-issues-facing-the-us,CC BY-NC 4.0 (YouGov public data license)
2025-04,all_rv,Gun control,two_step,0.02,5,2025-04-01;2025-04-07;2025-04-14;2025-04-22;2025-04-28,YouGov/Economist,US registered voters,Which of these is the most important issue for you?,https://yougov.com/en-us/trackers/most-important-issues-facing-the-us,CC BY-NC 4.0 (YouGov public data license)
2025-04,all_rv,Health care,two_step,0.096,5,2025-04-01;2025-04-07;2025-04-14;2025-04-22;2025-04-28,YouGov/Economist,US registered voters,Which of these is the most important issue for you?,https://yougov.com/en-us/trackers/most-important-issues-facing-the-us,CC BY-NC 4.0 (YouGov public data license)
2025-04,all_rv,Immigration,two_step,0.08,5,2025-04-01;2025-04-07;2025-04-14;2025-04-22;2025-04-28,YouGov/Economist,US registered voters,Which of these is the most important issue for you?,https://yougov.com/en-us/trackers/most-important-issues-facing-the-us,CC BY-NC 4.0 (YouGov public data license)
2025-04,all_rv,Inflation/prices,two_step,0.226,5,2025-04-01;2025-04-07;2025-04-14;2025-04-22;2025-04-28,YouGov/Economist,US registered voters,Which of these is the most important issue for you?,https://yougov.com/en-us/trackers/most-important-issues-facing-the-us,CC BY-NC 4.0 (YouGov public data license)
2025-04,all_rv,Jobs and the economy,two_step,0.12,5,2025-04-01;2025-04-07;2025-04-14;2025-04-22;2025-04-28,YouGov/Economist,US registered voters,Which of these is the most important issue for you?,https://yougov.com/en-us/trackers/most-important-issues-facing-the-us,CC BY-NC 4.0 (YouGov public data license)
2025-04,all_rv,Medicare,two_step,0.0,5,2025-04-01;2025-04-07;2025-04-14;2025-04-22;2025-04-28,YouGov/Economist,US registered voters,Which of these is the most important issue for you?,https://yougov.com/en-us/trackers/most-important-issues-facing-the-us,CC BY-NC 4.0 (YouGov public data license)
2025-04,all_rv,National Security and foreign policy,two_step,0.076,5,2025-04-01;2025-04-07;2025-04-14;2025-04-22;2025-04-28,YouGov/Economist,US registered voters,Which of these is the most important issue for you?,https://yougov.com/en-us/trackers/most-important-issues-facing-the-us,CC BY-NC 4.0 (YouGov public data license)
2025-04,all_rv,Social security,two_step,0.0,5,2025-04-01;2025-04-07;2025-04-14;2025-04-22;2025-04-28,YouGov/Economist,US registered voters,Which of these is the most important issue for you?,https://yougov.com/en-us/trackers/most-important-issues-facing-the-us,CC BY-NC 4.0 (YouGov public data license)
2025-04,all_rv,Taxes and government spending,two_step,0.084,5,2025-04-01;2025-04-07;2025-04-14;2025-04-22;2025-04-28,YouGov/Economist,US registered voters,Which of these is the most important issue for you?,https://yougov.com/en-us/trackers/most-important-issues-facing-the-us,CC BY-NC 4.0 (YouGov public data license)
2025-04,all_rv,Terrorism,two_step,0.0,5,2025-04-01;2025-04-07;2025-04-14;2025-04-22;2025-04-28,YouGov/Economist,US registered voters,Which of these is the most important issue for you?,https://yougov.com/en-us/trackers/most-important-issues-facing-the-us,CC BY-NC 4.0 (YouGov public data license)
2025-04,all_rv,The budget deficit,two_step,0.0,5,2025-04-01;2025-04-07;2025-04-14;2025-04-22;2025-04-28,YouGov/Economist,US registered voters,Which of these is the most important issue for you?,https://yougov.com/en-us/trackers/most-important-issues-facing-the-us,CC BY-NC 4.0 (YouGov public data license)
2025-04,all_rv,The war in Afghanistan,two_step,0.0,5,2025-04-01;2025-04-07;2025-04-14;2025-04-22;2025-04-28,YouGov/Economist,US registered voters,Which of these is the most important issue for you?,https://yougov.com/en-us/trackers/most-important-issues-facing-the-us,CC BY-NC 4.0 (YouGov public data license)
2025-04,dem,Abortion,two_step,0.042,5,2025-04-01;2025-04-07;2025-04-14;2025-04-22;2025-04-28,YouGov/Economist,US registered voters,Which of these is the most important issue for you?,https://yougov.com/en-us/trackers/most-important-issues-facing-the-us,CC BY-NC 4.0 (YouGov public data license)
2025-04,dem,Civil rights and civil liberties,two_step,0.248,5,2025-04-01;2025-04-07;2025-04-14;2025-04-22;2025-04-28,YouGov/Economist,US registered voters,Which of these is the most important issue for you?,https://yougov.com/en-us/trackers/most-important-issues-facing-the-us,CC BY-NC 4.0 (YouGov public data license)
2025-04,dem,Climate change and the environment,two_step,0.11,5,2025-04-01;2025-04-07;2025-04-14;2025-04-22;2025-04-28,YouGov/Economist,US registered voters,Which of these is the most important issue for you?,https://yougov.com/en-us/trackers/most-important-issues-facing-the-us,CC BY-NC 4.0 (YouGov public data license)
2025-04,dem,Crime and criminal justice reform,two_step,0.02,5,2025-04-01;2025-04-07;2025-04-14;2025-04-22;2025-04-28,YouGov/Economist,US registered voters,Which of these is the most important issue for you?,https://yougov.com/en-us/trackers/most-important-issues-facing-the-us,CC BY-NC 4.0 (YouGov public data license)
2025-04,dem,Education,two_step,0.042,5,2025-04-01;2025-04-07;2025-04-14;2025-04-22;2025-04-28,YouGov/Economist,US registered voters,Which of these is the most important issue for you?,https://yougov.com/en-us/trackers/most-important-issues-facing-the-us,CC BY-NC 4.0 (YouGov public data license)
2025-04,dem,Gay rights,two_step,0.0,5,2025-04-01;2025-04-07;2025-04-14;2025-04-22;2025-04-28,YouGov/Economist,US registered voters,Which of these is the most important issue for you?,https://yougov.com/en-us/trackers/most-important-issues-facing-the-us,CC BY-NC 4.0 (YouGov public data license)
2025-04,dem,Gun control,two_step,0.024,5,2025-04-01;2025-04-07;2025-04-14;2025-04-22;2025-04-28,YouGov/Economist,US registered voters,Which of these is the most important issue for you?,https://yougov.com/en-us/trackers/most-important-issues-facing-the-us,CC BY-NC 4.0 (YouGov public data license)
2025-04,dem,Health care,two_step,0.144,5,2025-04-01;2025-04-07;2025-04-14;2025-04-22;2025-04-28,YouGov/Economist,US registered voters,Which of these is the most important issue for you?,https://yougov.com/en-us/trackers/most-important-issues-facing-the-us,CC BY-NC 4.0 (YouGov public data license)
2025-04,dem,Immigration,two_step,0.014,5,2025-04-01;2025-04-07;2025-04-14;2025-04-22;2025-04-28,YouGov/Economist,US registered voters,Which of these is the most important issue for you?,https://yougov.com/en-us/trackers/most-important-issues-facing-the-us,CC BY-NC 4.0 (YouGov public data license)
2025-04,dem,Inflation/prices,two_step,0.194,5,2025-04-01;2025-04-07;2025-04-14;2025-04-22;2025-04-28,YouGov/Economist,US registered voters,Which of these is the most important issue for you?,https://yougov.com/en-us/trackers/most-important-issues-facing-the-us,CC BY-NC 4.0 (YouGov public data license)
2025-04,dem,Jobs and the economy,two_step,0.108,5,2025-04-01;2025-04-07;2025-04-14;2025-04-22;2025-04-28,YouGov/Economist,US registered voters,Which of these is the most important issue for you?,https://yougov.com/en-us/trackers/most-important-issues-facing-the-us,CC BY-NC 4.0 (YouGov public data license)
2025-04,dem,Medicare,two_step,0.0,5,2025-04-01;2025-04-07;2025-04-14;2025-04-22;2025-04-28,YouGov/Economist,US registered voters,Which of these is the most important issue for you?,https://yougov.com/en-us/trackers/most-important-issues-facing-the-us,CC BY-NC 4.0 (YouGov public data license)
2025-04,dem,National Security and foreign policy,two_step,0.038,5,2025-04-01;2025-04-07;2025-04-14;2025-04-22;2025-04-28,YouGov/Economist,US registered voters,Which of these is the most important issue for you?,https://yougov.com/en-us/trackers/most-important-issues-facing-the-us,CC BY-NC 4.0 (YouGov public data license)
2025-04,dem,Social security,two_step,0.0,5,2025-04-01;2025-04-07;2025-04-14;2025-04-22;2025-04-28,YouGov/Economist,US registered voters,Which of these is the most important issue for you?,https://yougov.com/en-us/trackers/most-important-issues-facing-the-us,CC BY-NC 4.0 (YouGov public data license)
2025-04,dem,Taxes and government spending,two_step,0.02,5,2025-04-01;2025-04-07;2025-04-14;2025-04-22;2025-04-28,YouGov/Economist,US registered voters,Which of these is the most important issue for you?,https://yougov.com/en-us/trackers/most-important-issues-facing-the-us,CC BY-NC 4.0 (YouGov public data license)
2025-04,dem,Terrorism,two_step,0.0,5,2025-04-01;2025-04-07;2025-04-14;2025-04-22;2025-04-28,YouGov/Economist,US registered voters,Which of these is the most important issue for you?,https://yougov.com/en-us/trackers/most-important-issues-facing-the-us,CC BY-NC 4.0 (YouGov public data license)
2025-04,dem,The budget deficit,two_step,0.0,5,2025-04-01;2025-04-07;2025-04-14;2025-04-22;2025-04-28,YouGov/Economist,US registered voters,Which of these is the most important issue for you?,https://yougov.com/en-us/trackers/most-important-issues-facing-the-us,CC BY-NC 4.0 (YouGov public data license)
2025-04,dem,The war in Afghanistan,two_step,0.0,5,2025-04-01;2025-04-07;2025-04-14;2025-04-22;2025-04-28,YouGov/Economist,US registered voters,Which of these is the most important issue for you?,https://yougov.com/en-us/trackers/most-important-issues-facing-the-us,CC BY-NC 4.0 (YouGov public data license)
2025-04,ind,Abortion,two_step,0.022,5,2025-04-01;2025-04-07;2025-04-14;2025-04-22;2025-04-28,YouGov/Economist,US registered voters,Which of these is the most important issue for you?,https://yougov.com/en-us/trackers/most-important-issues-facing-the-us,CC BY-NC 4.0 (YouGov public data license)
2025-04,ind,Civil rights and civil liberties,two_step,0.174,5,2025-04-01;2025-04-07;2025-04-14;2025-04-22;2025-04-28,YouGov/Economist,US registered voters,Which of these is the most important issue for you?,https://yougov.com/en-us/trackers/most-important-issues-facing-the-us,CC BY-NC 4.0 (YouGov public data license)
2025-04,ind,Climate change and the environment,two_step,0.078,5,2025-04-01;2025-04-07;2025-04-14;2025-04-22;2025-04-28,YouGov/Economist,US registered voters,Which of these is the most important issue for you?,https://yougov.com/en-us/trackers/most-important-issues-facing-the-us,CC BY-NC 4.0 (YouGov public data license)
2025-04,ind,Crime and criminal justice reform,two_step,0.03,5,2025-04-01;2025-04-07;2025-04-14;2025-04-22;2025-04-28,YouGov/Economist,US registered voters,Which of these is the most important issue for you?,https://yougov.com/en-us/trackers/most-important-issues-facing-the-us,CC BY-NC 4.0 (YouGov public data license)
2025-04,ind,Education,two_step,0.022,5,2025-04-01;2025-04-07;2025-04-14;2025-04-22;2025-04-28,YouGov/Economist,US registered voters,Which of these is the most important issue for you?,https://yougov.com/en-us/trackers/most-important-issues-facing-the-us,CC BY-NC 4.0 (YouGov public data license)
2025-04,ind,Gay rights,two_step,0.0,5,2025-04-01;2025-04-07;2025-04-14;2025-04-22;2025-04-28,YouGov/Economist,US registered voters,Which of these is the most important issue for you?,https://yougov.com/en-us/trackers/most-important-issues-facing-the-us,CC BY-NC 4.0 (YouGov public data license)
2025-04,ind,Gun control,two_step,0.018,5,2025-04-01;2025-04-07;2025-04-14;2025-04-22;2025-04-28,YouGov/Economist,US registered voters,Which of these is the most important issue for you?,https://yougov.com/en-us/trackers/most-important-issues-facing-the-us,CC BY-NC 4.0 (YouGov public data license)
2025-04,ind,Health care,two_step,0.094,5,2025-04-01;2025-04-07;2025-04-14;2025-04-22;2025-04-28,YouGov/Economist,US registered voters,Which of these is the most important issue for you?,https://yougov.com/en-us/trackers/most-important-issues-facing-the-us,CC BY-NC 4.0 (YouGov public data license)
2025-04,ind,Immigration,two_step,0.062,5,2025-04-01;2025-04-07;2025-04-14;2025-04-22;2025-04-28,YouGov/Economist,US registered voters,Which of these is the most important issue for you?,https://yougov.com/en-us/trackers/most-important-issues-facing-the-us,CC BY-NC 4.0 (YouGov public data license)
2025-04,ind,Inflation/prices,two_step,0.208,5,2025-04-01;2025-04-07;2025-04-14;2025-04-22;2025-04-28,YouGov/Economist,US registered voters,Which of these is the most important issue for you?,https://yougov.com/en-us/trackers/most-important-issues-facing-the-us,CC BY-NC 4.0 (YouGov public data license)
2025-04,ind,Jobs and the economy,two_step,0.122,5,2025-04-01;2025-04-07;2025-04-14;2025-04-22;2025-04-28,YouGov/Economist,US registered voters,Which of these is the most important issue for you?,https://yougov.com/en-us/trackers/most-important-issues-facing-the-us,CC BY-NC 4.0 (YouGov public data license)
2025-04,ind,Medicare,two_step,0.0,5,2025-04-01;2025-04-07;2025-04-14;2025-04-22;2025-04-28,YouGov/Economist,US registered voters,Which of these is the most important issue for you?,https://yougov.com/en-us/trackers/most-important-issues-facing-the-us,CC BY-NC 4.0 (YouGov public data license)
2025-04,ind,National Security and foreign policy,two_step,0.068,5,2025-04-01;2025-04-07;2025-04-14;2025-04-22;2025-04-28,YouGov/Economist,US registered voters,Which of these is the most important issue for you?,https://yougov.com/en-us/trackers/most-important-issues-facing-the-us,CC BY-NC 4.0 (YouGov public data license)
2025-04,ind,Social security,two_step,0.0,5,2025-04-01;2025-04-07;2025-04-14;2025-04-22;2025-04-28,YouGov/Economist,US registered voters,Which of these is the most important issue for you?,https://yougov.com/en-us/trackers/most-important-issues-facing-the-us,CC BY-NC 4.0 (YouGov public data license)
2025-04,ind,Taxes and government spending,two_step,0.096,5,2025-04-01;2025-04-07;2025-04-14;2025-04-22;2025-04-28,YouGov/Economist,US registered voters,Which of these is the most important issue for you?,https://yougov.com/en-us/trackers/most-important-issues-facing-the-us,CC BY-NC 4.0 (YouGov public data license)
2025-04,ind,Terrorism,two_step,0.0,5,2025-04-01;2025-04-07;2025-04-14;2025-04-22;2025-04-28,YouGov/Economist,US registered voters,Which of these is the most important issue for you?,https://yougov.com/en-us/trackers/most-important-issues-facing-the-us,CC BY-NC 4.0 (YouGov public data license)
2025-04,ind,The budget deficit,two_step,0.0,5,2025-04-01;2025-04-07;2025-04-14;2025-04-22;2025-04-28,YouGov/Economist,US registered voters,Which of these is the most important issue for you?,https://yougov.com/en-us/trackers/most-important-issues-facing-the-us,CC BY-NC 4.0 (YouGov public data license)
2025-04,ind,The war in Afghanistan,two_step,0.0,5,2025-04-01;2025-04-07;2025-04-14;2025-04-22;2025-04-28,YouGov/Economist,US registered voters,Which of these is the most important issue for you?,https://yougov.com/en-us/trackers/most-important-issues-facing-the-us,CC BY-NC 4.0 (YouGov public data license)
2025-04,rep,Abortion,two_step,0.04,5,2025-04-01;2025-04-07;2025-04-14;2025-04-22;2025-04-28,YouGov/Economist,US registered voters,Which of these is the most important issue for you?,https://yougov.com/en-us/trackers/most-important-issues-facing-the-us,CC BY-NC 4.0 (YouGov public data license)
2025-04,rep,Civil rights and civil liberties,two_step,0.016,5,2025-04-01;2025-04-07;2025-04-14;2025-04-22;2025-04-28,YouGov/Economist,US registered voters,Which of these is the most important issue for you?,https://yougov.com/en-us/trackers/most-important-issues-facing-the-us,CC BY-NC 4.0 (YouGov public data license)
2025-04,rep,Climate change and the environment,two_step,0.01,5,2025-04-01;2025-04-07;2025-04-14;2025-04-22;2025-04-28,YouGov/Economist,US registered voters,Which of these is the most important issue for you?,https://yougov.com/en-us/trackers/most-important-issues-facing-the-us,CC BY-NC 4.0 (YouGov public data license)
2025-04,rep,Crime and criminal justice reform,two_step,0.03,5,2025-04-01;2025-04-07;2025-04-14;2025-04-22;2025-04-28,YouGov/Economist,US registered voters,Which of these is the most important issue for you?,https://yougov.com/en-us/trackers/most-important-issues-facing-the-us,CC BY-NC 4.0 (YouGov public data license)
2025-04,rep,Education,two_step,0.018,5,2025-04-01;2025-04-07;2025-04-14;2025-04-22;2025-04-28,YouGov/Economist,US registered voters,Which of these is the most important issue for you?,https://yougov.com/en-us/trackers/most-important-issues-facing-the-us,CC BY-NC 4.0 (YouGov public data license)
2025-04,rep,Gay rights,two_step,0.0,5,2025-04-01;2025-04-07;2025-04-14;2025-04-22;2025-04-28,YouGov/Economist,US registered voters,Which of these is the most important issue for you?,https://yougov.com/en-us/trackers/most-important-issues-facing-the-us,CC BY-NC 4.0 (YouGov public data license)
2025-04,rep,Gun control,two_step,0.026,5,2025-04-01;2025-04-07;2025-04-14;2025-04-22;2025-04-28,YouGov/Economist,US registered voters,Which of these is the most important issue for you?,https://yougov.com/en-us/trackers/most-important-issues-facing-the-us,CC BY-NC 4.0 (YouGov public data license)
2025-04,rep,Health care,two_step,0.05,5,2025-04-01;2025-04-07;2025-04-14;2025-04-22;2025-04-28,YouGov/Economist,US registered voters,Which of these is the most important issue for you?,https://yougov.com/en-us/trackers/most-important-issues-facing-the-us,CC BY-NC 4.0 (YouGov public data license)
2025-04,rep,Immigration,two_step,0.158,5,2025-04-01;2025-04-07;2025-04-14;2025-04-22;2025-04-28,YouGov/Economist,US registered voters,Which of these is the most important issue for you?,https://yougov.com/en-us/trackers/most-important-issues-facing-the-us,CC BY-NC 4.0 (YouGov public data license)
2025-04,rep,Inflation/prices,two_step,0.268,5,2025-04-01;2025-04-07;2025-04-14;2025-04-22;2025-04-28,YouGov/Economist,US registered voters,Which of these is the most important issue for you?,https://yougov.com/en-us/trackers/most-important-issues-facing-the-us,CC BY-NC 4.0 (YouGov public data license)
2025-04,rep,Jobs and the economy,two_step,0.132,5,2025-04-01;2025-04-07;2025-04-14;2025-04-22;2025-04-28,YouGov/Economist,US registered voters,Which of these is the most important issue for you?,https://yougov.com/en-us/trackers/most-important-issues-facing-the-us,CC BY-NC 4.0 (YouGov public data license)
2025-04,rep,Medicare,two_step,0.0,5,2025-04-01;2025-04-07;2025-04-14;2025-04-22;2025-04-28,YouGov/Economist,US registered voters,Which of these is the most important issue for you?,https://yougov.com/en-us/trackers/most-important-issues-facing-the-us,CC BY-NC 4.0 (YouGov public data license)
2025-04,rep,National Security and foreign policy,two_step,0.116,5,2025-04-01;2025-04-07;2025-04-14;2025-04-22;2025-04-28,YouGov/Economist,US registered voters,Which of these is the most important issue for you?,https://yougov.com/en-us/trackers/most-important-issues-facing-the-us,CC BY-NC 4.0 (YouGov public data license)
2025-04,rep,Social security,two_step,0.0,5,2025-04-01;2025-04-07;2025-04-14;2025-04-22;2025-04-28,YouGov/Economist,US registered voters,Which of these is the most important issue for you?,https://yougov.com/en-us/trackers/most-important-issues-facing-the-us,CC BY-NC 4.0 (YouGov public data license)
2025-04,rep,Taxes and government spending,two_step,0.134,5,2025-04-01;2025-04-07;2025-04-14;2025-04-22;2025-04-28,YouGov/Economist,US registered voters,Which of these is the most important issue for you?,https://yougov.com/en-us/trackers/most-important-issues-facing-the-us,CC BY-NC 4.0 (YouGov public data license)
2025-04,rep,Terrorism,two_step,0.0,5,2025-04-01;2025-04-07;2025-04-14;2025-04-22;2025-04-28,YouGov/Economist,US registered voters,Which of these is the most important issue for you?,https://yougov.com/en-us/trackers/most-important-issues-facing-the-us,CC BY-NC 4.0 (YouGov public data license)
2025-04,rep,The budget deficit,two_step,0.0,5,2025-04-01;2025-04-07;2025-04-14;2025-04-22;2025-04-28,YouGov/Economist,US registered voters,Which of these is the most important issue for you?,https://yougov.com/en-us/trackers/most-important-issues-facing-the-us,CC BY-NC 4.0 (YouGov public data license)
2025-04,rep,The war in Afghanistan,two_step,0.0,5,2025-04-01;2025-04-07;2025-04-14;2025-04-22;2025-04-28,YouGov/Economist,US registered voters,Which of these is the most important issue for you?,https://yougov.com/en-us/trackers/most-important-issues-facing-the-us,CC BY-NC 4.0 (YouGov public data license)
2025-05,all_rv,Abortion,two_step,0.028,4,2025-05-04;2025-05-12;2025-05-19;2025-05-26,YouGov/Economist,US registered voters,Which of these is the most important issue for you?,https://yougov.com/en-us/trackers/most-important-issues-facing-the-us,CC BY-NC 4.0 (YouGov public data license)
2025-05,all_rv,Civil rights and civil liberties,two_step,0.132,4,2025-05-04;2025-05-12;2025-05-19;2025-05-26,YouGov/Economist,US registered voters,Which of these is the most important issue for you?,https://yougov.com/en-us/trackers/most-important-issues-facing-the-us,CC BY-NC 4.0 (YouGov public data license)
2025-05,all_rv,Climate change and the environment,two_step,0.07,4,2025-05-04;2025-05-12;2025-05-19;2025-05-26,YouGov/Economist,US registered voters,Which of these is the most important issue for you?,https://yougov.com/en-us/trackers/most-important-issues-facing-the-us,CC BY-NC 4.0 (YouGov public data license)
2025-05,all_rv,Crime and criminal justice reform,two_step,0.032,4,2025-05-04;2025-05-12;2025-05-19;2025-05-26,YouGov/Economist,US registered voters,Which of these is the most important issue for you?,https://yougov.com/en-us/trackers/most-important-issues-facing-the-us,CC BY-NC 4.0 (YouGov public data license)
2025-05,all_rv,Education,two_step,0.03,4,2025-05-04;2025-05-12;2025-05-19;2025-05-26,YouGov/Economist,US registered voters,Which of these is the most important issue for you?,https://yougov.com/en-us/trackers/most-important-issues-facing-the-us,CC BY-NC 4.0 (YouGov public data license)
2025-05,all_rv,Gay rights,two_step,0.0,4,2025-05-04;2025-05-12;2025-05-19;2025-05-26,YouGov/Economist,US registered voters,Which of these is the most important issue for you?,https://yougov.com/en-us/trackers/most-important-issues-facing-the-us,CC BY-NC 4.0 (YouGov public data license)
2025-05,all_rv,Gun control,two_step,0.02,4,2025-05-04;2025-05-12;2025-05-19;2025-05-26,YouGov/Economist,US registered voters,Which of these is the most important issue for you?,https://yougov.com/en-us/trackers/most-important-issues-facing-the-us,CC BY-NC 4.0 (YouGov public data license)
2025-05,all_rv,Health care,two_step,0.105,4,2025-05-04;2025-05-12;2025-05-19;2025-05-26,YouGov/Economist,US registered voters,Which of these is the most important issue for you?,https://yougov.com/en-us/trackers/most-important-issues-facing-the-us,CC BY-NC 4.0 (YouGov public data license)
2025-05,all_rv,Immigration,two_step,0.08,4,2025-05-04;2025-05-12;2025-05-19;2025-05-26,YouGov/Economist,US registered voters,Which of these is the most important issue for you?,https://yougov.com/en-us/trackers/most-important-issues-facing-the-us,CC BY-NC 4.0 (YouGov public data license)
2025-05,all_rv,Inflation/prices,two_step,0.22,4,2025-05-04;2025-05-12;2025-05-19;2025-05-26,YouGov/Economist,US registered voters,Which of these is the most important issue for you?,https://yougov.com/en-us/trackers/most-important-issues-facing-the-us,CC BY-NC 4.0 (YouGov public data license)
2025-05,all_rv,Jobs and the economy,two_step,0.135,4,2025-05-04;2025-05-12;2025-05-19;2025-05-26,YouGov/Economist,US registered voters,Which of these is the most important issue for you?,https://yougov.com/en-us/trackers/most-important-issues-facing-the-us,CC BY-NC 4.0 (YouGov public data license)
2025-05,all_rv,Medicare,two_step,0.0,4,2025-05-04;2025-05-12;2025-05-19;2025-05-26,YouGov/Economist,US registered voters,Which of these is the most important issue for you?,https://yougov.com/en-us/trackers/most-important-issues-facing-the-us,CC BY-NC 4.0 (YouGov public data license)
2025-05,all_rv,National Security and foreign policy,two_step,0.075,4,2025-05-04;2025-05-12;2025-05-19;2025-05-26,YouGov/Economist,US registered voters,Which of these is the most important issue for you?,https://yougov.com/en-us/trackers/most-important-issues-facing-the-us,CC BY-NC 4.0 (YouGov public data license)
2025-05,all_rv,Social security,two_step,0.0,4,2025-05-04;2025-05-12;2025-05-19;2025-05-26,YouGov/Economist,US registered voters,Which of these is the most important issue for you?,https://yougov.com/en-us/trackers/most-important-issues-facing-the-us,CC BY-NC 4.0 (YouGov public data license)
2025-05,all_rv,Taxes and government spending,two_step,0.078,4,2025-05-04;2025-05-12;2025-05-19;2025-05-26,YouGov/Economist,US registered voters,Which of these is the most important issue for you?,https://yougov.com/en-us/trackers/most-important-issues-facing-the-us,CC BY-NC 4.0 (YouGov public data license)
2025-05,all_rv,Terrorism,two_step,0.0,4,2025-05-04;2025-05-12;2025-05-19;2025-05-26,YouGov/Economist,US registered voters,Which of these is the most important issue for you?,https://yougov.com/en-us/trackers/most-important-issues-facing-the-us,CC BY-NC 4.0 (YouGov public data license)
2025-05,all_rv,The budget deficit,two_step,0.0,4,2025-05-04;2025-05-12;2025-05-19;2025-05-26,YouGov/Economist,US registered voters,Which of these is the most important issue for you?,https://yougov.com/en-us/trackers/most-important-issues-facing-the-us,CC BY-NC 4.0 (YouGov public data license)
2025-05,all_rv,The war in Afghanistan,two_step,0.0,4,2025-05-04;2025-05-12;2025-05-19;2025-05-26,YouGov/Economist,US registered voters,Which of these is the most important issue for you?,https://yougov.com/en-us/trackers/most-important-issues-facing-the-us,CC BY-NC 4.0 (YouGov public data license)
2025-05,dem,Abortion,two_step,0.032,4,2025-05-04;2025-05-12;2025-05-19;2025-05-26,YouGov/Economist,US registered voters,Which of these is the most important issue for you?,https://yougov.com/en-us/trackers/most-important-issues-facing-the-us,CC BY-NC 4.0 (YouGov public data license)
2025-05,dem,Civil rights and civil liberties,two_step,0.235,4,2025-05-04;2025-05-12;2025-05-19;2025-05-26,YouGov/Economist,US registered voters,Which of these is the most important issue for you?,https://yougov.com/en-us/trackers/most-important-issues-facing-the-us,CC BY-NC 4.0 (YouGov public data license)
2025-05,dem,Climate change and the environment,two_step,0.108,4,2025-05-04;2025-05-12;2025-05-19;2025-05-26,YouGov/Economist,US registered voters,Which of these is the most important issue for you?,https://yougov.com/en-us/trackers/most-important-issues-facing-the-us,CC BY-NC 4.0 (YouGov public data license)
2025-05,dem,Crime and criminal justice reform,two_step,0.028,4,2025-05-04;2025-05-12;2025-05-19;2025-05-26,YouGov/Economist,US registered voters,Which of these is the most important issue for you?,https://yougov.com/en-us/trackers/most-important-issues-facing-the-us,CC BY-NC 4.0 (YouGov public data license)
2025-05,dem,Education,two_step,0.038,4,2025-05-04;2025-05-12;2025-05-19;2025-05-26,YouGov/Economist,US registered voters,Which of these is the most important issue for you?,https://yougov.com/en-us/trackers/most-important-issues-facing-the-us,CC BY-NC 4.0 (YouGov public data license)
2025-05,dem,Gay rights,two_step,0.0,4,2025-05-04;2025-05-12;2025-05-19;2025-05-26,YouGov/Economist,US registered voters,Which of these is the most important issue for you?,https://yougov.com/en-us/trackers/most-important-issues-facing-the-us,CC BY-NC 4.0 (YouGov public data license)
2025-05,dem,Gun control,two_step,0.018,4,2025-05-04;2025-05-12;2025-05-19;2025-05-26,YouGov/Economist,US registered voters,Which of these is the most important issue for you?,https://yougov.com/en-us/trackers/most-important-issues-facing-the-us,CC BY-NC 4.0 (YouGov public data license)
2025-05,dem,Health care,two_step,0.138,4,2025-05-04;2025-05-12;2025-05-19;2025-05-26,YouGov/Economist,US registered voters,Which of these is the most important issue for you?,https://yougov.com/en-us/trackers/most-important-issues-facing-the-us,CC BY-NC 4.0 (YouGov public data license)
2025-05,dem,Immigration,two_step,0.02,4,2025-05-04;2025-05-12;2025-05-19;2025-05-26,YouGov/Economist,US registered voters,Which of these is the most important issue for you?,https://yougov.com/en-us/trackers/most-important-issues-facing-the-us,CC BY-NC 4.0 (YouGov public data license)
2025-05,dem,Inflation/prices,two_step,0.18,4,2025-05-04;2025-05-12;2025-05-19;2025-05-26,YouGov/Economist,US registered voters,Which of these is the most important issue for you?,https://yougov.com/en-us/trackers/most-important-issues-facing-the-us,CC BY-NC 4.0 (YouGov public data license)
2025-05,dem,Jobs and the economy,two_step,0.135,4,2025-05-04;2025-05-12;2025-05-19;2025-05-26,YouGov/Economist,US registered voters,Which of these is the most important issue for you?,https://yougov.com/en-us/trackers/most-important-issues-facing-the-us,CC BY-NC 4.0 (YouGov public data license)
2025-05,dem,Medicare,two_step,0.0,4,2025-05-04;2025-05-12;2025-05-19;2025-05-26,YouGov/Economist,US registered voters,Which of these is the most important issue for you?,https://yougov.com/en-us/trackers/most-important-issues-facing-the-us,CC BY-NC 4.0 (YouGov public data license)
2025-05,dem,National Security and foreign policy,two_step,0.045,4,2025-05-04;2025-05-12;2025-05-19;2025-05-26,YouGov/Economist,US registered voters,Which of these is the most important issue for you?,https://yougov.com/en-us/trackers/most-important-issues-facing-the-us,CC BY-NC 4.0 (YouGov public data license)
2025-05,dem,Social security,two_step,0.0,4,2025-05-04;2025-05-12;2025-05-19;2025-05-26,YouGov/Economist,US registered voters,Which of these is the most important issue for you?,https://yougov.com/en-us/trackers/most-important-issues-facing-the-us,CC BY-NC 4.0 (YouGov public data license)
2025-05,dem,Taxes and government spending,two_step,0.02,4,2025-05-04;2025-05-12;2025-05-19;2025-05-26,YouGov/Economist,US registered voters,Which of these is the most important issue for you?,https://yougov.com/en-us/trackers/most-important-issues-facing-the-us,CC BY-NC 4.0 (YouGov public data license)
2025-05,dem,Terrorism,two_step,0.0,4,2025-05-04;2025-05-12;2025-05-19;2025-05-26,YouGov/Economist,US registered voters,Which of these is the most important issue for you?,https://yougov.com/en-us/trackers/most-important-issues-facing-the-us,CC BY-NC 4.0 (YouGov public data license)
2025-05,dem,The budget deficit,two_step,0.0,4,2025-05-04;2025-05-12;2025-05-19;2025-05-26,YouGov/Economist,US registered voters,Which of these is the most important issue for you?,https://yougov.com/en-us/trackers/most-important-issues-facing-the-us,CC BY-NC 4.0 (YouGov public data license)
2025-05,dem,The war in Afghanistan,two_step,0.0,4,2025-05-04;2025-05-12;2025-05-19;2025-05-26,YouGov/Economist,US registered voters,Which of these is the most important issue for you?,https://yougov.com/en-us/trackers/most-important-issues-facing-the-us,CC BY-NC 4.0 (YouGov public data license)
2025-05,ind,Abortion,two_step,0.025,4,2025-05-04;2025-05-12;2025-05-19;2025-05-26,YouGov/Economist,US registered voters,Which of these is the most important issue for you?,https://yougov.com/en-us/trackers/most-important-issues-facing-the-us,CC BY-NC 4.0 (YouGov public data license)
2025-05,ind,Civil rights and civil liberties,two_step,0.15,4,2025-05-04;2025-05-12;2025-05-19;2025-05-26,YouGov/Economist,US registered voters,Which of these is the most important issue for you?,https://yougov.com/en-us/trackers/most-important-issues-facing-the-us,CC BY-NC 4.0 (YouGov public data license)
2025-05,ind,Climate change and the environment,two_step,0.09,4,2025-05-04;2025-05-12;2025-05-19;2025-05-26,YouGov/Economist,US registered voters,Which of these is the most important issue for you?,https://yougov.com/en-us/trackers/most-important-issues-facing-the-us,CC BY-NC 4.0 (YouGov public data license)
2025-05,ind,Crime and criminal justice reform,two_step,0.032,4,2025-05-04;2025-05-12;2025-05-19;2025-05-26,YouGov/Economist,US registered voters,Which of these is the most important issue for you?,https://yougov.com/en-us/trackers/most-important-issues-facing-the-us,CC BY-NC 4.0 (YouGov public data license)
2025-05,ind,Education,two_step,0.032,4,2025-05-04;2025-05-12;2025-05-19;2025-05-26,YouGov/Economist,US registered voters,Which of these is the most important issue for you?,https://yougov.com/en-us/trackers/most-important-issues-facing-the-us,CC BY-NC 4.0 (YouGov public data license)
2025-05,ind,Gay rights,two_step,0.0,4,2025-05-04;2025-05-12;2025-05-19;2025-05-26,YouGov/Economist,US registered voters,Which of these is the most important issue for you?,https://yougov.com/en-us/trackers/most-important-issues-facing-the-us,CC BY-NC 4.0 (YouGov public data license)
2025-05,ind,Gun control,two_step,0.025,4,2025-05-04;2025-05-12;2025-05-19;2025-05-26,YouGov/Economist,US registered voters,Which of these is the most important issue for you?,https://yougov.com/en-us/trackers/most-important-issues-facing-the-us,CC BY-NC 4.0 (YouGov public data license)
2025-05,ind,Health care,two_step,0.108,4,2025-05-04;2025-05-12;2025-05-19;2025-05-26,YouGov/Economist,US registered voters,Which of these is the most important issue for you?,https://yougov.com/en-us/trackers/most-important-issues-facing-the-us,CC BY-NC 4.0 (YouGov public data license)
2025-05,ind,Immigration,two_step,0.068,4,2025-05-04;2025-05-12;2025-05-19;2025-05-26,YouGov/Economist,US registered voters,Which of these is the most important issue for you?,https://yougov.com/en-us/trackers/most-important-issues-facing-the-us,CC BY-NC 4.0 (YouGov public data license)
2025-05,ind,Inflation/prices,two_step,0.195,4,2025-05-04;2025-05-12;2025-05-19;2025-05-26,YouGov/Economist,US registered voters,Which of these is the most important issue for you?,https://yougov.com/en-us/trackers/most-important-issues-facing-the-us,CC BY-NC 4.0 (YouGov public data license)
2025-05,ind,Jobs and the economy,two_step,0.118,4,2025-05-04;2025-05-12;2025-05-19;2025-05-26,YouGov/Economist,US registered voters,Which of these is the most important issue for you?,https://yougov.com/en-us/trackers/most-important-issues-facing-the-us,CC BY-NC 4.0 (YouGov public data license)
2025-05,ind,Medicare,two_step,0.0,4,2025-05-04;2025-05-12;2025-05-19;2025-05-26,YouGov/Economist,US registered voters,Which of these is the most important issue for you?,https://yougov.com/en-us/trackers/most-important-issues-facing-the-us,CC BY-NC 4.0 (YouGov public data license)
2025-05,ind,National Security and foreign policy,two_step,0.07,4,2025-05-04;2025-05-12;2025-05-19;2025-05-26,YouGov/Economist,US registered voters,Which of these is the most important issue for you?,https://yougov.com/en-us/trackers/most-important-issues-facing-the-us,CC BY-NC 4.0 (YouGov public data license)
2025-05,ind,Social security,two_step,0.0,4,2025-05-04;2025-05-12;2025-05-19;2025-05-26,YouGov/Economist,US registered voters,Which of these is the most important issue for you?,https://yougov.com/en-us/trackers/most-important-issues-facing-the-us,CC BY-NC 4.0 (YouGov public data license)
2025-05,ind,Taxes and government spending,two_step,0.09,4,2025-05-04;2025-05-12;2025-05-19;2025-05-26,YouGov/Economist,US registered voters,Which of these is the most important issue for you?,https://yougov.com/en-us/trackers/most-important-issues-facing-the-us,CC BY-NC 4.0 (YouGov public data license)
2025-05,ind,Terrorism,two_step,0.0,4,2025-05-04;2025-05-12;2025-05-19;2025-05-26,YouGov/Economist,US registered voters,Which of these is the most important issue for you?,https://yougov.com/en-us/trackers/most-important-issues-facing-the-us,CC BY-NC 4.0 (YouGov public data license)
2025-05,ind,The budget deficit,two_step,0.0,4,2025-05-04;2025-05-12;2025-05-19;2025-05-26,YouGov/Economist,US registered voters,Which of these is the most important issue for you?,https://yougov.com/en-us/trackers/most-important-issues-facing-the-us,CC BY-NC 4.0 (YouGov public data license)
2025-05,ind,The war in Afghanistan,two_step,0.0,4,2025-05-04;2025-05-12;2025-05-19;2025-05-26,YouGov/Economist,US registered voters,Which of these is the most important issue for you?,https://yougov.com/en-us/trackers/most-important-issues-facing-the-us,CC BY-NC 4.0 (YouGov public data license)
2025-05,rep,Abortion,two_step,0.028,4,2025-05-04;2025-05-12;2025-05-19;2025-05-26,YouGov/Economist,US registered voters,Which of these is the most important issue for you?,https://yougov.com/en-us/trackers/most-important-issues-facing-the-us,CC BY-NC 4.0 (YouGov public data license)
2025-05,rep,Civil rights and civil liberties,two_step,0.025,4,2025-05-04;2025-05-12;2025-05-19;2025-05-26,YouGov/Economist,US registered voters,Which of these is the most important issue for you?,https://yougov.com/en-us/trackers/most-important-issues-facing-the-us,CC BY-NC 4.0 (YouGov public data license)
2025-05,rep,Climate change and the environment,two_step,0.012,4,2025-05-04;2025-05-12;2025-05-19;2025-05-26,YouGov/Economist,US registered voters,Which of these is the most important issue for you?,https://yougov.com/en-us/trackers/most-important-issues-facing-the-us,CC BY-NC 4.0 (YouGov public data license)
2025-05,rep,Crime and criminal justice reform,two_step,0.03,4,2025-05-04;2025-05-12;2025-05-19;2025-05-26,YouGov/Economist,US registered voters,Which of these is the most important issue for you?,https://yougov.com/en-us/trackers/most-important-issues-facing-the-us,CC BY-NC 4.0 (YouGov public data license)
2025-05,rep,Education,two_step,0.022,4,2025-05-04;2025-05-12;2025-05-19;2025-05-26,YouGov/Economist,US registered voters,Which of these is the most important issue for you?,https://yougov.com/en-us/trackers/most-important-issues-facing-the-us,CC BY-NC 4.0 (YouGov public data license)
2025-05,rep,Gay rights,two_step,0.0,4,2025-05-04;2025-05-12;2025-05-19;2025-05-26,YouGov/Economist,US registered voters,Which of these is the most important issue for you?,https://yougov.com/en-us/trackers/most-important-issues-facing-the-us,CC BY-NC 4.0 (YouGov public data license)
2025-05,rep,Gun control,two_step,0.02,4,2025-05-04;2025-05-12;2025-05-19;2025-05-26,YouGov/Economist,US registered voters,Which of these is the most important issue for you?,https://yougov.com/en-us/trackers/most-important-issues-facing-the-us,CC BY-NC 4.0 (YouGov public data license)
2025-05,rep,Health care,two_step,0.068,4,2025-05-04;2025-05-12;2025-05-19;2025-05-26,YouGov/Economist,US registered voters,Which of these is the most important issue for you?,https://yougov.com/en-us/trackers/most-important-issues-facing-the-us,CC BY-NC 4.0 (YouGov public data license)
2025-05,rep,Immigration,two_step,0.152,4,2025-05-04;2025-05-12;2025-05-19;2025-05-26,YouGov/Economist,US registered voters,Which of these is the most important issue for you?,https://yougov.com/en-us/trackers/most-important-issues-facing-the-us,CC BY-NC 4.0 (YouGov public data license)
2025-05,rep,Inflation/prices,two_step,0.272,4,2025-05-04;2025-05-12;2025-05-19;2025-05-26,YouGov/Economist,US registered voters,Which of these is the most important issue for you?,https://yougov.com/en-us/trackers/most-important-issues-facing-the-us,CC BY-NC 4.0 (YouGov public data license)
2025-05,rep,Jobs and the economy,two_step,0.148,4,2025-05-04;2025-05-12;2025-05-19;2025-05-26,YouGov/Economist,US registered voters,Which of these is the most important issue for you?,https://yougov.com/en-us/trackers/most-important-issues-facing-the-us,CC BY-NC 4.0 (YouGov public data license)
2025-05,rep,Medicare,two_step,0.0,4,2025-05-04;2025-05-12;2025-05-19;2025-05-26,YouGov/Economist,US registered voters,Which of these is the most important issue for you?,https://yougov.com/en-us/trackers/most-important-issues-facing-the-us,CC BY-NC 4.0 (YouGov public data license)
2025-05,rep,National Security and foreign policy,two_step,0.108,4,2025-05-04;2025-05-12;2025-05-19;2025-05-26,YouGov/Economist,US registered voters,Which of these is the most important issue for you?,https://yougov.com/en-us/trackers/most-important-issues-facing-the-us,CC BY-NC 4.0 (YouGov public data license)
2025-05,rep,Social security,two_step,0.0,4,2025-05-04;2025-05-12;2025-05-19;2025-05-26,YouGov/Economist,US registered voters,Which of these is the most important issue for you?,https://yougov.com/en-us/trackers/most-important-issues-facing-the-us,CC BY-NC 4.0 (YouGov public data license)
2025-05,rep,Taxes and government spending,two_step,0.12,4,2025-05-04;2025-05-12;2025-05-19;2025-05-26,YouGov/Economist,US registered voters,Which of these is the most important issue for you?,https://yougov.com/en-us/trackers/most-important-issues-facing-the-us,CC BY-NC 4.0 (YouGov public data license)
2025-05,rep,Terrorism,two_step,0.0,4,2025-05-04;2025-05-12;2025-05-19;2025-05-26,YouGov/Economist,US registered voters,Which of these is the most important issue for you?,https://yougov.com/en-us/trackers/most-important-issues-facing-the-us,CC BY-NC 4.0 (YouGov public data license)
2025-05,rep,The budget deficit,two_step,0.0,4,2025-05-04;2025-05-12;2025-05-19;2025-05-26,YouGov/Economist,US registered voters,Which of these is the most important issue for you?,https://yougov.com/en-us/trackers/most-important-issues-facing-the-us,CC BY-NC 4.0 (YouGov public data license)
2025-05,rep,The war in Afghanistan,two_step,0.0,4,2025-05-04;2025-05-12;2025-05-19;2025-05-26,YouGov/Economist,US registered voters,Which of these is the most important issue for you?,https://yougov.com/en-us/trackers/most-important-issues-facing-the-us,CC BY-NC 4.0 (YouGov public data license)
2025-06,all_rv,Abortion,single_list,0.036,5,2025-06-02;2025-06-09;2025-06-16;2025-06-23;2025-06-30,YouGov/Economist,US registered voters,Which of these is the most important issue for you?,https://yougov.com/en-us/trackers/most-important-issues-facing-the-us,CC BY-NC 4.0 (YouGov public data license)
2025-06,all_rv,Civil rights and civil liberties,single_list,0.16,5,2025-06-02;2025-06-09;2025-06-16;2025-06-23;2025-06-30,YouGov/Economist,US registered voters,Which of these is the most important issue for you?,https://yougov.com/en-us/trackers/most-important-issues-facing-the-us,CC BY-NC 4.0 (YouGov public data license)
2025-06,all_rv,Climate change and the environment,single_list,0.062,5,2025-06-02;2025-06-09;2025-06-16;2025-06-23;2025-06-30,YouGov/Economist,US registered voters,Which of these is the most important issue for you?,https://yougov.com/en-us/trackers/most-important-issues-facing-the-us,CC BY-NC 4.0 (YouGov public data license)
2025-06,all_rv,Crime and criminal justice reform,single_list,0.034,5,2025-06-02;2025-06-09;2025-06-16;2025-06-23;2025-06-30,YouGov/Economist,US registered voters,Which of these is the most important issue for you?,https://yougov.com/en-us/trackers/most-important-issues-facing-the-us,CC BY-NC 4.0 (YouGov public data license)
2025-06,all_rv,Education,single_list,0.024,5,2025-06-02;2025-06-09;2025-06-16;2025-06-23;2025-06-30,YouGov/Economist,US registered voters,Which of these is the most important issue for you?,https://yougov.com/en-us/trackers/most-important-issues-facing-the-us,CC BY-NC 4.0 (YouGov public data license)
2025-06,all_rv,Gay rights,single_list,0.0,5,2025-06-02;2025-06-09;2025-06-16;2025-06-23;2025-06-30,YouGov/Economist,US registered voters,Which of these is the most important issue for you?,https://yougov.com/en-us/trackers/most-important-issues-facing-the-us,CC BY-NC 4.0 (YouGov public data license)
2025-06,all_rv,Gun control,single_list,0.018,5,2025-06-02;2025-06-09;2025-06-16;2025-06-23;2025-06-30,YouGov/Economist,US registered voters,Which of these is the most important issue for you?,https://yougov.com/en-us/trackers/most-important-issues-facing-the-us,CC BY-NC 4.0 (YouGov public data license)
2025-06,all_rv,Health care,single_list,0.086,5,2025-06-02;2025-06-09;2025-06-16;2025-06-23;2025-06-30,YouGov/Economist,US registered voters,Which of these is the most important issue for you?,https://yougov.com/en-us/trackers/most-important-issues-facing-the-us,CC BY-NC 4.0 (YouGov public data license)
2025-06,all_rv,Immigration,single_list,0.106,5,2025-06-02;2025-06-09;2025-06-16;2025-06-23;2025-06-30,YouGov/Economist,US registered voters,Which of these is the most important issue for you?,https://yougov.com/en-us/trackers/most-important-issues-facing-the-us,CC BY-NC 4.0 (YouGov public data license)
2025-06,all_rv,Inflation/prices,single_list,0.182,5,2025-06-02;2025-06-09;2025-06-16;2025-06-23;2025-06-30,YouGov/Economist,US registered voters,Which of these is the most important issue for you?,https://yougov.com/en-us/trackers/most-important-issues-facing-the-us,CC BY-NC 4.0 (YouGov public data license)
2025-06,all_rv,Jobs and the economy,single_list,0.126,5,2025-06-02;2025-06-09;2025-06-16;2025-06-23;2025-06-30,YouGov/Economist,US registered voters,Which of these is the most important issue for you?,https://yougov.com/en-us/trackers/most-important-issues-facing-the-us,CC BY-NC 4.0 (YouGov public data license)
2025-06,all_rv,Medicare,single_list,0.0,5,2025-06-02;2025-06-09;2025-06-16;2025-06-23;2025-06-30,YouGov/Economist,US registered voters,Which of these is the most important issue for you?,https://yougov.com/en-us/trackers/most-important-issues-facing-the-us,CC BY-NC 4.0 (YouGov public data license)
2025-06,all_rv,National Security and foreign policy,single_list,0.084,5,2025-06-02;2025-06-09;2025-06-16;2025-06-23;2025-06-30,YouGov/Economist,US registered voters,Which of these is the most important issue for you?,https://yougov.com/en-us/trackers/most-important-issues-facing-the-us,CC BY-NC 4.0 (YouGov public data license)
2025-06,all_rv,Social security,single_list,0.0,5,2025-06-02;2025-06-09;2025-06-16;2025-06-23;2025-06-30,YouGov/Economist,US registered voters,Which of these is the most important issue for you?,https://yougov.com/en-us/trackers/most-important-issues-facing-the-us,CC BY-NC 4.0 (YouGov public data license)
2025-06,all_rv,Taxes and government spending,single_list,0.08,5,2025-06-02;2025-06-09;2025-06-16;2025-06-23;2025-06-30,YouGov/Economist,US registered voters,Which of these is the most important issue for you?,https://yougov.com/en-us/trackers/most-important-issues-facing-the-us,CC BY-NC 4.0 (YouGov public data license)
2025-06,all_rv,Terrorism,single_list,0.0,5,2025-06-02;2025-06-09;2025-06-16;2025-06-23;2025-06-30,YouGov/Economist,US registered voters,Which of these is the most important issue for you?,https://yougov.com/en-us/trackers/most-important-issues-facing-the-us,CC BY-NC 4.0 (YouGov public data license)
2025-06,all_rv,The budget deficit,single_list,0.0,5,2025-06-02;2025-06-09;2025-06-16;2025-06-23;2025-06-30,YouGov/Economist,US registered voters,Which of these is the most important issue for you?,https://yougov.com/en-us/trackers/most-important-issues-facing-the-us,CC BY-NC 4.0 (YouGov public data license)
2025-06,all_rv,The war in Afghanistan,single_list,0.0,5,2025-06-02;2025-06-09;2025-06-16;2025-06-23;2025-06-30,YouGov/Economist,US registered voters,Which of these is the most important issue for you?,https://yougov.com/en-us/trackers/most-important-issues-facing-the-us,CC BY-NC 4.0 (YouGov public data license)
2025-06,dem,Abortion,single_list,0.038,5,2025-06-02;2025-06-09;2025-06-16;2025-06-23;2025-06-30,YouGov/Economist,US registered voters,Which of these is the most important issue for you?,https://yougov.com/en-us/trackers/most-important-issues-facing-the-us,CC BY-NC 4.0 (YouGov public data license)
2025-06,dem,Civil rights and civil liberties,single_list,0.292,5,2025-06-02;2025-06-09;2025-06-16;2025-06-23;2025-06-30,YouGov/Economist,US registered voters,Which of these is the most important issue for you?,https://yougov.com/en-us/trackers/most-important-issues-facing-the-us,CC BY-NC 4.0 (YouGov public data license)
2025-06,dem,Climate change and the environment,single_list,0.1,5,2025-06-02;2025-06-09;2025-06-16;2025-06-23;2025-06-30,YouGov/Economist,US registered voters,Which of these is the most important issue for you?,https://yougov.com/en-us/trackers/most-important-issues-facing-the-us,CC BY-NC 4.0 (YouGov public data license)
2025-06,dem,Crime and criminal justice reform,single_list,0.024,5,2025-06-02;2025-06-09;2025-06-16;2025-06-23;2025-06-30,YouGov/Economist,US registered voters,Which of these is the most important issue for you?,https://yougov.com/en-us/trackers/most-important-issues-facing-the-us,CC BY-NC 4.0 (YouGov public data license)
2025-06,dem,Education,single_list,0.024,5,2025-06-02;2025-06-09;2025-06-16;2025-06-23;2025-06-30,YouGov/Economist,US registered voters,Which of these is the most important issue for you?,https://yougov.com/en-us/trackers/most-important-issues-facing-the-us,CC BY-NC 4.0 (YouGov public data license)
2025-06,dem,Gay rights,single_list,0.0,5,2025-06-02;2025-06-09;2025-06-16;2025-06-23;2025-06-30,YouGov/Economist,US registered voters,Which of these is the most important issue for you?,https://yougov.com/en-us/trackers/most-important-issues-facing-the-us,CC BY-NC 4.0 (YouGov public data license)
2025-06,dem,Gun control,single_list,0.022,5,2025-06-02;2025-06-09;2025-06-16;2025-06-23;2025-06-30,YouGov/Economist,US registered voters,Which of these is the most important issue for you?,https://yougov.com/en-us/trackers/most-important-issues-facing-the-us,CC BY-NC 4.0 (YouGov public data license)
2025-06,dem,Health care,single_list,0.122,5,2025-06-02;2025-06-09;2025-06-16;2025-06-23;2025-06-30,YouGov/Economist,US registered voters,Which of these is the most important issue for you?,https://yougov.com/en-us/trackers/most-important-issues-facing-the-us,CC BY-NC 4.0 (YouGov public data license)
2025-06,dem,Immigration,single_list,0.028,5,2025-06-02;2025-06-09;2025-06-16;2025-06-23;2025-06-30,YouGov/Economist,US registered voters,Which of these is the most important issue for you?,https://yougov.com/en-us/trackers/most-important-issues-facing-the-us,CC BY-NC 4.0 (YouGov public data license)
2025-06,dem,Inflation/prices,single_list,0.162,5,2025-06-02;2025-06-09;2025-06-16;2025-06-23;2025-06-30,YouGov/Economist,US registered voters,Which of these is the most important issue for you?,https://yougov.com/en-us/trackers/most-important-issues-facing-the-us,CC BY-NC 4.0 (YouGov public data license)
2025-06,dem,Jobs and the economy,single_list,0.116,5,2025-06-02;2025-06-09;2025-06-16;2025-06-23;2025-06-30,YouGov/Economist,US registered voters,Which of these is the most important issue for you?,https://yougov.com/en-us/trackers/most-important-issues-facing-the-us,CC BY-NC 4.0 (YouGov public data license)
2025-06,dem,Medicare,single_list,0.0,5,2025-06-02;2025-06-09;2025-06-16;2025-06-23;2025-06-30,YouGov/Economist,US registered voters,Which of these is the most important issue for you?,https://yougov.com/en-us/trackers/most-important-issues-facing-the-us,CC BY-NC 4.0 (YouGov public data license)
2025-06,dem,National Security and foreign policy,single_list,0.032,5,2025-06-02;2025-06-09;2025-06-16;2025-06-23;2025-06-30,YouGov/Economist,US registered voters,Which of these is the most important issue for you?,https://yougov.com/en-us/trackers/most-important-issues-facing-the-us,CC BY-NC 4.0 (YouGov public data license)
2025-06,dem,Social security,single_list,0.0,5,2025-06-02;2025-06-09;2025-06-16;2025-06-23;2025-06-30,YouGov/Economist,US registered voters,Which of these is the most important issue for you?,https://yougov.com/en-us/trackers/most-important-issues-facing-the-us,CC BY-NC 4.0 (YouGov public data license)
2025-06,dem,Taxes and government spending,single_list,0.034,5,2025-06-02;2025-06-09;2025-06-16;2025-06-23;2025-06-30,YouGov/Economist,US registered voters,Which of these is the most important issue for you?,https://yougov.com/en-us/trackers/most-important-issues-facing-the-us,CC BY-NC 4.0 (YouGov public data license)
2025-06,dem,Terrorism,single_list,0.0,5,2025-06-02;2025-06-09;2025-06-16;2025-06-23;2025-06-30,YouGov/Economist,US registered voters,Which of these is the most important issue for you?,https://yougov.com/en-us/trackers/most-important-issues-facing-the-us,CC BY-NC 4.0 (YouGov public data license)
2025-06,dem,The budget deficit,single_list,0.0,5,2025-06-02;2025-06-09;2025-06-16;2025-06-23;2025-06-30,YouGov/Economist,US registered voters,Which of these is the most important issue for you?,https://yougov.com/en-us/trackers/most-important-issues-facing-the-us,CC BY-NC 4.0 (YouGov public data license)
2025-06,dem,The war in Afghanistan,single_list,0.0,5,2025-06-02;2025-06-09;2025-06-16;2025-06-23;2025-06-30,YouGov/Economist,US registered voters,Which of these is the most important issue for you?,https://yougov.com/en-us/trackers/most-important-issues-facing-the-us,CC BY-NC 4.0 (YouGov public data license)
2025-06,ind,Abortion,single_list,0.024,5,2025-06-02;2025-06-09;2025-06-16;2025-06-23;2025-06-30,YouGov/Economist,US registered voters,Which of these is the most important issue for you?,https://yougov.com/en-us/trackers/most-important-issues-facing-the-us,CC BY-NC 4.0 (YouGov public data license)
2025-06,ind,Civil rights and civil liberties,single_list,0.188,5,2025-06-02;2025-06-09;2025-06-16;2025-06-23;2025-06-30,YouGov/Economist,US registered voters,Which of these is the most important issue for you?,https://yougov.com/en-us/trackers/most-important-issues-facing-the-us,CC BY-NC 4.0 (YouGov public data license)
2025-06,ind,Climate change and the environment,single_list,0.068,5,2025-06-02;2025-06-09;2025-06-16;2025-06-23;2025-06-30,YouGov/Economist,US registered voters,Which of these is the most important issue for you?,https://yougov.com/en-us/trackers/most-important-issues-facing-the-us,CC BY-NC 4.0 (YouGov public data license)
2025-06,ind,Crime and criminal justice reform,single_list,0.038,5,2025-06-02;2025-06-09;2025-06-16;2025-06-23;2025-06-30,YouGov/Economist,US registered voters,Which of these is the most important issue for you?,https://yougov.com/en-us/trackers/most-important-issues-facing-the-us,CC BY-NC 4.0 (YouGov public data license)
2025-06,ind,Education,single_list,0.026,5,2025-06-02;2025-06-09;2025-06-16;2025-06-23;2025-06-30,YouGov/Economist,US registered voters,Which of these is the most important issue for you?,https://yougov.com/en-us/trackers/most-important-issues-facing-the-us,CC BY-NC 4.0 (YouGov public data license)
2025-06,ind,Gay rights,single_list,0.0,5,2025-06-02;2025-06-09;2025-06-16;2025-06-23;2025-06-30,YouGov/Economist,US registered voters,Which of these is the most important issue for you?,https://yougov.com/en-us/trackers/most-important-issues-facing-the-us,CC BY-NC 4.0 (YouGov public data license)
2025-06,ind,Gun control,single_list,0.01,5,2025-06-02;2025-06-09;2025-06-16;2025-06-23;2025-06-30,YouGov/Economist,US registered voters,Which of these is the most important issue for you?,https://yougov.com/en-us/trackers/most-important-issues-facing-the-us,CC BY-NC 4.0 (YouGov public data license)
2025-06,ind,Health care,single_list,0.09,5,2025-06-02;2025-06-09;2025-06-16;2025-06-23;2025-06-30,YouGov/Economist,US registered voters,Which of these is the most important issue for you?,https://yougov.com/en-us/trackers/most-important-issues-facing-the-us,CC BY-NC 4.0 (YouGov public data license)
2025-06,ind,Immigration,single_list,0.082,5,2025-06-02;2025-06-09;2025-06-16;2025-06-23;2025-06-30,YouGov/Economist,US registered voters,Which of these is the most important issue for you?,https://yougov.com/en-us/trackers/most-important-issues-facing-the-us,CC BY-NC 4.0 (YouGov public data license)
2025-06,ind,Inflation/prices,single_list,0.162,5,2025-06-02;2025-06-09;2025-06-16;2025-06-23;2025-06-30,YouGov/Economist,US registered voters,Which of these is the most important issue for you?,https://yougov.com/en-us/trackers/most-important-issues-facing-the-us,CC BY-NC 4.0 (YouGov public data license)
2025-06,ind,Jobs and the economy,single_list,0.132,5,2025-06-02;2025-06-09;2025-06-16;2025-06-23;2025-06-30,YouGov/Economist,US registered voters,Which of these is the most important issue for you?,https://yougov.com/en-us/trackers/most-important-issues-facing-the-us,CC BY-NC 4.0 (YouGov public data license)
2025-06,ind,Medicare,single_list,0.0,5,2025-06-02;2025-06-09;2025-06-16;2025-06-23;2025-06-30,YouGov/Economist,US registered voters,Which of these is the most important issue for you?,https://yougov.com/en-us/trackers/most-important-issues-facing-the-us,CC BY-NC 4.0 (YouGov public data license)
2025-06,ind,National Security and foreign policy,single_list,0.088,5,2025-06-02;2025-06-09;2025-06-16;2025-06-23;2025-06-30,YouGov/Economist,US registered voters,Which of these is the most important issue for you?,https://yougov.com/en-us/trackers/most-important-issues-facing-the-us,CC BY-NC 4.0 (YouGov public data license)
2025-06,ind,Social security,single_list,0.0,5,2025-06-02;2025-06-09;2025-06-16;2025-06-23;2025-06-30,YouGov/Economist,US registered voters,Which of these is the most important issue for you?,https://yougov.com/en-us/trackers/most-important-issues-facing-the-us,CC BY-NC 4.0 (YouGov public data license)
2025-06,ind,Taxes and government spending,single_list,0.092,5,2025-06-02;2025-06-09;2025-06-16;2025-06-23;2025-06-30,YouGov/Economist,US registered voters,Which of these is the most important issue for you?,https://yougov.com/en-us/trackers/most-important-issues-facing-the-us,CC BY-NC 4.0 (YouGov public data license)
2025-06,ind,Terrorism,single_list,0.0,5,2025-06-02;2025-06-09;2025-06-16;2025-06-23;2025-06-30,YouGov/Economist,US registered voters,Which of these is the most important issue for you?,https://yougov.com/en-us/trackers/most-important-issues-facing-the-us,CC BY-NC 4.0 (YouGov public data license)
2025-06,ind,The budget deficit,single_list,0.0,5,2025-06-02;2025-06-09;2025-06-16;2025-06-23;2025-06-30,YouGov/Economist,US registered voters,Which of these is the most important issue for you?,https://yougov.com/en-us/trackers/most-important-issues-facing-the-us,CC BY-NC 4.0 (YouGov public data license)
2025-06,ind,The war in Afghanistan,single_list,0.0,5,2025-06-02;2025-06-09;2025-06-16;2025-06-23;2025-06-30,YouGov/Economist,US registered voters,Which of these is the most important issue for you?,https://yougov.com/en-us/trackers/most-important-issues-facing-the-us,CC BY-NC 4.0 (YouGov public data license)
2025-06,rep,Abortion,single_list,0.04,5,2025-06-02;2025-06-09;2025-06-16;2025-06-23;2025-06-30,YouGov/Economist,US registered voters,Which of these is the most important issue for you?,https://yougov.com/en-us/trackers/most-important-issues-facing-the-us,CC BY-NC 4.0 (YouGov public data license)
2025-06,rep,Civil rights and civil liberties,single_list,0.018,5,2025-06-02;2025-06-09;2025-06-16;2025-06-23;2025-06-30,YouGov/Economist,US registered voters,Which of these is the most important issue for you?,https://yougov.com/en-us/trackers/most-important-issues-facing-the-us,CC BY-NC 4.0 (YouGov public data license)
2025-06,rep,Climate change and the environment,single_list,0.018,5,2025-06-02;2025-06-09;2025-06-16;2025-06-23;2025-06-30,YouGov/Economist,US registered voters,Which of these is the most important issue for you?,https://yougov.com/en-us/trackers/most-important-issues-facing-the-us,CC BY-NC 4.0 (YouGov public data license)
2025-06,rep,Crime and criminal justice reform,single_list,0.036,5,2025-06-02;2025-06-09;2025-06-16;2025-06-23;2025-06-30,YouGov/Economist,US registered voters,Which of these is the most important issue for you?,https://yougov.com/en-us/trackers/most-important-issues-facing-the-us,CC BY-NC 4.0 (YouGov public data license)
2025-06,rep,Education,single_list,0.026,5,2025-06-02;2025-06-09;2025-06-16;2025-06-23;2025-06-30,YouGov/Economist,US registered voters,Which of these is the most important issue for you?,https://yougov.com/en-us/trackers/most-important-issues-facing-the-us,CC BY-NC 4.0 (YouGov public data license)
2025-06,rep,Gay rights,single_list,0.0,5,2025-06-02;2025-06-09;2025-06-16;2025-06-23;2025-06-30,YouGov/Economist,US registered voters,Which of these is the most important issue for you?,https://yougov.com/en-us/trackers/most-important-issues-facing-the-us,CC BY-NC 4.0 (YouGov public data license)
2025-06,rep,Gun control,single_list,0.02,5,2025-06-02;2025-06-09;2025-06-16;2025-06-23;2025-06-30,YouGov/Economist,US registered voters,Which of these is the most important issue for you?,https://yougov.com/en-us/trackers/most-important-issues-facing-the-us,CC BY-NC 4.0 (YouGov public data license)
2025-06,rep,Health care,single_list,0.05,5,2025-06-02;2025-06-09;2025-06-16;2025-06-23;2025-06-30,YouGov/Economist,US registered voters,Which of these is the most important issue for you?,https://yougov.com/en-us/trackers/most-important-issues-facing-the-us,CC BY-NC 4.0 (YouGov public data license)
2025-06,rep,Immigration,single_list,0.2,5,2025-06-02;2025-06-09;2025-06-16;2025-06-23;2025-06-30,YouGov/Economist,US registered voters,Which of these is the most important issue for you?,https://yougov.com/en-us/trackers/most-important-issues-facing-the-us,CC BY-NC 4.0 (YouGov public data license)
2025-06,rep,Inflation/prices,single_list,0.214,5,2025-06-02;2025-06-09;2025-06-16;2025-06-23;2025-06-30,YouGov/Economist,US registered voters,Which of these is the most important issue for you?,https://yougov.com/en-us/trackers/most-important-issues-facing-the-us,CC BY-NC 4.0 (YouGov public data license)
2025-06,rep,Jobs and the economy,single_list,0.13,5,2025-06-02;2025-06-09;2025-06-16;2025-06-23;2025-06-30,YouGov/Economist,US registered voters,Which of these is the most important issue for you?,https://yougov.com/en-us/trackers/most-important-issues-facing-the-us,CC BY-NC 4.0 (YouGov public data license)
2025-06,rep,Medicare,single_list,0.0,5,2025-06-02;2025-06-09;2025-06-16;2025-06-23;2025-06-30,YouGov/Economist,US registered voters,Which of these is the most important issue for you?,https://yougov.com/en-us/trackers/most-important-issues-facing-the-us,CC BY-NC 4.0 (YouGov public data license)
2025-06,rep,National Security and foreign policy,single_list,0.132,5,2025-06-02;2025-06-09;2025-06-16;2025-06-23;2025-06-30,YouGov/Economist,US registered voters,Which of these is the most important issue for you?,https://yougov.com/en-us/trackers/most-important-issues-facing-the-us,CC BY-NC 4.0 (YouGov public data license)
2025-06,rep,Social security,single_list,0.0,5,2025-06-02;2025-06-09;2025-06-16;2025-06-23;2025-06-30,YouGov/Economist,US registered voters,Which of these is the most important issue for you?,https://yougov.com/en-us/trackers/most-important-issues-facing-the-us,CC BY-NC 4.0 (YouGov public data license)
2025-06,rep,Taxes and government spending,single_list,0.12,5,2025-06-02;2025-06-09;2025-06-16;2025-06-23;2025-06-30,YouGov/Economist,US registered voters,Which of these is the most important issue for you?,https://yougov.com/en-us/trackers/most-important-issues-facing-the-us,CC BY-NC 4.0 (YouGov public data license)
2025-06,rep,Terrorism,single_list,0.0,5,2025-06-02;2025-06-09;2025-06-16;2025-06-23;2025-06-30,YouGov/Economist,US registered voters,Which of these is the most important issue for you?,https://yougov.com/en-us/trackers/most-important-issues-facing-the-us,CC BY-NC 4.0 (YouGov public data license)
2025-06,rep,The budget deficit,single_list,0.0,5,2025-06-02;2025-06-09;2025-06-16;2025-06-23;2025-06-30,YouGov/Economist,US registered voters,Which of these is the most important issue for you?,https://yougov.com/en-us/trackers/most-important-issues-facing-the-us,CC BY-NC 4.0 (YouGov public data license)
2025-06,rep,The war in Afghanistan,single_list,0.0,5,2025-06-02;2025-06-09;2025-06-16;2025-06-23;2025-06-30,YouGov/Economist,US registered voters,Which of these is the most important issue for you?,https://yougov.com/en-us/trackers/most-important-issues-facing-the-us,CC BY-NC 4.0 (YouGov public data license)
2025-07,all_rv,Abortion,single_list,0.03,4,2025-07-07;2025-07-14;2025-07-21;2025-07-28,YouGov/Economist,US registered voters,Which of these is the most important issue for you?,https://yougov.com/en-us/trackers/most-important-issues-facing-the-us,CC BY-NC 4.0 (YouGov public data license)
2025-07,all_rv,Civil rights and civil liberties,single_list,0.152,4,2025-07-07;2025-07-14;2025-07-21;2025-07-28,YouGov/Economist,US registered voters,Which of these is the most important issue for you?,https://yougov.com/en-us/trackers/most-important-issues-facing-the-us,CC BY-NC 4.0 (YouGov public data license)
2025-07,all_rv,Climate change and the environment,single_list,0.068,4,2025-07-07;2025-07-14;2025-07-21;2025-07-28,YouGov/Economist,US registered voters,Which of these is the most important issue for you?,https://yougov.com/en-us/trackers/most-important-issues-facing-the-us,CC BY-NC 4.0 (YouGov public data license)
2025-07,all_rv,Crime and criminal justice reform,single_list,0.032,4,2025-07-07;2025-07-14;2025-07-21;2025-07-28,YouGov/Economist,US registered voters,Which of these is the most important issue for you?,https://yougov.com/en-us/trackers/most-important-issues-facing-the-us,CC BY-NC 4.0 (YouGov public data license)
2025-07,all_rv,Education,single_list,0.032,4,2025-07-07;2025-07-14;2025-07-21;2025-07-28,YouGov/Economist,US registered voters,Which of these is the most important issue for you?,https://yougov.com/en-us/trackers/most-important-issues-facing-the-us,CC BY-NC 4.0 (YouGov public data license)
2025-07,all_rv,Gay rights,single_list,0.0,4,2025-07-07;2025-07-14;2025-07-21;2025-07-28,YouGov/Economist,US registered voters,Which of these is the most important issue for you?,https://yougov.com/en-us/trackers/most-important-issues-facing-the-us,CC BY-NC 4.0 (YouGov public data license)
2025-07,all_rv,Gun control,single_list,0.012,4,2025-07-07;2025-07-14;2025-07-21;2025-07-28,YouGov/Economist,US registered voters,Which of these is the most important issue for you?,https://yougov.com/en-us/trackers/most-important-issues-facing-the-us,CC BY-NC 4.0 (YouGov public data license)
2025-07,all_rv,Health care,single_list,0.103,4,2025-07-07;2025-07-14;2025-07-21;2025-07-28,YouGov/Economist,US registered voters,Which of these is the most important issue for you?,https://yougov.com/en-us/trackers/most-important-issues-facing-the-us,CC BY-NC 4.0 (YouGov public data license)
2025-07,all_rv,Immigration,single_list,0.1,4,2025-07-07;2025-07-14;2025-07-21;2025-07-28,YouGov/Economist,US registered voters,Which of these is the most important issue for you?,https://yougov.com/en-us/trackers/most-important-issues-facing-the-us,CC BY-NC 4.0 (YouGov public data license)
2025-07,all_rv,Inflation/prices,single_list,0.202,4,2025-07-07;2025-07-14;2025-07-21;2025-07-28,YouGov/Economist,US registered voters,Which of these is the most important issue for you?,https://yougov.com/en-us/trackers/most-important-issues-facing-the-us,CC BY-NC 4.0 (YouGov public data license)
2025-07,all_rv,Jobs and the economy,single_list,0.12,4,2025-07-07;2025-07-14;2025-07-21;2025-07-28,YouGov/Economist,US registered voters,Which of these is the most important issue for you?,https://yougov.com/en-us/trackers/most-important-issues-facing-the-us,CC BY-NC 4.0 (YouGov public data license)
2025-07,all_rv,Medicare,single_list,0.0,4,2025-07-07;2025-07-14;2025-07-21;2025-07-28,YouGov/Economist,US registered voters,Which of these is the most important issue for you?,https://yougov.com/en-us/trackers/most-important-issues-facing-the-us,CC BY-NC 4.0 (YouGov public data license)
2025-07,all_rv,National Security and foreign policy,single_list,0.073,4,2025-07-07;2025-07-14;2025-07-21;2025-07-28,YouGov/Economist,US registered voters,Which of these is the most important issue for you?,https://yougov.com/en-us/trackers/most-important-issues-facing-the-us,CC BY-NC 4.0 (YouGov public data license)
2025-07,all_rv,Social security,single_list,0.0,4,2025-07-07;2025-07-14;2025-07-21;2025-07-28,YouGov/Economist,US registered voters,Which of these is the most important issue for you?,https://yougov.com/en-us/trackers/most-important-issues-facing-the-us,CC BY-NC 4.0 (YouGov public data license)
2025-07,all_rv,Taxes and government spending,single_list,0.08,4,2025-07-07;2025-07-14;2025-07-21;2025-07-28,YouGov/Economist,US registered voters,Which of these is the most important issue for you?,https://yougov.com/en-us/trackers/most-important-issues-facing-the-us,CC BY-NC 4.0 (YouGov public data license)
2025-07,all_rv,Terrorism,single_list,0.0,4,2025-07-07;2025-07-14;2025-07-21;2025-07-28,YouGov/Economist,US registered voters,Which of these is the most important issue for you?,https://yougov.com/en-us/trackers/most-important-issues-facing-the-us,CC BY-NC 4.0 (YouGov public data license)
2025-07,all_rv,The budget deficit,single_list,0.0,4,2025-07-07;2025-07-14;2025-07-21;2025-07-28,YouGov/Economist,US registered voters,Which of these is the most important issue for you?,https://yougov.com/en-us/trackers/most-important-issues-facing-the-us,CC BY-NC 4.0 (YouGov public data license)
2025-07,all_rv,The war in Afghanistan,single_list,0.0,4,2025-07-07;2025-07-14;2025-07-21;2025-07-28,YouGov/Economist,US registered voters,Which of these is the most important issue for you?,https://yougov.com/en-us/trackers/most-important-issues-facing-the-us,CC BY-NC 4.0 (YouGov public data license)
2025-07,dem,Abortion,single_list,0.022,4,2025-07-07;2025-07-14;2025-07-21;2025-07-28,YouGov/Economist,US registered voters,Which of these is the most important issue for you?,https://yougov.com/en-us/trackers/most-important-issues-facing-the-us,CC BY-NC 4.0 (YouGov public data license)
2025-07,dem,Civil rights and civil liberties,single_list,0.285,4,2025-07-07;2025-07-14;2025-07-21;2025-07-28,YouGov/Economist,US registered voters,Which of these is the most important issue for you?,https://yougov.com/en-us/trackers/most-important-issues-facing-the-us,CC BY-NC 4.0 (YouGov public data license)
2025-07,dem,Climate change and the environment,single_list,0.11,4,2025-07-07;2025-07-14;2025-07-21;2025-07-28,YouGov/Economist,US registered voters,Which of these is the most important issue for you?,https://yougov.com/en-us/trackers/most-important-issues-facing-the-us,CC BY-NC 4.0 (YouGov public data license)
2025-07,dem,Crime and criminal justice reform,single_list,0.028,4,2025-07-07;2025-07-14;2025-07-21;2025-07-28,YouGov/Economist,US registered voters,Which of these is the most important issue for you?,https://yougov.com/en-us/trackers/most-important-issues-facing-the-us,CC BY-NC 4.0 (YouGov public data license)
2025-07,dem,Education,single_list,0.038,4,2025-07-07;2025-07-14;2025-07-21;2025-07-28,YouGov/Economist,US registered voters,Which of these is the most important issue for you?,https://yougov.com/en-us/trackers/most-important-issues-facing-the-us,CC BY-NC 4.0 (YouGov public data license)
2025-07,dem,Gay rights,single_list,0.0,4,2025-07-07;2025-07-14;2025-07-21;2025-07-28,YouGov/Economist,US registered voters,Which of these is the most important issue for you?,https://yougov.com/en-us/trackers/most-important-issues-facing-the-us,CC BY-NC 4.0 (YouGov public data license)
2025-07,dem,Gun control,single_list,0.018,4,2025-07-07;2025-07-14;2025-07-21;2025-07-28,YouGov/Economist,US registered voters,Which of these is the most important issue for you?,https://yougov.com/en-us/trackers/most-important-issues-facing-the-us,CC BY-NC 4.0 (YouGov public data license)
2025-07,dem,Health care,single_list,0.143,4,2025-07-07;2025-07-14;2025-07-21;2025-07-28,YouGov/Economist,US registered voters,Which of these is the most important issue for you?,https://yougov.com/en-us/trackers/most-important-issues-facing-the-us,CC BY-NC 4.0 (YouGov public data license)
2025-07,dem,Immigration,single_list,0.032,4,2025-07-07;2025-07-14;2025-07-21;2025-07-28,YouGov/Economist,US registered voters,Which of these is the most important issue for you?,https://yougov.com/en-us/trackers/most-important-issues-facing-the-us,CC BY-NC 4.0 (YouGov public data license)
2025-07,dem,Inflation/prices,single_list,0.17,4,2025-07-07;2025-07-14;2025-07-21;2025-07-28,YouGov/Economist,US registered voters,Which of these is the most important issue for you?,https://yougov.com/en-us/trackers/most-important-issues-facing-the-us,CC BY-NC 4.0 (YouGov public data license)
2025-07,dem,Jobs and the economy,single_list,0.09,4,2025-07-07;2025-07-14;2025-07-21;2025-07-28,YouGov/Economist,US registered voters,Which of these is the most important issue for you?,https://yougov.com/en-us/trackers/most-important-issues-facing-the-us,CC BY-NC 4.0 (YouGov public data license)
2025-07,dem,Medicare,single_list,0.0,4,2025-07-07;2025-07-14;2025-07-21;2025-07-28,YouGov/Economist,US registered voters,Which of these is the most important issue for you?,https://yougov.com/en-us/trackers/most-important-issues-facing-the-us,CC BY-NC 4.0 (YouGov public data license)
2025-07,dem,National Security and foreign policy,single_list,0.025,4,2025-07-07;2025-07-14;2025-07-21;2025-07-28,YouGov/Economist,US registered voters,Which of these is the most important issue for you?,https://yougov.com/en-us/trackers/most-important-issues-facing-the-us,CC BY-NC 4.0 (YouGov public data license)
2025-07,dem,Social security,single_list,0.0,4,2025-07-07;2025-07-14;2025-07-21;2025-07-28,YouGov/Economist,US registered voters,Which of these is the most important issue for you?,https://yougov.com/en-us/trackers/most-important-issues-facing-the-us,CC BY-NC 4.0 (YouGov public data license)
2025-07,dem,Taxes and government spending,single_list,0.03,4,2025-07-07;2025-07-14;2025-07-21;2025-07-28,YouGov/Economist,US registered voters,Which of these is the most important issue for you?,https://yougov.com/en-us/trackers/most-important-issues-facing-the-us,CC BY-NC 4.0 (YouGov public data license)
2025-07,dem,Terrorism,single_list,0.0,4,2025-07-07;2025-07-14;2025-07-21;2025-07-28,YouGov/Economist,US registered voters,Which of these is the most important issue for you?,https://yougov.com/en-us/trackers/most-important-issues-facing-the-us,CC BY-NC 4.0 (YouGov public data license)
2025-07,dem,The budget deficit,single_list,0.0,4,2025-07-07;2025-07-14;2025-07-21;2025-07-28,YouGov/Economist,US registered voters,Which of these is the most important issue for you?,https://yougov.com/en-us/trackers/most-important-issues-facing-the-us,CC BY-NC 4.0 (YouGov public data license)
2025-07,dem,The war in Afghanistan,single_list,0.0,4,2025-07-07;2025-07-14;2025-07-21;2025-07-28,YouGov/Economist,US registered voters,Which of these is the most important issue for you?,https://yougov.com/en-us/trackers/most-important-issues-facing-the-us,CC BY-NC 4.0 (YouGov public data license)
2025-07,ind,Abortion,single_list,0.028,4,2025-07-07;2025-07-14;2025-07-21;2025-07-28,YouGov/Economist,US registered voters,Which of these is the most important issue for you?,https://yougov.com/en-us/trackers/most-important-issues-facing-the-us,CC BY-NC 4.0 (YouGov public data license)
2025-07,ind,Civil rights and civil liberties,single_list,0.162,4,2025-07-07;2025-07-14;2025-07-21;2025-07-28,YouGov/Economist,US registered voters,Which of these is the most important issue for you?,https://yougov.com/en-us/trackers/most-important-issues-facing-the-us,CC BY-NC 4.0 (YouGov public data license)
2025-07,ind,Climate change and the environment,single_list,0.082,4,2025-07-07;2025-07-14;2025-07-21;2025-07-28,YouGov/Economist,US registered voters,Which of these is the most important issue for you?,https://yougov.com/en-us/trackers/most-important-issues-facing-the-us,CC BY-NC 4.0 (YouGov public data license)
2025-07,ind,Crime and criminal justice reform,single_list,0.025,4,2025-07-07;2025-07-14;2025-07-21;2025-07-28,YouGov/Economist,US registered voters,Which of these is the most important issue for you?,https://yougov.com/en-us/trackers/most-important-issues-facing-the-us,CC BY-NC 4.0 (YouGov public data license)
2025-07,ind,Education,single_list,0.032,4,2025-07-07;2025-07-14;2025-07-21;2025-07-28,YouGov/Economist,US registered voters,Which of these is the most important issue for you?,https://yougov.com/en-us/trackers/most-important-issues-facing-the-us,CC BY-NC 4.0 (YouGov public data license)
2025-07,ind,Gay rights,single_list,0.0,4,2025-07-07;2025-07-14;2025-07-21;2025-07-28,YouGov/Economist,US registered voters,Which of these is the most important issue for you?,https://yougov.com/en-us/trackers/most-important-issues-facing-the-us,CC BY-NC 4.0 (YouGov public data license)
2025-07,ind,Gun control,single_list,0.012,4,2025-07-07;2025-07-14;2025-07-21;2025-07-28,YouGov/Economist,US registered voters,Which of these is the most important issue for you?,https://yougov.com/en-us/trackers/most-important-issues-facing-the-us,CC BY-NC 4.0 (YouGov public data license)
2025-07,ind,Health care,single_list,0.115,4,2025-07-07;2025-07-14;2025-07-21;2025-07-28,YouGov/Economist,US registered voters,Which of these is the most important issue for you?,https://yougov.com/en-us/trackers/most-important-issues-facing-the-us,CC BY-NC 4.0 (YouGov public data license)
2025-07,ind,Immigration,single_list,0.08,4,2025-07-07;2025-07-14;2025-07-21;2025-07-28,YouGov/Economist,US registered voters,Which of these is the most important issue for you?,https://yougov.com/en-us/trackers/most-important-issues-facing-the-us,CC BY-NC 4.0 (YouGov public data license)
2025-07,ind,Inflation/prices,single_list,0.192,4,2025-07-07;2025-07-14;2025-07-21;2025-07-28,YouGov/Economist,US registered voters,Which of these is the most important issue for you?,https://yougov.com/en-us/trackers/most-important-issues-facing-the-us,CC BY-NC 4.0 (YouGov public data license)
2025-07,ind,Jobs and the economy,single_list,0.132,4,2025-07-07;2025-07-14;2025-07-21;2025-07-28,YouGov/Economist,US registered voters,Which of these is the most important issue for you?,https://yougov.com/en-us/trackers/most-important-issues-facing-the-us,CC BY-NC 4.0 (YouGov public data license)
2025-07,ind,Medicare,single_list,0.0,4,2025-07-07;2025-07-14;2025-07-21;2025-07-28,YouGov/Economist,US registered voters,Which of these is the most important issue for you?,https://yougov.com/en-us/trackers/most-important-issues-facing-the-us,CC BY-NC 4.0 (YouGov public data license)
2025-07,ind,National Security and foreign policy,single_list,0.062,4,2025-07-07;2025-07-14;2025-07-21;2025-07-28,YouGov/Economist,US registered voters,Which of these is the most important issue for you?,https://yougov.com/en-us/trackers/most-important-issues-facing-the-us,CC BY-NC 4.0 (YouGov public data license)
2025-07,ind,Social security,single_list,0.0,4,2025-07-07;2025-07-14;2025-07-21;2025-07-28,YouGov/Economist,US registered voters,Which of these is the most important issue for you?,https://yougov.com/en-us/trackers/most-important-issues-facing-the-us,CC BY-NC 4.0 (YouGov public data license)
2025-07,ind,Taxes and government spending,single_list,0.078,4,2025-07-07;2025-07-14;2025-07-21;2025-07-28,YouGov/Economist,US registered voters,Which of these is the most important issue for you?,https://yougov.com/en-us/trackers/most-important-issues-facing-the-us,CC BY-NC 4.0 (YouGov public data license)
2025-07,ind,Terrorism,single_list,0.0,4,2025-07-07;2025-07-14;2025-07-21;2025-07-28,YouGov/Economist,US registered voters,Which of these is the most important issue for you?,https://yougov.com/en-us/trackers/most-important-issues-facing-the-us,CC BY-NC 4.0 (YouGov public data license)
2025-07,ind,The budget deficit,single_list,0.0,4,2025-07-07;2025-07-14;2025-07-21;2025-07-28,YouGov/Economist,US registered voters,Which of these is the most important issue for you?,https://yougov.com/en-us/trackers/most-important-issues-facing-the-us,CC BY-NC 4.0 (YouGov public data license)
2025-07,ind,The war in Afghanistan,single_list,0.0,4,2025-07-07;2025-07-14;2025-07-21;2025-07-28,YouGov/Economist,US registered voters,Which of these is the most important issue for you?,https://yougov.com/en-us/trackers/most-important-issues-facing-the-us,CC BY-NC 4.0 (YouGov public data license)
2025-07,rep,Abortion,single_list,0.038,4,2025-07-07;2025-07-14;2025-07-21;2025-07-28,YouGov/Economist,US registered voters,Which of these is the most important issue for you?,https://yougov.com/en-us/trackers/most-important-issues-facing-the-us,CC BY-NC 4.0 (YouGov public data license)
2025-07,rep,Civil rights and civil liberties,single_list,0.02,4,2025-07-07;2025-07-14;2025-07-21;2025-07-28,YouGov/Economist,US registered voters,Which of these is the most important issue for you?,https://yougov.com/en-us/trackers/most-important-issues-facing-the-us,CC BY-NC 4.0 (YouGov public data license)
2025-07,rep,Climate change and the environment,single_list,0.01,4,2025-07-07;2025-07-14;2025-07-21;2025-07-28,YouGov/Economist,US registered voters,Which of these is the most important issue for you?,https://yougov.com/en-us/trackers/most-important-issues-facing-the-us,CC BY-NC 4.0 (YouGov public data license)
2025-07,rep,Crime and criminal justice reform,single_list,0.048,4,2025-07-07;2025-07-14;2025-07-21;2025-07-28,YouGov/Economist,US registered voters,Which of these is the most important issue for you?,https://yougov.com/en-us/trackers/most-important-issues-facing-the-us,CC BY-NC 4.0 (YouGov public data license)
2025-07,rep,Education,single_list,0.02,4,2025-07-07;2025-07-14;2025-07-21;2025-07-28,YouGov/Economist,US registered voters,Which of these is the most important issue for you?,https://yougov.com/en-us/trackers/most-important-issues-facing-the-us,CC BY-NC 4.0 (YouGov public data license)
2025-07,rep,Gay rights,single_list,0.0,4,2025-07-07;2025-07-14;2025-07-21;2025-07-28,YouGov/Economist,US registered voters,Which of these is the most important issue for you?,https://yougov.com/en-us/trackers/most-important-issues-facing-the-us,CC BY-NC 4.0 (YouGov public data license)
2025-07,rep,Gun control,single_list,0.01,4,2025-07-07;2025-07-14;2025-07-21;2025-07-28,YouGov/Economist,US registered voters,Which of these is the most important issue for you?,https://yougov.com/en-us/trackers/most-important-issues-facing-the-us,CC BY-NC 4.0 (YouGov public data license)
2025-07,rep,Health care,single_list,0.055,4,2025-07-07;2025-07-14;2025-07-21;2025-07-28,YouGov/Economist,US registered voters,Which of these is the most important issue for you?,https://yougov.com/en-us/trackers/most-important-issues-facing-the-us,CC BY-NC 4.0 (YouGov public data license)
2025-07,rep,Immigration,single_list,0.192,4,2025-07-07;2025-07-14;2025-07-21;2025-07-28,YouGov/Economist,US registered voters,Which of these is the most important issue for you?,https://yougov.com/en-us/trackers/most-important-issues-facing-the-us,CC BY-NC 4.0 (YouGov public data license)
2025-07,rep,Inflation/prices,single_list,0.245,4,2025-07-07;2025-07-14;2025-07-21;2025-07-28,YouGov/Economist,US registered voters,Which of these is the most important issue for you?,https://yougov.com/en-us/trackers/most-important-issues-facing-the-us,CC BY-NC 4.0 (YouGov public data license)
2025-07,rep,Jobs and the economy,single_list,0.132,4,2025-07-07;2025-07-14;2025-07-21;2025-07-28,YouGov/Economist,US registered voters,Which of these is the most important issue for you?,https://yougov.com/en-us/trackers/most-important-issues-facing-the-us,CC BY-NC 4.0 (YouGov public data license)
2025-07,rep,Medicare,single_list,0.0,4,2025-07-07;2025-07-14;2025-07-21;2025-07-28,YouGov/Economist,US registered voters,Which of these is the most important issue for you?,https://yougov.com/en-us/trackers/most-important-issues-facing-the-us,CC BY-NC 4.0 (YouGov public data license)
2025-07,rep,National Security and foreign policy,single_list,0.122,4,2025-07-07;2025-07-14;2025-07-21;2025-07-28,YouGov/Economist,US registered voters,Which of these is the most important issue for you?,https://yougov.com/en-us/trackers/most-important-issues-facing-the-us,CC BY-NC 4.0 (YouGov public data license)
2025-07,rep,Social security,single_list,0.0,4,2025-07-07;2025-07-14;2025-07-21;2025-07-28,YouGov/Economist,US registered voters,Which of these is the most important issue for you?,https://yougov.com/en-us/trackers/most-important-issues-facing-the-us,CC BY-NC 4.0 (YouGov public data license)
2025-07,rep,Taxes and government spending,single_list,0.118,4,2025-07-07;2025-07-14;2025-07-21;2025-07-28,YouGov/Economist,US registered voters,Which of these is the most important issue for you?,https://yougov.com/en-us/trackers/most-important-issues-facing-the-us,CC BY-NC 4.0 (YouGov public data license)
2025-07,rep,Terrorism,single_list,0.0,4,2025-07-07;2025-07-14;2025-07-21;2025-07-28,YouGov/Economist,US registered voters,Which of these is the most important issue for you?,https://yougov.com/en-us/trackers/most-important-issues-facing-the-us,CC BY-NC 4.0 (YouGov public data license)
2025-07,rep,The budget deficit,single_list,0.0,4,2025-07-07;2025-07-14;2025-07-21;2025-07-28,YouGov/Economist,US registered voters,Which of these is the most important issue for you?,https://yougov.com/en-us/trackers/most-important-issues-facing-the-us,CC BY-NC 4.0 (YouGov public data license)
2025-07,rep,The war in Afghanistan,single_list,0.0,4,2025-07-07;2025-07-14;2025-07-21;2025-07-28,YouGov/Economist,US registered voters,Which of these is the most important issue for you?,https://yougov.com/en-us/trackers/most-important-issues-facing-the-us,CC BY-NC 4.0 (YouGov public data license)
2025-08,all_rv,Abortion,single_list,0.03,4,2025-08-04;2025-08-11;2025-08-18;2025-08-25,YouGov/Economist,US registered voters,Which of these is the most important issue for you?,https://yougov.com/en-us/trackers/most-important-issues-facing-the-us,CC BY-NC 4.0 (YouGov public data license)
2025-08,all_rv,Civil rights and civil liberties,single_list,0.158,4,2025-08-04;2025-08-11;2025-08-18;2025-08-25,YouGov/Economist,US registered voters,Which of these is the most important issue for you?,https://yougov.com/en-us/trackers/most-important-issues-facing-the-us,CC BY-NC 4.0 (YouGov public data license)
2025-08,all_rv,Climate change and the environment,single_list,0.062,4,2025-08-04;2025-08-11;2025-08-18;2025-08-25,YouGov/Economist,US registered voters,Which of these is the most important issue for you?,https://yougov.com/en-us/trackers/most-important-issues-facing-the-us,CC BY-NC 4.0 (YouGov public data license)
2025-08,all_rv,Crime and criminal justice reform,single_list,0.04,4,2025-08-04;2025-08-11;2025-08-18;2025-08-25,YouGov/Economist,US registered voters,Which of these is the most important issue for you?,https://yougov.com/en-us/trackers/most-important-issues-facing-the-us,CC BY-NC 4.0 (YouGov public data license)
2025-08,all_rv,Education,single_list,0.025,4,2025-08-04;2025-08-11;2025-08-18;2025-08-25,YouGov/Economist,US registered voters,Which of these is the most important issue for you?,https://yougov.com/en-us/trackers/most-important-issues-facing-the-us,CC BY-NC 4.0 (YouGov public data license)
2025-08,all_rv,Gay rights,single_list,0.0,4,2025-08-04;2025-08-11;2025-08-18;2025-08-25,YouGov/Economist,US registered voters,Which of these is the most important issue for you?,https://yougov.com/en-us/trackers/most-important-issues-facing-the-us,CC BY-NC 4.0 (YouGov public data license)
2025-08,all_rv,Gun control,single_list,0.018,4,2025-08-04;2025-08-11;2025-08-18;2025-08-25,YouGov/Economist,US registered voters,Which of these is the most important issue for you?,https://yougov.com/en-us/trackers/most-important-issues-facing-the-us,CC BY-NC 4.0 (YouGov public data license)
2025-08,all_rv,Health care,single_list,0.092,4,2025-08-04;2025-08-11;2025-08-18;2025-08-25,YouGov/Economist,US registered voters,Which of these is the most important issue for you?,https://yougov.com/en-us/trackers/most-important-issues-facing-the-us,CC BY-NC 4.0 (YouGov public data license)
2025-08,all_rv,Immigration,single_list,0.09,4,2025-08-04;2025-08-11;2025-08-18;2025-08-25,YouGov/Economist,US registered voters,Which of these is the most important issue for you?,https://yougov.com/en-us/trackers/most-important-issues-facing-the-us,CC BY-NC 4.0 (YouGov public data license)
2025-08,all_rv,Inflation/prices,single_list,0.208,4,2025-08-04;2025-08-11;2025-08-18;2025-08-25,YouGov/Economist,US registered voters,Which of these is the most important issue for you?,https://yougov.com/en-us/trackers/most-important-issues-facing-the-us,CC BY-NC 4.0 (YouGov public data license)
2025-08,all_rv,Jobs and the economy,single_list,0.128,4,2025-08-04;2025-08-11;2025-08-18;2025-08-25,YouGov/Economist,US registered voters,Which of these is the most important issue for you?,https://yougov.com/en-us/trackers/most-important-issues-facing-the-us,CC BY-NC 4.0 (YouGov public data license)
2025-08,all_rv,Medicare,single_list,0.0,4,2025-08-04;2025-08-11;2025-08-18;2025-08-25,YouGov/Economist,US registered voters,Which of these is the most important issue for you?,https://yougov.com/en-us/trackers/most-important-issues-facing-the-us,CC BY-NC 4.0 (YouGov public data license)
2025-08,all_rv,National Security and foreign policy,single_list,0.065,4,2025-08-04;2025-08-11;2025-08-18;2025-08-25,YouGov/Economist,US registered voters,Which of these is the most important issue for you?,https://yougov.com/en-us/trackers/most-important-issues-facing-the-us,CC BY-NC 4.0 (YouGov public data license)
2025-08,all_rv,Social security,single_list,0.0,4,2025-08-04;2025-08-11;2025-08-18;2025-08-25,YouGov/Economist,US registered voters,Which of these is the most important issue for you?,https://yougov.com/en-us/trackers/most-important-issues-facing-the-us,CC BY-NC 4.0 (YouGov public data license)
2025-08,all_rv,Taxes and government spending,single_list,0.08,4,2025-08-04;2025-08-11;2025-08-18;2025-08-25,YouGov/Economist,US registered voters,Which of these is the most important issue for you?,https://yougov.com/en-us/trackers/most-important-issues-facing-the-us,CC BY-NC 4.0 (YouGov public data license)
2025-08,all_rv,Terrorism,single_list,0.0,4,2025-08-04;2025-08-11;2025-08-18;2025-08-25,YouGov/Economist,US registered voters,Which of these is the most important issue for you?,https://yougov.com/en-us/trackers/most-important-issues-facing-the-us,CC BY-NC 4.0 (YouGov public data license)
2025-08,all_rv,The budget deficit,single_list,0.0,4,2025-08-04;2025-08-11;2025-08-18;2025-08-25,YouGov/Economist,US registered voters,Which of these is the most important issue for you?,https://yougov.com/en-us/trackers/most-important-issues-facing-the-us,CC BY-NC 4.0 (YouGov public data license)
2025-08,all_rv,The war in Afghanistan,single_list,0.0,4,2025-08-04;2025-08-11;2025-08-18;2025-08-25,YouGov/Economist,US registered voters,Which of these is the most important issue for you?,https://yougov.com/en-us/trackers/most-important-issues-facing-the-us,CC BY-NC 4.0 (YouGov public data license)
2025-08,dem,Abortion,single_list,0.028,4,2025-08-04;2025-08-11;2025-08-18;2025-08-25,YouGov/Economist,US registered voters,Which of these is the most important issue for you?,https://yougov.com/en-us/trackers/most-important-issues-facing-the-us,CC BY-NC 4.0 (YouGov public data license)
2025-08,dem,Civil rights and civil liberties,single_list,0.285,4,2025-08-04;2025-08-11;2025-08-18;2025-08-25,YouGov/Economist,US registered voters,Which of these is the most important issue for you?,https://yougov.com/en-us/trackers/most-important-issues-facing-the-us,CC BY-NC 4.0 (YouGov public data license)
2025-08,dem,Climate change and the environment,single_list,0.105,4,2025-08-04;2025-08-11;2025-08-18;2025-08-25,YouGov/Economist,US registered voters,Which of these is the most important issue for you?,https://yougov.com/en-us/trackers/most-important-issues-facing-the-us,CC BY-NC 4.0 (YouGov public data license)
2025-08,dem,Crime and criminal justice reform,single_list,0.03,4,2025-08-04;2025-08-11;2025-08-18;2025-08-25,YouGov/Economist,US registered voters,Which of these is the most important issue for you?,https://yougov.com/en-us/trackers/most-important-issues-facing-the-us,CC BY-NC 4.0 (YouGov public data license)
2025-08,dem,Education,single_list,0.038,4,2025-08-04;2025-08-11;2025-08-18;2025-08-25,YouGov/Economist,US registered voters,Which of these is the most important issue for you?,https://yougov.com/en-us/trackers/most-important-issues-facing-the-us,CC BY-NC 4.0 (YouGov public data license)
2025-08,dem,Gay rights,single_list,0.0,4,2025-08-04;2025-08-11;2025-08-18;2025-08-25,YouGov/Economist,US registered voters,Which of these is the most important issue for you?,https://yougov.com/en-us/trackers/most-important-issues-facing-the-us,CC BY-NC 4.0 (YouGov public data license)
2025-08,dem,Gun control,single_list,0.025,4,2025-08-04;2025-08-11;2025-08-18;2025-08-25,YouGov/Economist,US registered voters,Which of these is the most important issue for you?,https://yougov.com/en-us/trackers/most-important-issues-facing-the-us,CC BY-NC 4.0 (YouGov public data license)
2025-08,dem,Health care,single_list,0.135,4,2025-08-04;2025-08-11;2025-08-18;2025-08-25,YouGov/Economist,US registered voters,Which of these is the most important issue for you?,https://yougov.com/en-us/trackers/most-important-issues-facing-the-us,CC BY-NC 4.0 (YouGov public data license)
2025-08,dem,Immigration,single_list,0.022,4,2025-08-04;2025-08-11;2025-08-18;2025-08-25,YouGov/Economist,US registered voters,Which of these is the most important issue for you?,https://yougov.com/en-us/trackers/most-important-issues-facing-the-us,CC BY-NC 4.0 (YouGov public data license)
2025-08,dem,Inflation/prices,single_list,0.175,4,2025-08-04;2025-08-11;2025-08-18;2025-08-25,YouGov/Economist,US registered voters,Which of these is the most important issue for you?,https://yougov.com/en-us/trackers/most-important-issues-facing-the-us,CC BY-NC 4.0 (YouGov public data license)
2025-08,dem,Jobs and the economy,single_list,0.105,4,2025-08-04;2025-08-11;2025-08-18;2025-08-25,YouGov/Economist,US registered voters,Which of these is the most important issue for you?,https://yougov.com/en-us/trackers/most-important-issues-facing-the-us,CC BY-NC 4.0 (YouGov public data license)
2025-08,dem,Medicare,single_list,0.0,4,2025-08-04;2025-08-11;2025-08-18;2025-08-25,YouGov/Economist,US registered voters,Which of these is the most important issue for you?,https://yougov.com/en-us/trackers/most-important-issues-facing-the-us,CC BY-NC 4.0 (YouGov public data license)
2025-08,dem,National Security and foreign policy,single_list,0.025,4,2025-08-04;2025-08-11;2025-08-18;2025-08-25,YouGov/Economist,US registered voters,Which of these is the most important issue for you?,https://yougov.com/en-us/trackers/most-important-issues-facing-the-us,CC BY-NC 4.0 (YouGov public data license)
2025-08,dem,Social security,single_list,0.0,4,2025-08-04;2025-08-11;2025-08-18;2025-08-25,YouGov/Economist,US registered voters,Which of these is the most important issue for you?,https://yougov.com/en-us/trackers/most-important-issues-facing-the-us,CC BY-NC 4.0 (YouGov public data license)
2025-08,dem,Taxes and government spending,single_list,0.025,4,2025-08-04;2025-08-11;2025-08-18;2025-08-25,YouGov/Economist,US registered voters,Which of these is the most important issue for you?,https://yougov.com/en-us/trackers/most-important-issues-facing-the-us,CC BY-NC 4.0 (YouGov public data license)
2025-08,dem,Terrorism,single_list,0.0,4,2025-08-04;2025-08-11;2025-08-18;2025-08-25,YouGov/Economist,US registered voters,Which of these is the most important issue for you?,https://yougov.com/en-us/trackers/most-important-issues-facing-the-us,CC BY-NC 4.0 (YouGov public data license)
2025-08,dem,The budget deficit,single_list,0.0,4,2025-08-04;2025-08-11;2025-08-18;2025-08-25,YouGov/Economist,US registered voters,Which of these is the most important issue for you?,https://yougov.com/en-us/trackers/most-important-issues-facing-the-us,CC BY-NC 4.0 (YouGov public data license)
2025-08,dem,The war in Afghanistan,single_list,0.0,4,2025-08-04;2025-08-11;2025-08-18;2025-08-25,YouGov/Economist,US registered voters,Which of these is the most important issue for you?,https://yougov.com/en-us/trackers/most-important-issues-facing-the-us,CC BY-NC 4.0 (YouGov public data license)
2025-08,ind,Abortion,single_list,0.022,4,2025-08-04;2025-08-11;2025-08-18;2025-08-25,YouGov/Economist,US registered voters,Which of these is the most important issue for you?,https://yougov.com/en-us/trackers/most-important-issues-facing-the-us,CC BY-NC 4.0 (YouGov public data license)
2025-08,ind,Civil rights and civil liberties,single_list,0.173,4,2025-08-04;2025-08-11;2025-08-18;2025-08-25,YouGov/Economist,US registered voters,Which of these is the most important issue for you?,https://yougov.com/en-us/trackers/most-important-issues-facing-the-us,CC BY-NC 4.0 (YouGov public data license)
2025-08,ind,Climate change and the environment,single_list,0.08,4,2025-08-04;2025-08-11;2025-08-18;2025-08-25,YouGov/Economist,US registered voters,Which of these is the most important issue for you?,https://yougov.com/en-us/trackers/most-important-issues-facing-the-us,CC BY-NC 4.0 (YouGov public data license)
2025-08,ind,Crime and criminal justice reform,single_list,0.038,4,2025-08-04;2025-08-11;2025-08-18;2025-08-25,YouGov/Economist,US registered voters,Which of these is the most important issue for you?,https://yougov.com/en-us/trackers/most-important-issues-facing-the-us,CC BY-NC 4.0 (YouGov public data license)
2025-08,ind,Education,single_list,0.03,4,2025-08-04;2025-08-11;2025-08-18;2025-08-25,YouGov/Economist,US registered voters,Which of these is the most important issue for you?,https://yougov.com/en-us/trackers/most-important-issues-facing-the-us,CC BY-NC 4.0 (YouGov public data license)
2025-08,ind,Gay rights,single_list,0.0,4,2025-08-04;2025-08-11;2025-08-18;2025-08-25,YouGov/Economist,US registered voters,Which of these is the most important issue for you?,https://yougov.com/en-us/trackers/most-important-issues-facing-the-us,CC BY-NC 4.0 (YouGov public data license)
2025-08,ind,Gun control,single_list,0.015,4,2025-08-04;2025-08-11;2025-08-18;2025-08-25,YouGov/Economist,US registered voters,Which of these is the most important issue for you?,https://yougov.com/en-us/trackers/most-important-issues-facing-the-us,CC BY-NC 4.0 (YouGov public data license)
2025-08,ind,Health care,single_list,0.098,4,2025-08-04;2025-08-11;2025-08-18;2025-08-25,YouGov/Economist,US registered voters,Which of these is the most important issue for you?,https://yougov.com/en-us/trackers/most-important-issues-facing-the-us,CC BY-NC 4.0 (YouGov public data license)
2025-08,ind,Immigration,single_list,0.068,4,2025-08-04;2025-08-11;2025-08-18;2025-08-25,YouGov/Economist,US registered voters,Which of these is the most important issue for you?,https://yougov.com/en-us/trackers/most-important-issues-facing-the-us,CC BY-NC 4.0 (YouGov public data license)
2025-08,ind,Inflation/prices,single_list,0.2,4,2025-08-04;2025-08-11;2025-08-18;2025-08-25,YouGov/Economist,US registered voters,Which of these is the most important issue for you?,https://yougov.com/en-us/trackers/most-important-issues-facing-the-us,CC BY-NC 4.0 (YouGov public data license)
2025-08,ind,Jobs and the economy,single_list,0.128,4,2025-08-04;2025-08-11;2025-08-18;2025-08-25,YouGov/Economist,US registered voters,Which of these is the most important issue for you?,https://yougov.com/en-us/trackers/most-important-issues-facing-the-us,CC BY-NC 4.0 (YouGov public data license)
2025-08,ind,Medicare,single_list,0.0,4,2025-08-04;2025-08-11;2025-08-18;2025-08-25,YouGov/Economist,US registered voters,Which of these is the most important issue for you?,https://yougov.com/en-us/trackers/most-important-issues-facing-the-us,CC BY-NC 4.0 (YouGov public data license)
2025-08,ind,National Security and foreign policy,single_list,0.065,4,2025-08-04;2025-08-11;2025-08-18;2025-08-25,YouGov/Economist,US registered voters,Which of these is the most important issue for you?,https://yougov.com/en-us/trackers/most-important-issues-facing-the-us,CC BY-NC 4.0 (YouGov public data license)
2025-08,ind,Social security,single_list,0.0,4,2025-08-04;2025-08-11;2025-08-18;2025-08-25,YouGov/Economist,US registered voters,Which of these is the most important issue for you?,https://yougov.com/en-us/trackers/most-important-issues-facing-the-us,CC BY-NC 4.0 (YouGov public data license)
2025-08,ind,Taxes and government spending,single_list,0.08,4,2025-08-04;2025-08-11;2025-08-18;2025-08-25,YouGov/Economist,US registered voters,Which of these is the most important issue for you?,https://yougov.com/en-us/trackers/most-important-issues-facing-the-us,CC BY-NC 4.0 (YouGov public data license)
2025-08,ind,Terrorism,single_list,0.0,4,2025-08-04;2025-08-11;2025-08-18;2025-08-25,YouGov/Economist,US registered voters,Which of these is the most important issue for you?,https://yougov.com/en-us/trackers/most-important-issues-facing-the-us,CC BY-NC 4.0 (YouGov public data license)
2025-08,ind,The budget deficit,single_list,0.0,4,2025-08-04;2025-08-11;2025-08-18;2025-08-25,YouGov/Economist,US registered voters,Which of these is the most important issue for you?,https://yougov.com/en-us/trackers/most-important-issues-facing-the-us,CC BY-NC 4.0 (YouGov public data license)
2025-08,ind,The war in Afghanistan,single_list,0.0,4,2025-08-04;2025-08-11;2025-08-18;2025-08-25,YouGov/Economist,US registered voters,Which of these is the most important issue for you?,https://yougov.com/en-us/trackers/most-important-issues-facing-the-us,CC BY-NC 4.0 (YouGov public data license)
2025-08,rep,Abortion,single_list,0.042,4,2025-08-04;2025-08-11;2025-08-18;2025-08-25,YouGov/Economist,US registered voters,Which of these is the most important issue for you?,https://yougov.com/en-us/trackers/most-important-issues-facing-the-us,CC BY-NC 4.0 (YouGov public data license)
2025-08,rep,Civil rights and civil liberties,single_list,0.02,4,2025-08-04;2025-08-11;2025-08-18;2025-08-25,YouGov/Economist,US registered voters,Which of these is the most important issue for you?,https://yougov.com/en-us/trackers/most-important-issues-facing-the-us,CC BY-NC 4.0 (YouGov public data license)
2025-08,rep,Climate change and the environment,single_list,0.002,4,2025-08-04;2025-08-11;2025-08-18;2025-08-25,YouGov/Economist,US registered voters,Which of these is the most important issue for you?,https://yougov.com/en-us/trackers/most-important-issues-facing-the-us,CC BY-NC 4.0 (YouGov public data license)
2025-08,rep,Crime and criminal justice reform,single_list,0.05,4,2025-08-04;2025-08-11;2025-08-18;2025-08-25,YouGov/Economist,US registered voters,Which of these is the most important issue for you?,https://yougov.com/en-us/trackers/most-important-issues-facing-the-us,CC BY-NC 4.0 (YouGov public data license)
2025-08,rep,Education,single_list,0.017,4,2025-08-04;2025-08-11;2025-08-18;2025-08-25,YouGov/Economist,US registered voters,Which of these is the most important issue for you?,https://yougov.com/en-us/trackers/most-important-issues-facing-the-us,CC BY-NC 4.0 (YouGov public data license)
2025-08,rep,Gay rights,single_list,0.0,4,2025-08-04;2025-08-11;2025-08-18;2025-08-25,YouGov/Economist,US registered voters,Which of these is the most important issue for you?,https://yougov.com/en-us/trackers/most-important-issues-facing-the-us,CC BY-NC 4.0 (YouGov public data license)
2025-08,rep,Gun control,single_list,0.008,4,2025-08-04;2025-08-11;2025-08-18;2025-08-25,YouGov/Economist,US registered voters,Which of these is the most important issue for you?,https://yougov.com/en-us/trackers/most-important-issues-facing-the-us,CC BY-NC 4.0 (YouGov public data license)
2025-08,rep,Health care,single_list,0.055,4,2025-08-04;2025-08-11;2025-08-18;2025-08-25,YouGov/Economist,US registered voters,Which of these is the most important issue for you?,https://yougov.com/en-us/trackers/most-important-issues-facing-the-us,CC BY-NC 4.0 (YouGov public data license)
2025-08,rep,Immigration,single_list,0.17,4,2025-08-04;2025-08-11;2025-08-18;2025-08-25,YouGov/Economist,US registered voters,Which of these is the most important issue for you?,https://yougov.com/en-us/trackers/most-important-issues-facing-the-us,CC BY-NC 4.0 (YouGov public data license)
2025-08,rep,Inflation/prices,single_list,0.25,4,2025-08-04;2025-08-11;2025-08-18;2025-08-25,YouGov/Economist,US registered voters,Which of these is the most important issue for you?,https://yougov.com/en-us/trackers/most-important-issues-facing-the-us,CC BY-NC 4.0 (YouGov public data license)
2025-08,rep,Jobs and the economy,single_list,0.145,4,2025-08-04;2025-08-11;2025-08-18;2025-08-25,YouGov/Economist,US registered voters,Which of these is the most important issue for you?,https://yougov.com/en-us/trackers/most-important-issues-facing-the-us,CC BY-NC 4.0 (YouGov public data license)
2025-08,rep,Medicare,single_list,0.0,4,2025-08-04;2025-08-11;2025-08-18;2025-08-25,YouGov/Economist,US registered voters,Which of these is the most important issue for you?,https://yougov.com/en-us/trackers/most-important-issues-facing-the-us,CC BY-NC 4.0 (YouGov public data license)
2025-08,rep,National Security and foreign policy,single_list,0.11,4,2025-08-04;2025-08-11;2025-08-18;2025-08-25,YouGov/Economist,US registered voters,Which of these is the most important issue for you?,https://yougov.com/en-us/trackers/most-important-issues-facing-the-us,CC BY-NC 4.0 (YouGov public data license)
2025-08,rep,Social security,single_list,0.0,4,2025-08-04;2025-08-11;2025-08-18;2025-08-25,YouGov/Economist,US registered voters,Which of these is the most important issue for you?,https://yougov.com/en-us/trackers/most-important-issues-facing-the-us,CC BY-NC 4.0 (YouGov public data license)
2025-08,rep,Taxes and government spending,single_list,0.125,4,2025-08-04;2025-08-11;2025-08-18;2025-08-25,YouGov/Economist,US registered voters,Which of these is the most important issue for you?,https://yougov.com/en-us/trackers/most-important-issues-facing-the-us,CC BY-NC 4.0 (YouGov public data license)
2025-08,rep,Terrorism,single_list,0.0,4,2025-08-04;2025-08-11;2025-08-18;2025-08-25,YouGov/Economist,US registered voters,Which of these is the most important issue for you?,https://yougov.com/en-us/trackers/most-important-issues-facing-the-us,CC BY-NC 4.0 (YouGov public data license)
2025-08,rep,The budget deficit,single_list,0.0,4,2025-08-04;2025-08-11;2025-08-18;2025-08-25,YouGov/Economist,US registered voters,Which of these is the most important issue for you?,https://yougov.com/en-us/trackers/most-important-issues-facing-the-us,CC BY-NC 4.0 (YouGov public data license)
2025-08,rep,The war in Afghanistan,single_list,0.0,4,2025-08-04;2025-08-11;2025-08-18;2025-08-25,YouGov/Economist,US registered voters,Which of these is the most important issue for you?,https://yougov.com/en-us/trackers/most-important-issues-facing-the-us,CC BY-NC 4.0 (YouGov public data license)
2025-09,all_rv,Abortion,single_list,0.028,5,2025-09-02;2025-09-08;2025-09-15;2025-09-22;2025-09-29,YouGov/Economist,US registered voters,Which of these is the most important issue for you?,https://yougov.com/en-us/trackers/most-important-issues-facing-the-us,CC BY-NC 4.0 (YouGov public data license)
2025-09,all_rv,Civil rights and civil liberties,single_list,0.154,5,2025-09-02;2025-09-08;2025-09-15;2025-09-22;2025-09-29,YouGov/Economist,US registered voters,Which of these is the most important issue for you?,https://yougov.com/en-us/trackers/most-important-issues-facing-the-us,CC BY-NC 4.0 (YouGov public data license)
2025-09,all_rv,Climate change and the environment,single_list,0.058,5,2025-09-02;2025-09-08;2025-09-15;2025-09-22;2025-09-29,YouGov/Economist,US registered voters,Which of these is the most important issue for you?,https://yougov.com/en-us/trackers/most-important-issues-facing-the-us,CC BY-NC 4.0 (YouGov public data license)
2025-09,all_rv,Crime and criminal justice reform,single_list,0.052,5,2025-09-02;2025-09-08;2025-09-15;2025-09-22;2025-09-29,YouGov/Economist,US registered voters,Which of these is the most important issue for you?,https://yougov.com/en-us/trackers/most-important-issues-facing-the-us,CC BY-NC 4.0 (YouGov public data license)
2025-09,all_rv,Education,single_list,0.026,5,2025-09-02;2025-09-08;2025-09-15;2025-09-22;2025-09-29,YouGov/Economist,US registered voters,Which of these is the most important issue for you?,https://yougov.com/en-us/trackers/most-important-issues-facing-the-us,CC BY-NC 4.0 (YouGov public data license)
2025-09,all_rv,Gay rights,single_list,0.0,5,2025-09-02;2025-09-08;2025-09-15;2025-09-22;2025-09-29,YouGov/Economist,US registered voters,Which of these is the most important issue for you?,https://yougov.com/en-us/trackers/most-important-issues-facing-the-us,CC BY-NC 4.0 (YouGov public data license)
2025-09,all_rv,Gun control,single_list,0.03,5,2025-09-02;2025-09-08;2025-09-15;2025-09-22;2025-09-29,YouGov/Economist,US registered voters,Which of these is the most important issue for you?,https://yougov.com/en-us/trackers/most-important-issues-facing-the-us,CC BY-NC 4.0 (YouGov public data license)
2025-09,all_rv,Health care,single_list,0.09,5,2025-09-02;2025-09-08;2025-09-15;2025-09-22;2025-09-29,YouGov/Economist,US registered voters,Which of these is the most important issue for you?,https://yougov.com/en-us/trackers/most-important-issues-facing-the-us,CC BY-NC 4.0 (YouGov public data license)
2025-09,all_rv,Immigration,single_list,0.09,5,2025-09-02;2025-09-08;2025-09-15;2025-09-22;2025-09-29,YouGov/Economist,US registered voters,Which of these is the most important issue for you?,https://yougov.com/en-us/trackers/most-important-issues-facing-the-us,CC BY-NC 4.0 (YouGov public data license)
2025-09,all_rv,Inflation/prices,single_list,0.218,5,2025-09-02;2025-09-08;2025-09-15;2025-09-22;2025-09-29,YouGov/Economist,US registered voters,Which of these is the most important issue for you?,https://yougov.com/en-us/trackers/most-important-issues-facing-the-us,CC BY-NC 4.0 (YouGov public data license)
2025-09,all_rv,Jobs and the economy,single_list,0.126,5,2025-09-02;2025-09-08;2025-09-15;2025-09-22;2025-09-29,YouGov/Economist,US registered voters,Which of these is the most important issue for you?,https://yougov.com/en-us/trackers/most-important-issues-facing-the-us,CC BY-NC 4.0 (YouGov public data license)
2025-09,all_rv,Medicare,single_list,0.0,5,2025-09-02;2025-09-08;2025-09-15;2025-09-22;2025-09-29,YouGov/Economist,US registered voters,Which of these is the most important issue for you?,https://yougov.com/en-us/trackers/most-important-issues-facing-the-us,CC BY-NC 4.0 (YouGov public data license)
2025-09,all_rv,National Security and foreign policy,single_list,0.076,5,2025-09-02;2025-09-08;2025-09-15;2025-09-22;2025-09-29,YouGov/Economist,US registered voters,Which of these is the most important issue for you?,https://yougov.com/en-us/trackers/most-important-issues-facing-the-us,CC BY-NC 4.0 (YouGov public data license)
2025-09,all_rv,Social security,single_list,0.0,5,2025-09-02;2025-09-08;2025-09-15;2025-09-22;2025-09-29,YouGov/Economist,US registered voters,Which of these is the most important issue for you?,https://yougov.com/en-us/trackers/most-important-issues-facing-the-us,CC BY-NC 4.0 (YouGov public data license)
2025-09,all_rv,Taxes and government spending,single_list,0.064,5,2025-09-02;2025-09-08;2025-09-15;2025-09-22;2025-09-29,YouGov/Economist,US registered voters,Which of these is the most important issue for you?,https://yougov.com/en-us/trackers/most-important-issues-facing-the-us,CC BY-NC 4.0 (YouGov public data license)
2025-09,all_rv,Terrorism,single_list,0.0,5,2025-09-02;2025-09-08;2025-09-15;2025-09-22;2025-09-29,YouGov/Economist,US registered voters,Which of these is the most important issue for you?,https://yougov.com/en-us/trackers/most-important-issues-facing-the-us,CC BY-NC 4.0 (YouGov public data license)
2025-09,all_rv,The budget deficit,single_list,0.0,5,2025-09-02;2025-09-08;2025-09-15;2025-09-22;2025-09-29,YouGov/Economist,US registered voters,Which of these is the most important issue for you?,https://yougov.com/en-us/trackers/most-important-issues-facing-the-us,CC BY-NC 4.0 (YouGov public data license)
2025-09,all_rv,The war in Afghanistan,single_list,0.0,5,2025-09-02;2025-09-08;2025-09-15;2025-09-22;2025-09-29,YouGov/Economist,US registered voters,Which of these is the most important issue for you?,https://yougov.com/en-us/trackers/most-important-issues-facing-the-us,CC BY-NC 4.0 (YouGov public data license)
2025-09,dem,Abortion,single_list,0.018,5,2025-09-02;2025-09-08;2025-09-15;2025-09-22;2025-09-29,YouGov/Economist,US registered voters,Which of these is the most important issue for you?,https://yougov.com/en-us/trackers/most-important-issues-facing-the-us,CC BY-NC 4.0 (YouGov public data license)
2025-09,dem,Civil rights and civil liberties,single_list,0.27,5,2025-09-02;2025-09-08;2025-09-15;2025-09-22;2025-09-29,YouGov/Economist,US registered voters,Which of these is the most important issue for you?,https://yougov.com/en-us/trackers/most-important-issues-facing-the-us,CC BY-NC 4.0 (YouGov public data license)
2025-09,dem,Climate change and the environment,single_list,0.1,5,2025-09-02;2025-09-08;2025-09-15;2025-09-22;2025-09-29,YouGov/Economist,US registered voters,Which of these is the most important issue for you?,https://yougov.com/en-us/trackers/most-important-issues-facing-the-us,CC BY-NC 4.0 (YouGov public data license)
2025-09,dem,Crime and criminal justice reform,single_list,0.028,5,2025-09-02;2025-09-08;2025-09-15;2025-09-22;2025-09-29,YouGov/Economist,US registered voters,Which of these is the most important issue for you?,https://yougov.com/en-us/trackers/most-important-issues-facing-the-us,CC BY-NC 4.0 (YouGov public data license)
2025-09,dem,Education,single_list,0.022,5,2025-09-02;2025-09-08;2025-09-15;2025-09-22;2025-09-29,YouGov/Economist,US registered voters,Which of these is the most important issue for you?,https://yougov.com/en-us/trackers/most-important-issues-facing-the-us,CC BY-NC 4.0 (YouGov public data license)
2025-09,dem,Gay rights,single_list,0.0,5,2025-09-02;2025-09-08;2025-09-15;2025-09-22;2025-09-29,YouGov/Economist,US registered voters,Which of these is the most important issue for you?,https://yougov.com/en-us/trackers/most-important-issues-facing-the-us,CC BY-NC 4.0 (YouGov public data license)
2025-09,dem,Gun control,single_list,0.042,5,2025-09-02;2025-09-08;2025-09-15;2025-09-22;2025-09-29,YouGov/Economist,US registered voters,Which of these is the most important issue for you?,https://yougov.com/en-us/trackers/most-important-issues-facing-the-us,CC BY-NC 4.0 (YouGov public data license)
2025-09,dem,Health care,single_list,0.132,5,2025-09-02;2025-09-08;2025-09-15;2025-09-22;2025-09-29,YouGov/Economist,US registered voters,Which of these is the most important issue for you?,https://yougov.com/en-us/trackers/most-important-issues-facing-the-us,CC BY-NC 4.0 (YouGov public data license)
2025-09,dem,Immigration,single_list,0.022,5,2025-09-02;2025-09-08;2025-09-15;2025-09-22;2025-09-29,YouGov/Economist,US registered voters,Which of these is the most important issue for you?,https://yougov.com/en-us/trackers/most-important-issues-facing-the-us,CC BY-NC 4.0 (YouGov public data license)
2025-09,dem,Inflation/prices,single_list,0.2,5,2025-09-02;2025-09-08;2025-09-15;2025-09-22;2025-09-29,YouGov/Economist,US registered voters,Which of these is the most important issue for you?,https://yougov.com/en-us/trackers/most-important-issues-facing-the-us,CC BY-NC 4.0 (YouGov public data license)
2025-09,dem,Jobs and the economy,single_list,0.108,5,2025-09-02;2025-09-08;2025-09-15;2025-09-22;2025-09-29,YouGov/Economist,US registered voters,Which of these is the most important issue for you?,https://yougov.com/en-us/trackers/most-important-issues-facing-the-us,CC BY-NC 4.0 (YouGov public data license)
2025-09,dem,Medicare,single_list,0.0,5,2025-09-02;2025-09-08;2025-09-15;2025-09-22;2025-09-29,YouGov/Economist,US registered voters,Which of these is the most important issue for you?,https://yougov.com/en-us/trackers/most-important-issues-facing-the-us,CC BY-NC 4.0 (YouGov public data license)
2025-09,dem,National Security and foreign policy,single_list,0.032,5,2025-09-02;2025-09-08;2025-09-15;2025-09-22;2025-09-29,YouGov/Economist,US registered voters,Which of these is the most important issue for you?,https://yougov.com/en-us/trackers/most-important-issues-facing-the-us,CC BY-NC 4.0 (YouGov public data license)
2025-09,dem,Social security,single_list,0.0,5,2025-09-02;2025-09-08;2025-09-15;2025-09-22;2025-09-29,YouGov/Economist,US registered voters,Which of these is the most important issue for you?,https://yougov.com/en-us/trackers/most-important-issues-facing-the-us,CC BY-NC 4.0 (YouGov public data license)
2025-09,dem,Taxes and government spending,single_list,0.022,5,2025-09-02;2025-09-08;2025-09-15;2025-09-22;2025-09-29,YouGov/Economist,US registered voters,Which of these is the most important issue for you?,https://yougov.com/en-us/trackers/most-important-issues-facing-the-us,CC BY-NC 4.0 (YouGov public data license)
2025-09,dem,Terrorism,single_list,0.0,5,2025-09-02;2025-09-08;2025-09-15;2025-09-22;2025-09-29,YouGov/Economist,US registered voters,Which of these is the most important issue for you?,https://yougov.com/en-us/trackers/most-important-issues-facing-the-us,CC BY-NC 4.0 (YouGov public data license)
2025-09,dem,The budget deficit,single_list,0.0,5,2025-09-02;2025-09-08;2025-09-15;2025-09-22;2025-09-29,YouGov/Economist,US registered voters,Which of these is the most important issue for you?,https://yougov.com/en-us/trackers/most-important-issues-facing-the-us,CC BY-NC 4.0 (YouGov public data license)
2025-09,dem,The war in Afghanistan,single_list,0.0,5,2025-09-02;2025-09-08;2025-09-15;2025-09-22;2025-09-29,YouGov/Economist,US registered voters,Which of these is the most important issue for you?,https://yougov.com/en-us/trackers/most-important-issues-facing-the-us,CC BY-NC 4.0 (YouGov public data license)
2025-09,ind,Abortion,single_list,0.028,5,2025-09-02;2025-09-08;2025-09-15;2025-09-22;2025-09-29,YouGov/Economist,US registered voters,Which of these is the most important issue for you?,https://yougov.com/en-us/trackers/most-important-issues-facing-the-us,CC BY-NC 4.0 (YouGov public data license)
2025-09,ind,Civil rights and civil liberties,single_list,0.186,5,2025-09-02;2025-09-08;2025-09-15;2025-09-22;2025-09-29,YouGov/Economist,US registered voters,Which of these is the most important issue for you?,https://yougov.com/en-us/trackers/most-important-issues-facing-the-us,CC BY-NC 4.0 (YouGov public data license)
2025-09,ind,Climate change and the environment,single_list,0.068,5,2025-09-02;2025-09-08;2025-09-15;2025-09-22;2025-09-29,YouGov/Economist,US registered voters,Which of these is the most important issue for you?,https://yougov.com/en-us/trackers/most-important-issues-facing-the-us,CC BY-NC 4.0 (YouGov public data license)
2025-09,ind,Crime and criminal justice reform,single_list,0.04,5,2025-09-02;2025-09-08;2025-09-15;2025-09-22;2025-09-29,YouGov/Economist,US registered voters,Which of these is the most important issue for you?,https://yougov.com/en-us/trackers/most-important-issues-facing-the-us,CC BY-NC 4.0 (YouGov public data license)
2025-09,ind,Education,single_list,0.02,5,2025-09-02;2025-09-08;2025-09-15;2025-09-22;2025-09-29,YouGov/Economist,US registered voters,Which of these is the most important issue for you?,https://yougov.com/en-us/trackers/most-important-issues-facing-the-us,CC BY-NC 4.0 (YouGov public data license)
2025-09,ind,Gay rights,single_list,0.0,5,2025-09-02;2025-09-08;2025-09-15;2025-09-22;2025-09-29,YouGov/Economist,US registered voters,Which of these is the most important issue for you?,https://yougov.com/en-us/trackers/most-important-issues-facing-the-us,CC BY-NC 4.0 (YouGov public data license)
2025-09,ind,Gun control,single_list,0.024,5,2025-09-02;2025-09-08;2025-09-15;2025-09-22;2025-09-29,YouGov/Economist,US registered voters,Which of these is the most important issue for you?,https://yougov.com/en-us/trackers/most-important-issues-facing-the-us,CC BY-NC 4.0 (YouGov public data license)
2025-09,ind,Health care,single_list,0.088,5,2025-09-02;2025-09-08;2025-09-15;2025-09-22;2025-09-29,YouGov/Economist,US registered voters,Which of these is the most important issue for you?,https://yougov.com/en-us/trackers/most-important-issues-facing-the-us,CC BY-NC 4.0 (YouGov public data license)
2025-09,ind,Immigration,single_list,0.082,5,2025-09-02;2025-09-08;2025-09-15;2025-09-22;2025-09-29,YouGov/Economist,US registered voters,Which of these is the most important issue for you?,https://yougov.com/en-us/trackers/most-important-issues-facing-the-us,CC BY-NC 4.0 (YouGov public data license)
2025-09,ind,Inflation/prices,single_list,0.218,5,2025-09-02;2025-09-08;2025-09-15;2025-09-22;2025-09-29,YouGov/Economist,US registered voters,Which of these is the most important issue for you?,https://yougov.com/en-us/trackers/most-important-issues-facing-the-us,CC BY-NC 4.0 (YouGov public data license)
2025-09,ind,Jobs and the economy,single_list,0.126,5,2025-09-02;2025-09-08;2025-09-15;2025-09-22;2025-09-29,YouGov/Economist,US registered voters,Which of these is the most important issue for you?,https://yougov.com/en-us/trackers/most-important-issues-facing-the-us,CC BY-NC 4.0 (YouGov public data license)
2025-09,ind,Medicare,single_list,0.0,5,2025-09-02;2025-09-08;2025-09-15;2025-09-22;2025-09-29,YouGov/Economist,US registered voters,Which of these is the most important issue for you?,https://yougov.com/en-us/trackers/most-important-issues-facing-the-us,CC BY-NC 4.0 (YouGov public data license)
2025-09,ind,National Security and foreign policy,single_list,0.056,5,2025-09-02;2025-09-08;2025-09-15;2025-09-22;2025-09-29,YouGov/Economist,US registered voters,Which of these is the most important issue for you?,https://yougov.com/en-us/trackers/most-important-issues-facing-the-us,CC BY-NC 4.0 (YouGov public data license)
2025-09,ind,Social security,single_list,0.0,5,2025-09-02;2025-09-08;2025-09-15;2025-09-22;2025-09-29,YouGov/Economist,US registered voters,Which of these is the most important issue for you?,https://yougov.com/en-us/trackers/most-important-issues-facing-the-us,CC BY-NC 4.0 (YouGov public data license)
2025-09,ind,Taxes and government spending,single_list,0.07,5,2025-09-02;2025-09-08;2025-09-15;2025-09-22;2025-09-29,YouGov/Economist,US registered voters,Which of these is the most important issue for you?,https://yougov.com/en-us/trackers/most-important-issues-facing-the-us,CC BY-NC 4.0 (YouGov public data license)
2025-09,ind,Terrorism,single_list,0.0,5,2025-09-02;2025-09-08;2025-09-15;2025-09-22;2025-09-29,YouGov/Economist,US registered voters,Which of these is the most important issue for you?,https://yougov.com/en-us/trackers/most-important-issues-facing-the-us,CC BY-NC 4.0 (YouGov public data license)
2025-09,ind,The budget deficit,single_list,0.0,5,2025-09-02;2025-09-08;2025-09-15;2025-09-22;2025-09-29,YouGov/Economist,US registered voters,Which of these is the most important issue for you?,https://yougov.com/en-us/trackers/most-important-issues-facing-the-us,CC BY-NC 4.0 (YouGov public data license)
2025-09,ind,The war in Afghanistan,single_list,0.0,5,2025-09-02;2025-09-08;2025-09-15;2025-09-22;2025-09-29,YouGov/Economist,US registered voters,Which of these is the most important issue for you?,https://yougov.com/en-us/trackers/most-important-issues-facing-the-us,CC BY-NC 4.0 (YouGov public data license)
2025-09,rep,Abortion,single_list,0.034,5,2025-09-02;2025-09-08;2025-09-15;2025-09-22;2025-09-29,YouGov/Economist,US registered voters,Which of these is the most important issue for you?,https://yougov.com/en-us/trackers/most-important-issues-facing-the-us,CC BY-NC 4.0 (YouGov public data license)
2025-09,rep,Civil rights and civil liberties,single_list,0.014,5,2025-09-02;2025-09-08;2025-09-15;2025-09-22;2025-09-29,YouGov/Economist,US registered voters,Which of these is the most important issue for you?,https://yougov.com/en-us/trackers/most-important-issues-facing-the-us,CC BY-NC 4.0 (YouGov public data license)
2025-09,rep,Climate change and the environment,single_list,0.01,5,2025-09-02;2025-09-08;2025-09-15;2025-09-22;2025-09-29,YouGov/Economist,US registered voters,Which of these is the most important issue for you?,https://yougov.com/en-us/trackers/most-important-issues-facing-the-us,CC BY-NC 4.0 (YouGov public data license)
2025-09,rep,Crime and criminal justice reform,single_list,0.084,5,2025-09-02;2025-09-08;2025-09-15;2025-09-22;2025-09-29,YouGov/Economist,US registered voters,Which of these is the most important issue for you?,https://yougov.com/en-us/trackers/most-important-issues-facing-the-us,CC BY-NC 4.0 (YouGov public data license)
2025-09,rep,Education,single_list,0.026,5,2025-09-02;2025-09-08;2025-09-15;2025-09-22;2025-09-29,YouGov/Economist,US registered voters,Which of these is the most important issue for you?,https://yougov.com/en-us/trackers/most-important-issues-facing-the-us,CC BY-NC 4.0 (YouGov public data license)
2025-09,rep,Gay rights,single_list,0.0,5,2025-09-02;2025-09-08;2025-09-15;2025-09-22;2025-09-29,YouGov/Economist,US registered voters,Which of these is the most important issue for you?,https://yougov.com/en-us/trackers/most-important-issues-facing-the-us,CC BY-NC 4.0 (YouGov public data license)
2025-09,rep,Gun control,single_list,0.024,5,2025-09-02;2025-09-08;2025-09-15;2025-09-22;2025-09-29,YouGov/Economist,US registered voters,Which of these is the most important issue for you?,https://yougov.com/en-us/trackers/most-important-issues-facing-the-us,CC BY-NC 4.0 (YouGov public data license)
2025-09,rep,Health care,single_list,0.046,5,2025-09-02;2025-09-08;2025-09-15;2025-09-22;2025-09-29,YouGov/Economist,US registered voters,Which of these is the most important issue for you?,https://yougov.com/en-us/trackers/most-important-issues-facing-the-us,CC BY-NC 4.0 (YouGov public data license)
2025-09,rep,Immigration,single_list,0.164,5,2025-09-02;2025-09-08;2025-09-15;2025-09-22;2025-09-29,YouGov/Economist,US registered voters,Which of these is the most important issue for you?,https://yougov.com/en-us/trackers/most-important-issues-facing-the-us,CC BY-NC 4.0 (YouGov public data license)
2025-09,rep,Inflation/prices,single_list,0.234,5,2025-09-02;2025-09-08;2025-09-15;2025-09-22;2025-09-29,YouGov/Economist,US registered voters,Which of these is the most important issue for you?,https://yougov.com/en-us/trackers/most-important-issues-facing-the-us,CC BY-NC 4.0 (YouGov public data license)
2025-09,rep,Jobs and the economy,single_list,0.134,5,2025-09-02;2025-09-08;2025-09-15;2025-09-22;2025-09-29,YouGov/Economist,US registered voters,Which of these is the most important issue for you?,https://yougov.com/en-us/trackers/most-important-issues-facing-the-us,CC BY-NC 4.0 (YouGov public data license)
2025-09,rep,Medicare,single_list,0.0,5,2025-09-02;2025-09-08;2025-09-15;2025-09-22;2025-09-29,YouGov/Economist,US registered voters,Which of these is the most important issue for you?,https://yougov.com/en-us/trackers/most-important-issues-facing-the-us,CC BY-NC 4.0 (YouGov public data license)
2025-09,rep,National Security and foreign policy,single_list,0.132,5,2025-09-02;2025-09-08;2025-09-15;2025-09-22;2025-09-29,YouGov/Economist,US registered voters,Which of these is the most important issue for you?,https://yougov.com/en-us/trackers/most-important-issues-facing-the-us,CC BY-NC 4.0 (YouGov public data license)
2025-09,rep,Social security,single_list,0.0,5,2025-09-02;2025-09-08;2025-09-15;2025-09-22;2025-09-29,YouGov/Economist,US registered voters,Which of these is the most important issue for you?,https://yougov.com/en-us/trackers/most-important-issues-facing-the-us,CC BY-NC 4.0 (YouGov public data license)
2025-09,rep,Taxes and government spending,single_list,0.1,5,2025-09-02;2025-09-08;2025-09-15;2025-09-22;2025-09-29,YouGov/Economist,US registered voters,Which of these is the most important issue for you?,https://yougov.com/en-us/trackers/most-important-issues-facing-the-us,CC BY-NC 4.0 (YouGov public data license)
2025-09,rep,Terrorism,single_list,0.0,5,2025-09-02;2025-09-08;2025-09-15;2025-09-22;2025-09-29,YouGov/Economist,US registered voters,Which of these is the most important issue for you?,https://yougov.com/en-us/trackers/most-important-issues-facing-the-us,CC BY-NC 4.0 (YouGov public data license)
2025-09,rep,The budget deficit,single_list,0.0,5,2025-09-02;2025-09-08;2025-09-15;2025-09-22;2025-09-29,YouGov/Economist,US registered voters,Which of these is the most important issue for you?,https://yougov.com/en-us/trackers/most-important-issues-facing-the-us,CC BY-NC 4.0 (YouGov public data license)
2025-09,rep,The war in Afghanistan,single_list,0.0,5,2025-09-02;2025-09-08;2025-09-15;2025-09-22;2025-09-29,YouGov/Economist,US registered voters,Which of these is the most important issue for you?,https://yougov.com/en-us/trackers/most-important-issues-facing-the-us,CC BY-NC 4.0 (YouGov public data license)
2025-10,all_rv,Abortion,single_list,0.025,4,2025-10-06;2025-10-13;2025-10-20;2025-10-27,YouGov/Economist,US registered voters,Which of these is the most important issue for you?,https://yougov.com/en-us/trackers/most-important-issues-facing-the-us,CC BY-NC 4.0 (YouGov public data license)
2025-10,all_rv,Civil rights and civil liberties,single_list,0.145,4,2025-10-06;2025-10-13;2025-10-20;2025-10-27,YouGov/Economist,US registered voters,Which of these is the most important issue for you?,https://yougov.com/en-us/trackers/most-important-issues-facing-the-us,CC BY-NC 4.0 (YouGov public data license)
2025-10,all_rv,Climate change and the environment,single_list,0.048,4,2025-10-06;2025-10-13;2025-10-20;2025-10-27,YouGov/Economist,US registered voters,Which of these is the most important issue for you?,https://yougov.com/en-us/trackers/most-important-issues-facing-the-us,CC BY-NC 4.0 (YouGov public data license)
2025-10,all_rv,Crime and criminal justice reform,single_list,0.053,4,2025-10-06;2025-10-13;2025-10-20;2025-10-27,YouGov/Economist,US registered voters,Which of these is the most important issue for you?,https://yougov.com/en-us/trackers/most-important-issues-facing-the-us,CC BY-NC 4.0 (YouGov public data license)
2025-10,all_rv,Education,single_list,0.02,4,2025-10-06;2025-10-13;2025-10-20;2025-10-27,YouGov/Economist,US registered voters,Which of these is the most important issue for you?,https://yougov.com/en-us/trackers/most-important-issues-facing-the-us,CC BY-NC 4.0 (YouGov public data license)
2025-10,all_rv,Gay rights,single_list,0.0,4,2025-10-06;2025-10-13;2025-10-20;2025-10-27,YouGov/Economist,US registered voters,Which of these is the most important issue for you?,https://yougov.com/en-us/trackers/most-important-issues-facing-the-us,CC BY-NC 4.0 (YouGov public data license)
2025-10,all_rv,Gun control,single_list,0.02,4,2025-10-06;2025-10-13;2025-10-20;2025-10-27,YouGov/Economist,US registered voters,Which of these is the most important issue for you?,https://yougov.com/en-us/trackers/most-important-issues-facing-the-us,CC BY-NC 4.0 (YouGov public data license)
2025-10,all_rv,Health care,single_list,0.103,4,2025-10-06;2025-10-13;2025-10-20;2025-10-27,YouGov/Economist,US registered voters,Which of these is the most important issue for you?,https://yougov.com/en-us/trackers/most-important-issues-facing-the-us,CC BY-NC 4.0 (YouGov public data license)
2025-10,all_rv,Immigration,single_list,0.085,4,2025-10-06;2025-10-13;2025-10-20;2025-10-27,YouGov/Economist,US registered voters,Which of these is the most important issue for you?,https://yougov.com/en-us/trackers/most-important-issues-facing-the-us,CC BY-NC 4.0 (YouGov public data license)
2025-10,all_rv,Inflation/prices,single_list,0.23,4,2025-10-06;2025-10-13;2025-10-20;2025-10-27,YouGov/Economist,US registered voters,Which of these is the most important issue for you?,https://yougov.com/en-us/trackers/most-important-issues-facing-the-us,CC BY-NC 4.0 (YouGov public data license)
2025-10,all_rv,Jobs and the economy,single_list,0.13,4,2025-10-06;2025-10-13;2025-10-20;2025-10-27,YouGov/Economist,US registered voters,Which of these is the most important issue for you?,https://yougov.com/en-us/trackers/most-important-issues-facing-the-us,CC BY-NC 4.0 (YouGov public data license)
2025-10,all_rv,Medicare,single_list,0.0,4,2025-10-06;2025-10-13;2025-10-20;2025-10-27,YouGov/Economist,US registered voters,Which of these is the most important issue for you?,https://yougov.com/en-us/trackers/most-important-issues-facing-the-us,CC BY-NC 4.0 (YouGov public data license)
2025-10,all_rv,National Security and foreign policy,single_list,0.062,4,2025-10-06;2025-10-13;2025-10-20;2025-10-27,YouGov/Economist,US registered voters,Which of these is the most important issue for you?,https://yougov.com/en-us/trackers/most-important-issues-facing-the-us,CC BY-NC 4.0 (YouGov public data license)
2025-10,all_rv,Social security,single_list,0.0,4,2025-10-06;2025-10-13;2025-10-20;2025-10-27,YouGov/Economist,US registered voters,Which of these is the most important issue for you?,https://yougov.com/en-us/trackers/most-important-issues-facing-the-us,CC BY-NC 4.0 (YouGov public data license)
2025-10,all_rv,Taxes and government spending,single_list,0.08,4,2025-10-06;2025-10-13;2025-10-20;2025-10-27,YouGov/Economist,US registered voters,Which of these is the most important issue for you?,https://yougov.com/en-us/trackers/most-important-issues-facing-the-us,CC BY-NC 4.0 (YouGov public data license)
2025-10,all_rv,Terrorism,single_list,0.0,4,2025-10-06;2025-10-13;2025-10-20;2025-10-27,YouGov/Economist,US registered voters,Which of these is the most important issue for you?,https://yougov.com/en-us/trackers/most-important-issues-facing-the-us,CC BY-NC 4.0 (YouGov public data license)
2025-10,all_rv,The budget deficit,single_list,0.0,4,2025-10-06;2025-10-13;2025-10-20;2025-10-27,YouGov/Economist,US registered voters,Which of these is the most important issue for you?,https://yougov.com/en-us/trackers/most-important-issues-facing-the-us,CC BY-NC 4.0 (YouGov public data license)
2025-10,all_rv,The war in Afghanistan,single_list,0.0,4,2025-10-06;2025-10-13;2025-10-20;2025-10-27,YouGov/Economist,US registered voters,Which of these is the most important issue for you?,https://yougov.com/en-us/trackers/most-important-issues-facing-the-us,CC BY-NC 4.0 (YouGov public data license)
2025-10,dem,Abortion,single_list,0.018,4,2025-10-06;2025-10-13;2025-10-20;2025-10-27,YouGov/Economist,US registered voters,Which of these is the most important issue for you?,https://yougov.com/en-us/trackers/most-important-issues-facing-the-us,CC BY-NC 4.0 (YouGov public data license)
2025-10,dem,Civil rights and civil liberties,single_list,0.243,4,2025-10-06;2025-10-13;2025-10-20;2025-10-27,YouGov/Economist,US registered voters,Which of these is the most important issue for you?,https://yougov.com/en-us/trackers/most-important-issues-facing-the-us,CC BY-NC 4.0 (YouGov public data license)
2025-10,dem,Climate change and the environment,single_list,0.082,4,2025-10-06;2025-10-13;2025-10-20;2025-10-27,YouGov/Economist,US registered voters,Which of these is the most important issue for you?,https://yougov.com/en-us/trackers/most-important-issues-facing-the-us,CC BY-NC 4.0 (YouGov public data license)
2025-10,dem,Crime and criminal justice reform,single_list,0.025,4,2025-10-06;2025-10-13;2025-10-20;2025-10-27,YouGov/Economist,US registered voters,Which of these is the most important issue for you?,https://yougov.com/en-us/trackers/most-important-issues-facing-the-us,CC BY-NC 4.0 (YouGov public data license)
2025-10,dem,Education,single_list,0.022,4,2025-10-06;2025-10-13;2025-10-20;2025-10-27,YouGov/Economist,US registered voters,Which of these is the most important issue for you?,https://yougov.com/en-us/trackers/most-important-issues-facing-the-us,CC BY-NC 4.0 (YouGov public data license)
2025-10,dem,Gay rights,single_list,0.0,4,2025-10-06;2025-10-13;2025-10-20;2025-10-27,YouGov/Economist,US registered voters,Which of these is the most important issue for you?,https://yougov.com/en-us/trackers/most-important-issues-facing-the-us,CC BY-NC 4.0 (YouGov public data license)
2025-10,dem,Gun control,single_list,0.025,4,2025-10-06;2025-10-13;2025-10-20;2025-10-27,YouGov/Economist,US registered voters,Which of these is the most important issue for you?,https://yougov.com/en-us/trackers/most-important-issues-facing-the-us,CC BY-NC 4.0 (YouGov public data license)
2025-10,dem,Health care,single_list,0.143,4,2025-10-06;2025-10-13;2025-10-20;2025-10-27,YouGov/Economist,US registered voters,Which of these is the most important issue for you?,https://yougov.com/en-us/trackers/most-important-issues-facing-the-us,CC BY-NC 4.0 (YouGov public data license)
2025-10,dem,Immigration,single_list,0.03,4,2025-10-06;2025-10-13;2025-10-20;2025-10-27,YouGov/Economist,US registered voters,Which of these is the most important issue for you?,https://yougov.com/en-us/trackers/most-important-issues-facing-the-us,CC BY-NC 4.0 (YouGov public data license)
2025-10,dem,Inflation/prices,single_list,0.218,4,2025-10-06;2025-10-13;2025-10-20;2025-10-27,YouGov/Economist,US registered voters,Which of these is the most important issue for you?,https://yougov.com/en-us/trackers/most-important-issues-facing-the-us,CC BY-NC 4.0 (YouGov public data license)
2025-10,dem,Jobs and the economy,single_list,0.135,4,2025-10-06;2025-10-13;2025-10-20;2025-10-27,YouGov/Economist,US registered voters,Which of these is the most important issue for you?,https://yougov.com/en-us/trackers/most-important-issues-facing-the-us,CC BY-NC 4.0 (YouGov public data license)
2025-10,dem,Medicare,single_list,0.0,4,2025-10-06;2025-10-13;2025-10-20;2025-10-27,YouGov/Economist,US registered voters,Which of these is the most important issue for you?,https://yougov.com/en-us/trackers/most-important-issues-facing-the-us,CC BY-NC 4.0 (YouGov public data license)
2025-10,dem,National Security and foreign policy,single_list,0.028,4,2025-10-06;2025-10-13;2025-10-20;2025-10-27,YouGov/Economist,US registered voters,Which of these is the most important issue for you?,https://yougov.com/en-us/trackers/most-important-issues-facing-the-us,CC BY-NC 4.0 (YouGov public data license)
2025-10,dem,Social security,single_list,0.0,4,2025-10-06;2025-10-13;2025-10-20;2025-10-27,YouGov/Economist,US registered voters,Which of these is the most important issue for you?,https://yougov.com/en-us/trackers/most-important-issues-facing-the-us,CC BY-NC 4.0 (YouGov public data license)
2025-10,dem,Taxes and government spending,single_list,0.035,4,2025-10-06;2025-10-13;2025-10-20;2025-10-27,YouGov/Economist,US registered voters,Which of these is the most important issue for you?,https://yougov.com/en-us/trackers/most-important-issues-facing-the-us,CC BY-NC 4.0 (YouGov public data license)
2025-10,dem,Terrorism,single_list,0.0,4,2025-10-06;2025-10-13;2025-10-20;2025-10-27,YouGov/Economist,US registered voters,Which of these is the most important issue for you?,https://yougov.com/en-us/trackers/most-important-issues-facing-the-us,CC BY-NC 4.0 (YouGov public data license)
2025-10,dem,The budget deficit,single_list,0.0,4,2025-10-06;2025-10-13;2025-10-20;2025-10-27,YouGov/Economist,US registered voters,Which of these is the most important issue for you?,https://yougov.com/en-us/trackers/most-important-issues-facing-the-us,CC BY-NC 4.0 (YouGov public data license)
2025-10,dem,The war in Afghanistan,single_list,0.0,4,2025-10-06;2025-10-13;2025-10-20;2025-10-27,YouGov/Economist,US registered voters,Which of these is the most important issue for you?,https://yougov.com/en-us/trackers/most-important-issues-facing-the-us,CC BY-NC 4.0 (YouGov public data license)
2025-10,ind,Abortion,single_list,0.02,4,2025-10-06;2025-10-13;2025-10-20;2025-10-27,YouGov/Economist,US registered voters,Which of these is the most important issue for you?,https://yougov.com/en-us/trackers/most-important-issues-facing-the-us,CC BY-NC 4.0 (YouGov public data license)
2025-10,ind,Civil rights and civil liberties,single_list,0.188,4,2025-10-06;2025-10-13;2025-10-20;2025-10-27,YouGov/Economist,US registered voters,Which of these is the most important issue for you?,https://yougov.com/en-us/trackers/most-important-issues-facing-the-us,CC BY-NC 4.0 (YouGov public data license)
2025-10,ind,Climate change and the environment,single_list,0.055,4,2025-10-06;2025-10-13;2025-10-20;2025-10-27,YouGov/Economist,US registered voters,Which of these is the most important issue for you?,https://yougov.com/en-us/trackers/most-important-issues-facing-the-us,CC BY-NC 4.0 (YouGov public data license)
2025-10,ind,Crime and criminal justice reform,single_list,0.038,4,2025-10-06;2025-10-13;2025-10-20;2025-10-27,YouGov/Economist,US registered voters,Which of these is the most important issue for you?,https://yougov.com/en-us/trackers/most-important-issues-facing-the-us,CC BY-NC 4.0 (YouGov public data license)
2025-10,ind,Education,single_list,0.028,4,2025-10-06;2025-10-13;2025-10-20;2025-10-27,YouGov/Economist,US registered voters,Which of these is the most important issue for you?,https://yougov.com/en-us/trackers/most-important-issues-facing-the-us,CC BY-NC 4.0 (YouGov public data license)
2025-10,ind,Gay rights,single_list,0.0,4,2025-10-06;2025-10-13;2025-10-20;2025-10-27,YouGov/Economist,US registered voters,Which of these is the most important issue for you?,https://yougov.com/en-us/trackers/most-important-issues-facing-the-us,CC BY-NC 4.0 (YouGov public data license)
2025-10,ind,Gun control,single_list,0.018,4,2025-10-06;2025-10-13;2025-10-20;2025-10-27,YouGov/Economist,US registered voters,Which of these is the most important issue for you?,https://yougov.com/en-us/trackers/most-important-issues-facing-the-us,CC BY-NC 4.0 (YouGov public data license)
2025-10,ind,Health care,single_list,0.1,4,2025-10-06;2025-10-13;2025-10-20;2025-10-27,YouGov/Economist,US registered voters,Which of these is the most important issue for you?,https://yougov.com/en-us/trackers/most-important-issues-facing-the-us,CC BY-NC 4.0 (YouGov public data license)
2025-10,ind,Immigration,single_list,0.058,4,2025-10-06;2025-10-13;2025-10-20;2025-10-27,YouGov/Economist,US registered voters,Which of these is the most important issue for you?,https://yougov.com/en-us/trackers/most-important-issues-facing-the-us,CC BY-NC 4.0 (YouGov public data license)
2025-10,ind,Inflation/prices,single_list,0.22,4,2025-10-06;2025-10-13;2025-10-20;2025-10-27,YouGov/Economist,US registered voters,Which of these is the most important issue for you?,https://yougov.com/en-us/trackers/most-important-issues-facing-the-us,CC BY-NC 4.0 (YouGov public data license)
2025-10,ind,Jobs and the economy,single_list,0.14,4,2025-10-06;2025-10-13;2025-10-20;2025-10-27,YouGov/Economist,US registered voters,Which of these is the most important issue for you?,https://yougov.com/en-us/trackers/most-important-issues-facing-the-us,CC BY-NC 4.0 (YouGov public data license)
2025-10,ind,Medicare,single_list,0.0,4,2025-10-06;2025-10-13;2025-10-20;2025-10-27,YouGov/Economist,US registered voters,Which of these is the most important issue for you?,https://yougov.com/en-us/trackers/most-important-issues-facing-the-us,CC BY-NC 4.0 (YouGov public data license)
2025-10,ind,National Security and foreign policy,single_list,0.048,4,2025-10-06;2025-10-13;2025-10-20;2025-10-27,YouGov/Economist,US registered voters,Which of these is the most important issue for you?,https://yougov.com/en-us/trackers/most-important-issues-facing-the-us,CC BY-NC 4.0 (YouGov public data license)
2025-10,ind,Social security,single_list,0.0,4,2025-10-06;2025-10-13;2025-10-20;2025-10-27,YouGov/Economist,US registered voters,Which of these is the most important issue for you?,https://yougov.com/en-us/trackers/most-important-issues-facing-the-us,CC BY-NC 4.0 (YouGov public data license)
2025-10,ind,Taxes and government spending,single_list,0.085,4,2025-10-06;2025-10-13;2025-10-20;2025-10-27,YouGov/Economist,US registered voters,Which of these is the most important issue for you?,https://yougov.com/en-us/trackers/most-important-issues-facing-the-us,CC BY-NC 4.0 (YouGov public data license)
2025-10,ind,Terrorism,single_list,0.0,4,2025-10-06;2025-10-13;2025-10-20;2025-10-27,YouGov/Economist,US registered voters,Which of these is the most important issue for you?,https://yougov.com/en-us/trackers/most-important-issues-facing-the-us,CC BY-NC 4.0 (YouGov public data license)
2025-10,ind,The budget deficit,single_list,0.0,4,2025-10-06;2025-10-13;2025-10-20;2025-10-27,YouGov/Economist,US registered voters,Which of these is the most important issue for you?,https://yougov.com/en-us/trackers/most-important-issues-facing-the-us,CC BY-NC 4.0 (YouGov public data license)
2025-10,ind,The war in Afghanistan,single_list,0.0,4,2025-10-06;2025-10-13;2025-10-20;2025-10-27,YouGov/Economist,US registered voters,Which of these is the most important issue for you?,https://yougov.com/en-us/trackers/most-important-issues-facing-the-us,CC BY-NC 4.0 (YouGov public data license)
2025-10,rep,Abortion,single_list,0.032,4,2025-10-06;2025-10-13;2025-10-20;2025-10-27,YouGov/Economist,US registered voters,Which of these is the most important issue for you?,https://yougov.com/en-us/trackers/most-important-issues-facing-the-us,CC BY-NC 4.0 (YouGov public data license)
2025-10,rep,Civil rights and civil liberties,single_list,0.015,4,2025-10-06;2025-10-13;2025-10-20;2025-10-27,YouGov/Economist,US registered voters,Which of these is the most important issue for you?,https://yougov.com/en-us/trackers/most-important-issues-facing-the-us,CC BY-NC 4.0 (YouGov public data license)
2025-10,rep,Climate change and the environment,single_list,0.008,4,2025-10-06;2025-10-13;2025-10-20;2025-10-27,YouGov/Economist,US registered voters,Which of these is the most important issue for you?,https://yougov.com/en-us/trackers/most-important-issues-facing-the-us,CC BY-NC 4.0 (YouGov public data license)
2025-10,rep,Crime and criminal justice reform,single_list,0.088,4,2025-10-06;2025-10-13;2025-10-20;2025-10-27,YouGov/Economist,US registered voters,Which of these is the most important issue for you?,https://yougov.com/en-us/trackers/most-important-issues-facing-the-us,CC BY-NC 4.0 (YouGov public data license)
2025-10,rep,Education,single_list,0.015,4,2025-10-06;2025-10-13;2025-10-20;2025-10-27,YouGov/Economist,US registered voters,Which of these is the most important issue for you?,https://yougov.com/en-us/trackers/most-important-issues-facing-the-us,CC BY-NC 4.0 (YouGov public data license)
2025-10,rep,Gay rights,single_list,0.0,4,2025-10-06;2025-10-13;2025-10-20;2025-10-27,YouGov/Economist,US registered voters,Which of these is the most important issue for you?,https://yougov.com/en-us/trackers/most-important-issues-facing-the-us,CC BY-NC 4.0 (YouGov public data license)
2025-10,rep,Gun control,single_list,0.02,4,2025-10-06;2025-10-13;2025-10-20;2025-10-27,YouGov/Economist,US registered voters,Which of these is the most important issue for you?,https://yougov.com/en-us/trackers/most-important-issues-facing-the-us,CC BY-NC 4.0 (YouGov public data license)
2025-10,rep,Health care,single_list,0.062,4,2025-10-06;2025-10-13;2025-10-20;2025-10-27,YouGov/Economist,US registered voters,Which of these is the most important issue for you?,https://yougov.com/en-us/trackers/most-important-issues-facing-the-us,CC BY-NC 4.0 (YouGov public data license)
2025-10,rep,Immigration,single_list,0.165,4,2025-10-06;2025-10-13;2025-10-20;2025-10-27,YouGov/Economist,US registered voters,Which of these is the most important issue for you?,https://yougov.com/en-us/trackers/most-important-issues-facing-the-us,CC BY-NC 4.0 (YouGov public data license)
2025-10,rep,Inflation/prices,single_list,0.258,4,2025-10-06;2025-10-13;2025-10-20;2025-10-27,YouGov/Economist,US registered voters,Which of these is the most important issue for you?,https://yougov.com/en-us/trackers/most-important-issues-facing-the-us,CC BY-NC 4.0 (YouGov public data license)
2025-10,rep,Jobs and the economy,single_list,0.12,4,2025-10-06;2025-10-13;2025-10-20;2025-10-27,YouGov/Economist,US registered voters,Which of these is the most important issue for you?,https://yougov.com/en-us/trackers/most-important-issues-facing-the-us,CC BY-NC 4.0 (YouGov public data license)
2025-10,rep,Medicare,single_list,0.0,4,2025-10-06;2025-10-13;2025-10-20;2025-10-27,YouGov/Economist,US registered voters,Which of these is the most important issue for you?,https://yougov.com/en-us/trackers/most-important-issues-facing-the-us,CC BY-NC 4.0 (YouGov public data license)
2025-10,rep,National Security and foreign policy,single_list,0.108,4,2025-10-06;2025-10-13;2025-10-20;2025-10-27,YouGov/Economist,US registered voters,Which of these is the most important issue for you?,https://yougov.com/en-us/trackers/most-important-issues-facing-the-us,CC BY-NC 4.0 (YouGov public data license)
2025-10,rep,Social security,single_list,0.0,4,2025-10-06;2025-10-13;2025-10-20;2025-10-27,YouGov/Economist,US registered voters,Which of these is the most important issue for you?,https://yougov.com/en-us/trackers/most-important-issues-facing-the-us,CC BY-NC 4.0 (YouGov public data license)
2025-10,rep,Taxes and government spending,single_list,0.112,4,2025-10-06;2025-10-13;2025-10-20;2025-10-27,YouGov/Economist,US registered voters,Which of these is the most important issue for you?,https://yougov.com/en-us/trackers/most-important-issues-facing-the-us,CC BY-NC 4.0 (YouGov public data license)
2025-10,rep,Terrorism,single_list,0.0,4,2025-10-06;2025-10-13;2025-10-20;2025-10-27,YouGov/Economist,US registered voters,Which of these is the most important issue for you?,https://yougov.com/en-us/trackers/most-important-issues-facing-the-us,CC BY-NC 4.0 (YouGov public data license)
2025-10,rep,The budget deficit,single_list,0.0,4,2025-10-06;2025-10-13;2025-10-20;2025-10-27,YouGov/Economist,US registered voters,Which of these is the most important issue for you?,https://yougov.com/en-us/trackers/most-important-issues-facing-the-us,CC BY-NC 4.0 (YouGov public data license)
2025-10,rep,The war in Afghanistan,single_list,0.0,4,2025-10-06;2025-10-13;2025-10-20;2025-10-27,YouGov/Economist,US registered voters,Which of these is the most important issue for you?,https://yougov.com/en-us/trackers/most-important-issues-facing-the-us,CC BY-NC 4.0 (YouGov public data license)
2025-11,all_rv,Abortion,single_list,0.022,4,2025-11-03;2025-11-10;2025-11-17;2025-11-24,YouGov/Economist,US registered voters,Which of these is the most important issue for you?,https://yougov.com/en-us/trackers/most-important-issues-facing-the-us,CC BY-NC 4.0 (YouGov public data license)
2025-11,all_rv,Civil rights and civil liberties,single_list,0.135,4,2025-11-03;2025-11-10;2025-11-17;2025-11-24,YouGov/Economist,US registered voters,Which of these is the most important issue for you?,https://yougov.com/en-us/trackers/most-important-issues-facing-the-us,CC BY-NC 4.0 (YouGov public data license)
2025-11,all_rv,Climate change and the environment,single_list,0.048,4,2025-11-03;2025-11-10;2025-11-17;2025-11-24,YouGov/Economist,US registered voters,Which of these is the most important issue for you?,https://yougov.com/en-us/trackers/most-important-issues-facing-the-us,CC BY-NC 4.0 (YouGov public data license)
2025-11,all_rv,Crime and criminal justice reform,single_list,0.04,4,2025-11-03;2025-11-10;2025-11-17;2025-11-24,YouGov/Economist,US registered voters,Which of these is the most important issue for you?,https://yougov.com/en-us/trackers/most-important-issues-facing-the-us,CC BY-NC 4.0 (YouGov public data license)
2025-11,all_rv,Education,single_list,0.02,4,2025-11-03;2025-11-10;2025-11-17;2025-11-24,YouGov/Economist,US registered voters,Which of these is the most important issue for you?,https://yougov.com/en-us/trackers/most-important-issues-facing-the-us,CC BY-NC 4.0 (YouGov public data license)
2025-11,all_rv,Gay rights,single_list,0.0,4,2025-11-03;2025-11-10;2025-11-17;2025-11-24,YouGov/Economist,US registered voters,Which of these is the most important issue for you?,https://yougov.com/en-us/trackers/most-important-issues-facing-the-us,CC BY-NC 4.0 (YouGov public data license)
2025-11,all_rv,Gun control,single_list,0.018,4,2025-11-03;2025-11-10;2025-11-17;2025-11-24,YouGov/Economist,US registered voters,Which of these is the most important issue for you?,https://yougov.com/en-us/trackers/most-important-issues-facing-the-us,CC BY-NC 4.0 (YouGov public data license)
2025-11,all_rv,Health care,single_list,0.108,4,2025-11-03;2025-11-10;2025-11-17;2025-11-24,YouGov/Economist,US registered voters,Which of these is the most important issue for you?,https://yougov.com/en-us/trackers/most-important-issues-facing-the-us,CC BY-NC 4.0 (YouGov public data license)
2025-11,all_rv,Immigration,single_list,0.075,4,2025-11-03;2025-11-10;2025-11-17;2025-11-24,YouGov/Economist,US registered voters,Which of these is the most important issue for you?,https://yougov.com/en-us/trackers/most-important-issues-facing-the-us,CC BY-NC 4.0 (YouGov public data license)
2025-11,all_rv,Inflation/prices,single_list,0.235,4,2025-11-03;2025-11-10;2025-11-17;2025-11-24,YouGov/Economist,US registered voters,Which of these is the most important issue for you?,https://yougov.com/en-us/trackers/most-important-issues-facing-the-us,CC BY-NC 4.0 (YouGov public data license)
2025-11,all_rv,Jobs and the economy,single_list,0.152,4,2025-11-03;2025-11-10;2025-11-17;2025-11-24,YouGov/Economist,US registered voters,Which of these is the most important issue for you?,https://yougov.com/en-us/trackers/most-important-issues-facing-the-us,CC BY-NC 4.0 (YouGov public data license)
2025-11,all_rv,Medicare,single_list,0.0,4,2025-11-03;2025-11-10;2025-11-17;2025-11-24,YouGov/Economist,US registered voters,Which of these is the most important issue for you?,https://yougov.com/en-us/trackers/most-important-issues-facing-the-us,CC BY-NC 4.0 (YouGov public data license)
2025-11,all_rv,National Security and foreign policy,single_list,0.057,4,2025-11-03;2025-11-10;2025-11-17;2025-11-24,YouGov/Economist,US registered voters,Which of these is the most important issue for you?,https://yougov.com/en-us/trackers/most-important-issues-facing-the-us,CC BY-NC 4.0 (YouGov public data license)
2025-11,all_rv,Social security,single_list,0.0,4,2025-11-03;2025-11-10;2025-11-17;2025-11-24,YouGov/Economist,US registered voters,Which of these is the most important issue for you?,https://yougov.com/en-us/trackers/most-important-issues-facing-the-us,CC BY-NC 4.0 (YouGov public data license)
2025-11,all_rv,Taxes and government spending,single_list,0.085,4,2025-11-03;2025-11-10;2025-11-17;2025-11-24,YouGov/Economist,US registered voters,Which of these is the most important issue for you?,https://yougov.com/en-us/trackers/most-important-issues-facing-the-us,CC BY-NC 4.0 (YouGov public data license)
2025-11,all_rv,Terrorism,single_list,0.0,4,2025-11-03;2025-11-10;2025-11-17;2025-11-24,YouGov/Economist,US registered voters,Which of these is the most important issue for you?,https://yougov.com/en-us/trackers/most-important-issues-facing-the-us,CC BY-NC 4.0 (YouGov public data license)
2025-11,all_rv,The budget deficit,single_list,0.0,4,2025-11-03;2025-11-10;2025-11-17;2025-11-24,YouGov/Economist,US registered voters,Which of these is the most important issue for you?,https://yougov.com/en-us/trackers/most-important-issues-facing-the-us,CC BY-NC 4.0 (YouGov public data license)
2025-11,all_rv,The war in Afghanistan,single_list,0.0,4,2025-11-03;2025-11-10;2025-11-17;2025-11-24,YouGov/Economist,US registered voters,Which of these is the most important issue for you?,https://yougov.com/en-us/trackers/most-important-issues-facing-the-us,CC BY-NC 4.0 (YouGov public data license)
2025-11,dem,Abortion,single_list,0.02,4,2025-11-03;2025-11-10;2025-11-17;2025-11-24,YouGov/Economist,US registered voters,Which of these is the most important issue for you?,https://yougov.com/en-us/trackers/most-important-issues-facing-the-us,CC BY-NC 4.0 (YouGov public data license)
2025-11,dem,Civil rights and civil liberties,single_list,0.218,4,2025-11-03;2025-11-10;2025-11-17;2025-11-24,YouGov/Economist,US registered voters,Which of these is the most important issue for you?,https://yougov.com/en-us/trackers/most-important-issues-facing-the-us,CC BY-NC 4.0 (YouGov public data license)
2025-11,dem,Climate change and the environment,single_list,0.085,4,2025-11-03;2025-11-10;2025-11-17;2025-11-24,YouGov/Economist,US registered voters,Which of these is the most important issue for you?,https://yougov.com/en-us/trackers/most-important-issues-facing-the-us,CC BY-NC 4.0 (YouGov public data license)
2025-11,dem,Crime and criminal justice reform,single_list,0.022,4,2025-11-03;2025-11-10;2025-11-17;2025-11-24,YouGov/Economist,US registered voters,Which of these is the most important issue for you?,https://yougov.com/en-us/trackers/most-important-issues-facing-the-us,CC BY-NC 4.0 (YouGov public data license)
2025-11,dem,Education,single_list,0.028,4,2025-11-03;2025-11-10;2025-11-17;2025-11-24,YouGov/Economist,US registered voters,Which of these is the most important issue for you?,https://yougov.com/en-us/trackers/most-important-issues-facing-the-us,CC BY-NC 4.0 (YouGov public data license)
2025-11,dem,Gay rights,single_list,0.0,4,2025-11-03;2025-11-10;2025-11-17;2025-11-24,YouGov/Economist,US registered voters,Which of these is the most important issue for you?,https://yougov.com/en-us/trackers/most-important-issues-facing-the-us,CC BY-NC 4.0 (YouGov public data license)
2025-11,dem,Gun control,single_list,0.022,4,2025-11-03;2025-11-10;2025-11-17;2025-11-24,YouGov/Economist,US registered voters,Which of these is the most important issue for you?,https://yougov.com/en-us/trackers/most-important-issues-facing-the-us,CC BY-NC 4.0 (YouGov public data license)
2025-11,dem,Health care,single_list,0.172,4,2025-11-03;2025-11-10;2025-11-17;2025-11-24,YouGov/Economist,US registered voters,Which of these is the most important issue for you?,https://yougov.com/en-us/trackers/most-important-issues-facing-the-us,CC BY-NC 4.0 (YouGov public data license)
2025-11,dem,Immigration,single_list,0.012,4,2025-11-03;2025-11-10;2025-11-17;2025-11-24,YouGov/Economist,US registered voters,Which of these is the most important issue for you?,https://yougov.com/en-us/trackers/most-important-issues-facing-the-us,CC BY-NC 4.0 (YouGov public data license)
2025-11,dem,Inflation/prices,single_list,0.24,4,2025-11-03;2025-11-10;2025-11-17;2025-11-24,YouGov/Economist,US registered voters,Which of these is the most important issue for you?,https://yougov.com/en-us/trackers/most-important-issues-facing-the-us,CC BY-NC 4.0 (YouGov public data license)
2025-11,dem,Jobs and the economy,single_list,0.128,4,2025-11-03;2025-11-10;2025-11-17;2025-11-24,YouGov/Economist,US registered voters,Which of these is the most important issue for you?,https://yougov.com/en-us/trackers/most-important-issues-facing-the-us,CC BY-NC 4.0 (YouGov public data license)
2025-11,dem,Medicare,single_list,0.0,4,2025-11-03;2025-11-10;2025-11-17;2025-11-24,YouGov/Economist,US registered voters,Which of these is the most important issue for you?,https://yougov.com/en-us/trackers/most-important-issues-facing-the-us,CC BY-NC 4.0 (YouGov public data license)
2025-11,dem,National Security and foreign policy,single_list,0.02,4,2025-11-03;2025-11-10;2025-11-17;2025-11-24,YouGov/Economist,US registered voters,Which of these is the most important issue for you?,https://yougov.com/en-us/trackers/most-important-issues-facing-the-us,CC BY-NC 4.0 (YouGov public data license)
2025-11,dem,Social security,single_list,0.0,4,2025-11-03;2025-11-10;2025-11-17;2025-11-24,YouGov/Economist,US registered voters,Which of these is the most important issue for you?,https://yougov.com/en-us/trackers/most-important-issues-facing-the-us,CC BY-NC 4.0 (YouGov public data license)
2025-11,dem,Taxes and government spending,single_list,0.028,4,2025-11-03;2025-11-10;2025-11-17;2025-11-24,YouGov/Economist,US registered voters,Which of these is the most important issue for you?,https://yougov.com/en-us/trackers/most-important-issues-facing-the-us,CC BY-NC 4.0 (YouGov public data license)
2025-11,dem,Terrorism,single_list,0.0,4,2025-11-03;2025-11-10;2025-11-17;2025-11-24,YouGov/Economist,US registered voters,Which of these is the most important issue for you?,https://yougov.com/en-us/trackers/most-important-issues-facing-the-us,CC BY-NC 4.0 (YouGov public data license)
2025-11,dem,The budget deficit,single_list,0.0,4,2025-11-03;2025-11-10;2025-11-17;2025-11-24,YouGov/Economist,US registered voters,Which of these is the most important issue for you?,https://yougov.com/en-us/trackers/most-important-issues-facing-the-us,CC BY-NC 4.0 (YouGov public data license)
2025-11,dem,The war in Afghanistan,single_list,0.0,4,2025-11-03;2025-11-10;2025-11-17;2025-11-24,YouGov/Economist,US registered voters,Which of these is the most important issue for you?,https://yougov.com/en-us/trackers/most-important-issues-facing-the-us,CC BY-NC 4.0 (YouGov public data license)
2025-11,ind,Abortion,single_list,0.02,4,2025-11-03;2025-11-10;2025-11-17;2025-11-24,YouGov/Economist,US registered voters,Which of these is the most important issue for you?,https://yougov.com/en-us/trackers/most-important-issues-facing-the-us,CC BY-NC 4.0 (YouGov public data license)
2025-11,ind,Civil rights and civil liberties,single_list,0.175,4,2025-11-03;2025-11-10;2025-11-17;2025-11-24,YouGov/Economist,US registered voters,Which of these is the most important issue for you?,https://yougov.com/en-us/trackers/most-important-issues-facing-the-us,CC BY-NC 4.0 (YouGov public data license)
2025-11,ind,Climate change and the environment,single_list,0.057,4,2025-11-03;2025-11-10;2025-11-17;2025-11-24,YouGov/Economist,US registered voters,Which of these is the most important issue for you?,https://yougov.com/en-us/trackers/most-important-issues-facing-the-us,CC BY-NC 4.0 (YouGov public data license)
2025-11,ind,Crime and criminal justice reform,single_list,0.038,4,2025-11-03;2025-11-10;2025-11-17;2025-11-24,YouGov/Economist,US registered voters,Which of these is the most important issue for you?,https://yougov.com/en-us/trackers/most-important-issues-facing-the-us,CC BY-NC 4.0 (YouGov public data license)
2025-11,ind,Education,single_list,0.022,4,2025-11-03;2025-11-10;2025-11-17;2025-11-24,YouGov/Economist,US registered voters,Which of these is the most important issue for you?,https://yougov.com/en-us/trackers/most-important-issues-facing-the-us,CC BY-NC 4.0 (YouGov public data license)
2025-11,ind,Gay rights,single_list,0.0,4,2025-11-03;2025-11-10;2025-11-17;2025-11-24,YouGov/Economist,US registered voters,Which of these is the most important issue for you?,https://yougov.com/en-us/trackers/most-important-issues-facing-the-us,CC BY-NC 4.0 (YouGov public data license)
2025-11,ind,Gun control,single_list,0.012,4,2025-11-03;2025-11-10;2025-11-17;2025-11-24,YouGov/Economist,US registered voters,Which of these is the most important issue for you?,https://yougov.com/en-us/trackers/most-important-issues-facing-the-us,CC BY-NC 4.0 (YouGov public data license)
2025-11,ind,Health care,single_list,0.103,4,2025-11-03;2025-11-10;2025-11-17;2025-11-24,YouGov/Economist,US registered voters,Which of these is the most important issue for you?,https://yougov.com/en-us/trackers/most-important-issues-facing-the-us,CC BY-NC 4.0 (YouGov public data license)
2025-11,ind,Immigration,single_list,0.068,4,2025-11-03;2025-11-10;2025-11-17;2025-11-24,YouGov/Economist,US registered voters,Which of these is the most important issue for you?,https://yougov.com/en-us/trackers/most-important-issues-facing-the-us,CC BY-NC 4.0 (YouGov public data license)
2025-11,ind,Inflation/prices,single_list,0.212,4,2025-11-03;2025-11-10;2025-11-17;2025-11-24,YouGov/Economist,US registered voters,Which of these is the most important issue for you?,https://yougov.com/en-us/trackers/most-important-issues-facing-the-us,CC BY-NC 4.0 (YouGov public data license)
2025-11,ind,Jobs and the economy,single_list,0.17,4,2025-11-03;2025-11-10;2025-11-17;2025-11-24,YouGov/Economist,US registered voters,Which of these is the most important issue for you?,https://yougov.com/en-us/trackers/most-important-issues-facing-the-us,CC BY-NC 4.0 (YouGov public data license)
2025-11,ind,Medicare,single_list,0.0,4,2025-11-03;2025-11-10;2025-11-17;2025-11-24,YouGov/Economist,US registered voters,Which of these is the most important issue for you?,https://yougov.com/en-us/trackers/most-important-issues-facing-the-us,CC BY-NC 4.0 (YouGov public data license)
2025-11,ind,National Security and foreign policy,single_list,0.048,4,2025-11-03;2025-11-10;2025-11-17;2025-11-24,YouGov/Economist,US registered voters,Which of these is the most important issue for you?,https://yougov.com/en-us/trackers/most-important-issues-facing-the-us,CC BY-NC 4.0 (YouGov public data license)
2025-11,ind,Social security,single_list,0.0,4,2025-11-03;2025-11-10;2025-11-17;2025-11-24,YouGov/Economist,US registered voters,Which of these is the most important issue for you?,https://yougov.com/en-us/trackers/most-important-issues-facing-the-us,CC BY-NC 4.0 (YouGov public data license)
2025-11,ind,Taxes and government spending,single_list,0.085,4,2025-11-03;2025-11-10;2025-11-17;2025-11-24,YouGov/Economist,US registered voters,Which of these is the most important issue for you?,https://yougov.com/en-us/trackers/most-important-issues-facing-the-us,CC BY-NC 4.0 (YouGov public data license)
2025-11,ind,Terrorism,single_list,0.0,4,2025-11-03;2025-11-10;2025-11-17;2025-11-24,YouGov/Economist,US registered voters,Which of these is the most important issue for you?,https://yougov.com/en-us/trackers/most-important-issues-facing-the-us,CC BY-NC 4.0 (YouGov public data license)
2025-11,ind,The budget deficit,single_list,0.0,4,2025-11-03;2025-11-10;2025-11-17;2025-11-24,YouGov/Economist,US registered voters,Which of these is the most important issue for you?,https://yougov.com/en-us/trackers/most-important-issues-facing-the-us,CC BY-NC 4.0 (YouGov public data license)
2025-11,ind,The war in Afghanistan,single_list,0.0,4,2025-11-03;2025-11-10;2025-11-17;2025-11-24,YouGov/Economist,US registered voters,Which of these is the most important issue for you?,https://yougov.com/en-us/trackers/most-important-issues-facing-the-us,CC BY-NC 4.0 (YouGov public data license)
2025-11,rep,Abortion,single_list,0.032,4,2025-11-03;2025-11-10;2025-11-17;2025-11-24,YouGov/Economist,US registered voters,Which of these is the most important issue for you?,https://yougov.com/en-us/trackers/most-important-issues-facing-the-us,CC BY-NC 4.0 (YouGov public data license)
2025-11,rep,Civil rights and civil liberties,single_list,0.023,4,2025-11-03;2025-11-10;2025-11-17;2025-11-24,YouGov/Economist,US registered voters,Which of these is the most important issue for you?,https://yougov.com/en-us/trackers/most-important-issues-facing-the-us,CC BY-NC 4.0 (YouGov public data license)
2025-11,rep,Climate change and the environment,single_list,0.01,4,2025-11-03;2025-11-10;2025-11-17;2025-11-24,YouGov/Economist,US registered voters,Which of these is the most important issue for you?,https://yougov.com/en-us/trackers/most-important-issues-facing-the-us,CC BY-NC 4.0 (YouGov public data license)
2025-11,rep,Crime and criminal justice reform,single_list,0.065,4,2025-11-03;2025-11-10;2025-11-17;2025-11-24,YouGov/Economist,US registered voters,Which of these is the most important issue for you?,https://yougov.com/en-us/trackers/most-important-issues-facing-the-us,CC BY-NC 4.0 (YouGov public data license)
2025-11,rep,Education,single_list,0.015,4,2025-11-03;2025-11-10;2025-11-17;2025-11-24,YouGov/Economist,US registered voters,Which of these is the most important issue for you?,https://yougov.com/en-us/trackers/most-important-issues-facing-the-us,CC BY-NC 4.0 (YouGov public data license)
2025-11,rep,Gay rights,single_list,0.0,4,2025-11-03;2025-11-10;2025-11-17;2025-11-24,YouGov/Economist,US registered voters,Which of these is the most important issue for you?,https://yougov.com/en-us/trackers/most-important-issues-facing-the-us,CC BY-NC 4.0 (YouGov public data license)
2025-11,rep,Gun control,single_list,0.018,4,2025-11-03;2025-11-10;2025-11-17;2025-11-24,YouGov/Economist,US registered voters,Which of these is the most important issue for you?,https://yougov.com/en-us/trackers/most-important-issues-facing-the-us,CC BY-NC 4.0 (YouGov public data license)
2025-11,rep,Health care,single_list,0.062,4,2025-11-03;2025-11-10;2025-11-17;2025-11-24,YouGov/Economist,US registered voters,Which of these is the most important issue for you?,https://yougov.com/en-us/trackers/most-important-issues-facing-the-us,CC BY-NC 4.0 (YouGov public data license)
2025-11,rep,Immigration,single_list,0.135,4,2025-11-03;2025-11-10;2025-11-17;2025-11-24,YouGov/Economist,US registered voters,Which of these is the most important issue for you?,https://yougov.com/en-us/trackers/most-important-issues-facing-the-us,CC BY-NC 4.0 (YouGov public data license)
2025-11,rep,Inflation/prices,single_list,0.255,4,2025-11-03;2025-11-10;2025-11-17;2025-11-24,YouGov/Economist,US registered voters,Which of these is the most important issue for you?,https://yougov.com/en-us/trackers/most-important-issues-facing-the-us,CC BY-NC 4.0 (YouGov public data license)
2025-11,rep,Jobs and the economy,single_list,0.158,4,2025-11-03;2025-11-10;2025-11-17;2025-11-24,YouGov/Economist,US registered voters,Which of these is the most important issue for you?,https://yougov.com/en-us/trackers/most-important-issues-facing-the-us,CC BY-NC 4.0 (YouGov public data license)
2025-11,rep,Medicare,single_list,0.0,4,2025-11-03;2025-11-10;2025-11-17;2025-11-24,YouGov/Economist,US registered voters,Which of these is the most important issue for you?,https://yougov.com/en-us/trackers/most-important-issues-facing-the-us,CC BY-NC 4.0 (YouGov public data license)
2025-11,rep,National Security and foreign policy,single_list,0.098,4,2025-11-03;2025-11-10;2025-11-17;2025-11-24,YouGov/Economist,US registered voters,Which of these is the most important issue for you?,https://yougov.com/en-us/trackers/most-important-issues-facing-the-us,CC BY-NC 4.0 (YouGov public data license)
2025-11,rep,Social security,single_list,0.0,4,2025-11-03;2025-11-10;2025-11-17;2025-11-24,YouGov/Economist,US registered voters,Which of these is the most important issue for you?,https://yougov.com/en-us/trackers/most-important-issues-facing-the-us,CC BY-NC 4.0 (YouGov public data license)
2025-11,rep,Taxes and government spending,single_list,0.132,4,2025-11-03;2025-11-10;2025-11-17;2025-11-24,YouGov/Economist,US registered voters,Which of these is the most important issue for you?,https://yougov.com/en-us/trackers/most-important-issues-facing-the-us,CC BY-NC 4.0 (YouGov public data license)
2025-11,rep,Terrorism,single_list,0.0,4,2025-11-03;2025-11-10;2025-11-17;2025-11-24,YouGov/Economist,US registered voters,Which of these is the most important issue for you?,https://yougov.com/en-us/trackers/most-important-issues-facing-the-us,CC BY-NC 4.0 (YouGov public data license)
2025-11,rep,The budget deficit,single_list,0.0,4,2025-11-03;2025-11-10;2025-11-17;2025-11-24,YouGov/Economist,US registered voters,Which of these is the most important issue for you?,https://yougov.com/en-us/trackers/most-important-issues-facing-the-us,CC BY-NC 4.0 (YouGov public data license)
2025-11,rep,The war in Afghanistan,single_list,0.0,4,2025-11-03;2025-11-10;2025-11-17;2025-11-24,YouGov/Economist,US registered voters,Which of these is the most important issue for you?,https://yougov.com/en-us/trackers/most-important-issues-facing-the-us,CC BY-NC 4.0 (YouGov public data license)
2025-12,all_rv,Abortion,single_list,0.03,4,2025-12-01;2025-12-08;2025-12-15;2025-12-22,YouGov/Economist,US registered voters,Which of these is the most important issue for you?,https://yougov.com/en-us/trackers/most-important-issues-facing-the-us,CC BY-NC 4.0 (YouGov public data license)
2025-12,all_rv,Civil rights and civil liberties,single_list,0.108,4,2025-12-01;2025-12-08;2025-12-15;2025-12-22,YouGov/Economist,US registered voters,Which of these is the most important issue for you?,https://yougov.com/en-us/trackers/most-important-issues-facing-the-us,CC BY-NC 4.0 (YouGov public data license)
2025-12,all_rv,Climate change and the environment,single_list,0.055,4,2025-12-01;2025-12-08;2025-12-15;2025-12-22,YouGov/Economist,US registered voters,Which of these is the most important issue for you?,https://yougov.com/en-us/trackers/most-important-issues-facing-the-us,CC BY-NC 4.0 (YouGov public data license)
2025-12,all_rv,Crime and criminal justice reform,single_list,0.04,4,2025-12-01;2025-12-08;2025-12-15;2025-12-22,YouGov/Economist,US registered voters,Which of these is the most important issue for you?,https://yougov.com/en-us/trackers/most-important-issues-facing-the-us,CC BY-NC 4.0 (YouGov public data license)
2025-12,all_rv,Education,single_list,0.022,4,2025-12-01;2025-12-08;2025-12-15;2025-12-22,YouGov/Economist,US registered voters,Which of these is the most important issue for you?,https://yougov.com/en-us/trackers/most-important-issues-facing-the-us,CC BY-NC 4.0 (YouGov public data license)
2025-12,all_rv,Gay rights,single_list,0.0,4,2025-12-01;2025-12-08;2025-12-15;2025-12-22,YouGov/Economist,US registered voters,Which of these is the most important issue for you?,https://yougov.com/en-us/trackers/most-important-issues-facing-the-us,CC BY-NC 4.0 (YouGov public data license)
2025-12,all_rv,Gun control,single_list,0.022,4,2025-12-01;2025-12-08;2025-12-15;2025-12-22,YouGov/Economist,US registered voters,Which of these is the most important issue for you?,https://yougov.com/en-us/trackers/most-important-issues-facing-the-us,CC BY-NC 4.0 (YouGov public data license)
2025-12,all_rv,Health care,single_list,0.118,4,2025-12-01;2025-12-08;2025-12-15;2025-12-22,YouGov/Economist,US registered voters,Which of these is the most important issue for you?,https://yougov.com/en-us/trackers/most-important-issues-facing-the-us,CC BY-NC 4.0 (YouGov public data license)
2025-12,all_rv,Immigration,single_list,0.098,4,2025-12-01;2025-12-08;2025-12-15;2025-12-22,YouGov/Economist,US registered voters,Which of these is the most important issue for you?,https://yougov.com/en-us/trackers/most-important-issues-facing-the-us,CC BY-NC 4.0 (YouGov public data license)
2025-12,all_rv,Inflation/prices,single_list,0.242,4,2025-12-01;2025-12-08;2025-12-15;2025-12-22,YouGov/Economist,US registered voters,Which of these is the most important issue for you?,https://yougov.com/en-us/trackers/most-important-issues-facing-the-us,CC BY-NC 4.0 (YouGov public data license)
2025-12,all_rv,Jobs and the economy,single_list,0.132,4,2025-12-01;2025-12-08;2025-12-15;2025-12-22,YouGov/Economist,US registered voters,Which of these is the most important issue for you?,https://yougov.com/en-us/trackers/most-important-issues-facing-the-us,CC BY-NC 4.0 (YouGov public data license)
2025-12,all_rv,Medicare,single_list,0.0,4,2025-12-01;2025-12-08;2025-12-15;2025-12-22,YouGov/Economist,US registered voters,Which of these is the most important issue for you?,https://yougov.com/en-us/trackers/most-important-issues-facing-the-us,CC BY-NC 4.0 (YouGov public data license)
2025-12,all_rv,National Security and foreign policy,single_list,0.06,4,2025-12-01;2025-12-08;2025-12-15;2025-12-22,YouGov/Economist,US registered voters,Which of these is the most important issue for you?,https://yougov.com/en-us/trackers/most-important-issues-facing-the-us,CC BY-NC 4.0 (YouGov public data license)
2025-12,all_rv,Social security,single_list,0.0,4,2025-12-01;2025-12-08;2025-12-15;2025-12-22,YouGov/Economist,US registered voters,Which of these is the most important issue for you?,https://yougov.com/en-us/trackers/most-important-issues-facing-the-us,CC BY-NC 4.0 (YouGov public data license)
2025-12,all_rv,Taxes and government spending,single_list,0.07,4,2025-12-01;2025-12-08;2025-12-15;2025-12-22,YouGov/Economist,US registered voters,Which of these is the most important issue for you?,https://yougov.com/en-us/trackers/most-important-issues-facing-the-us,CC BY-NC 4.0 (YouGov public data license)
2025-12,all_rv,Terrorism,single_list,0.0,4,2025-12-01;2025-12-08;2025-12-15;2025-12-22,YouGov/Economist,US registered voters,Which of these is the most important issue for you?,https://yougov.com/en-us/trackers/most-important-issues-facing-the-us,CC BY-NC 4.0 (YouGov public data license)
2025-12,all_rv,The budget deficit,single_list,0.0,4,2025-12-01;2025-12-08;2025-12-15;2025-12-22,YouGov/Economist,US registered voters,Which of these is the most important issue for you?,https://yougov.com/en-us/trackers/most-important-issues-facing-the-us,CC BY-NC 4.0 (YouGov public data license)
2025-12,all_rv,The war in Afghanistan,single_list,0.0,4,2025-12-01;2025-12-08;2025-12-15;2025-12-22,YouGov/Economist,US registered voters,Which of these is the most important issue for you?,https://yougov.com/en-us/trackers/most-important-issues-facing-the-us,CC BY-NC 4.0 (YouGov public data license)
2025-12,dem,Abortion,single_list,0.025,4,2025-12-01;2025-12-08;2025-12-15;2025-12-22,YouGov/Economist,US registered voters,Which of these is the most important issue for you?,https://yougov.com/en-us/trackers/most-important-issues-facing-the-us,CC BY-NC 4.0 (YouGov public data license)
2025-12,dem,Civil rights and civil liberties,single_list,0.185,4,2025-12-01;2025-12-08;2025-12-15;2025-12-22,YouGov/Economist,US registered voters,Which of these is the most important issue for you?,https://yougov.com/en-us/trackers/most-important-issues-facing-the-us,CC BY-NC 4.0 (YouGov public data license)
2025-12,dem,Climate change and the environment,single_list,0.085,4,2025-12-01;2025-12-08;2025-12-15;2025-12-22,YouGov/Economist,US registered voters,Which of these is the most important issue for you?,https://yougov.com/en-us/trackers/most-important-issues-facing-the-us,CC BY-NC 4.0 (YouGov public data license)
2025-12,dem,Crime and criminal justice reform,single_list,0.02,4,2025-12-01;2025-12-08;2025-12-15;2025-12-22,YouGov/Economist,US registered voters,Which of these is the most important issue for you?,https://yougov.com/en-us/trackers/most-important-issues-facing-the-us,CC BY-NC 4.0 (YouGov public data license)
2025-12,dem,Education,single_list,0.022,4,2025-12-01;2025-12-08;2025-12-15;2025-12-22,YouGov/Economist,US registered voters,Which of these is the most important issue for you?,https://yougov.com/en-us/trackers/most-important-issues-facing-the-us,CC BY-NC 4.0 (YouGov public data license)
2025-12,dem,Gay rights,single_list,0.0,4,2025-12-01;2025-12-08;2025-12-15;2025-12-22,YouGov/Economist,US registered voters,Which of these is the most important issue for you?,https://yougov.com/en-us/trackers/most-important-issues-facing-the-us,CC BY-NC 4.0 (YouGov public data license)
2025-12,dem,Gun control,single_list,0.032,4,2025-12-01;2025-12-08;2025-12-15;2025-12-22,YouGov/Economist,US registered voters,Which of these is the most important issue for you?,https://yougov.com/en-us/trackers/most-important-issues-facing-the-us,CC BY-NC 4.0 (YouGov public data license)
2025-12,dem,Health care,single_list,0.182,4,2025-12-01;2025-12-08;2025-12-15;2025-12-22,YouGov/Economist,US registered voters,Which of these is the most important issue for you?,https://yougov.com/en-us/trackers/most-important-issues-facing-the-us,CC BY-NC 4.0 (YouGov public data license)
2025-12,dem,Immigration,single_list,0.022,4,2025-12-01;2025-12-08;2025-12-15;2025-12-22,YouGov/Economist,US registered voters,Which of these is the most important issue for you?,https://yougov.com/en-us/trackers/most-important-issues-facing-the-us,CC BY-NC 4.0 (YouGov public data license)
2025-12,dem,Inflation/prices,single_list,0.248,4,2025-12-01;2025-12-08;2025-12-15;2025-12-22,YouGov/Economist,US registered voters,Which of these is the most important issue for you?,https://yougov.com/en-us/trackers/most-important-issues-facing-the-us,CC BY-NC 4.0 (YouGov public data license)
2025-12,dem,Jobs and the economy,single_list,0.125,4,2025-12-01;2025-12-08;2025-12-15;2025-12-22,YouGov/Economist,US registered voters,Which of these is the most important issue for you?,https://yougov.com/en-us/trackers/most-important-issues-facing-the-us,CC BY-NC 4.0 (YouGov public data license)
2025-12,dem,Medicare,single_list,0.0,4,2025-12-01;2025-12-08;2025-12-15;2025-12-22,YouGov/Economist,US registered voters,Which of these is the most important issue for you?,https://yougov.com/en-us/trackers/most-important-issues-facing-the-us,CC BY-NC 4.0 (YouGov public data license)
2025-12,dem,National Security and foreign policy,single_list,0.022,4,2025-12-01;2025-12-08;2025-12-15;2025-12-22,YouGov/Economist,US registered voters,Which of these is the most important issue for you?,https://yougov.com/en-us/trackers/most-important-issues-facing-the-us,CC BY-NC 4.0 (YouGov public data license)
2025-12,dem,Social security,single_list,0.0,4,2025-12-01;2025-12-08;2025-12-15;2025-12-22,YouGov/Economist,US registered voters,Which of these is the most important issue for you?,https://yougov.com/en-us/trackers/most-important-issues-facing-the-us,CC BY-NC 4.0 (YouGov public data license)
2025-12,dem,Taxes and government spending,single_list,0.03,4,2025-12-01;2025-12-08;2025-12-15;2025-12-22,YouGov/Economist,US registered voters,Which of these is the most important issue for you?,https://yougov.com/en-us/trackers/most-important-issues-facing-the-us,CC BY-NC 4.0 (YouGov public data license)
2025-12,dem,Terrorism,single_list,0.0,4,2025-12-01;2025-12-08;2025-12-15;2025-12-22,YouGov/Economist,US registered voters,Which of these is the most important issue for you?,https://yougov.com/en-us/trackers/most-important-issues-facing-the-us,CC BY-NC 4.0 (YouGov public data license)
2025-12,dem,The budget deficit,single_list,0.0,4,2025-12-01;2025-12-08;2025-12-15;2025-12-22,YouGov/Economist,US registered voters,Which of these is the most important issue for you?,https://yougov.com/en-us/trackers/most-important-issues-facing-the-us,CC BY-NC 4.0 (YouGov public data license)
2025-12,dem,The war in Afghanistan,single_list,0.0,4,2025-12-01;2025-12-08;2025-12-15;2025-12-22,YouGov/Economist,US registered voters,Which of these is the most important issue for you?,https://yougov.com/en-us/trackers/most-important-issues-facing-the-us,CC BY-NC 4.0 (YouGov public data license)
2025-12,ind,Abortion,single_list,0.015,4,2025-12-01;2025-12-08;2025-12-15;2025-12-22,YouGov/Economist,US registered voters,Which of these is the most important issue for you?,https://yougov.com/en-us/trackers/most-important-issues-facing-the-us,CC BY-NC 4.0 (YouGov public data license)
2025-12,ind,Civil rights and civil liberties,single_list,0.132,4,2025-12-01;2025-12-08;2025-12-15;2025-12-22,YouGov/Economist,US registered voters,Which of these is the most important issue for you?,https://yougov.com/en-us/trackers/most-important-issues-facing-the-us,CC BY-NC 4.0 (YouGov public data license)
2025-12,ind,Climate change and the environment,single_list,0.07,4,2025-12-01;2025-12-08;2025-12-15;2025-12-22,YouGov/Economist,US registered voters,Which of these is the most important issue for you?,https://yougov.com/en-us/trackers/most-important-issues-facing-the-us,CC BY-NC 4.0 (YouGov public data license)
2025-12,ind,Crime and criminal justice reform,single_list,0.032,4,2025-12-01;2025-12-08;2025-12-15;2025-12-22,YouGov/Economist,US registered voters,Which of these is the most important issue for you?,https://yougov.com/en-us/trackers/most-important-issues-facing-the-us,CC BY-NC 4.0 (YouGov public data license)
2025-12,ind,Education,single_list,0.025,4,2025-12-01;2025-12-08;2025-12-15;2025-12-22,YouGov/Economist,US registered voters,Which of these is the most important issue for you?,https://yougov.com/en-us/trackers/most-important-issues-facing-the-us,CC BY-NC 4.0 (YouGov public data license)
2025-12,ind,Gay rights,single_list,0.0,4,2025-12-01;2025-12-08;2025-12-15;2025-12-22,YouGov/Economist,US registered voters,Which of these is the most important issue for you?,https://yougov.com/en-us/trackers/most-important-issues-facing-the-us,CC BY-NC 4.0 (YouGov public data license)
2025-12,ind,Gun control,single_list,0.015,4,2025-12-01;2025-12-08;2025-12-15;2025-12-22,YouGov/Economist,US registered voters,Which of these is the most important issue for you?,https://yougov.com/en-us/trackers/most-important-issues-facing-the-us,CC BY-NC 4.0 (YouGov public data license)
2025-12,ind,Health care,single_list,0.11,4,2025-12-01;2025-12-08;2025-12-15;2025-12-22,YouGov/Economist,US registered voters,Which of these is the most important issue for you?,https://yougov.com/en-us/trackers/most-important-issues-facing-the-us,CC BY-NC 4.0 (YouGov public data license)
2025-12,ind,Immigration,single_list,0.08,4,2025-12-01;2025-12-08;2025-12-15;2025-12-22,YouGov/Economist,US registered voters,Which of these is the most important issue for you?,https://yougov.com/en-us/trackers/most-important-issues-facing-the-us,CC BY-NC 4.0 (YouGov public data license)
2025-12,ind,Inflation/prices,single_list,0.222,4,2025-12-01;2025-12-08;2025-12-15;2025-12-22,YouGov/Economist,US registered voters,Which of these is the most important issue for you?,https://yougov.com/en-us/trackers/most-important-issues-facing-the-us,CC BY-NC 4.0 (YouGov public data license)
2025-12,ind,Jobs and the economy,single_list,0.143,4,2025-12-01;2025-12-08;2025-12-15;2025-12-22,YouGov/Economist,US registered voters,Which of these is the most important issue for you?,https://yougov.com/en-us/trackers/most-important-issues-facing-the-us,CC BY-NC 4.0 (YouGov public data license)
2025-12,ind,Medicare,single_list,0.0,4,2025-12-01;2025-12-08;2025-12-15;2025-12-22,YouGov/Economist,US registered voters,Which of these is the most important issue for you?,https://yougov.com/en-us/trackers/most-important-issues-facing-the-us,CC BY-NC 4.0 (YouGov public data license)
2025-12,ind,National Security and foreign policy,single_list,0.065,4,2025-12-01;2025-12-08;2025-12-15;2025-12-22,YouGov/Economist,US registered voters,Which of these is the most important issue for you?,https://yougov.com/en-us/trackers/most-important-issues-facing-the-us,CC BY-NC 4.0 (YouGov public data license)
2025-12,ind,Social security,single_list,0.0,4,2025-12-01;2025-12-08;2025-12-15;2025-12-22,YouGov/Economist,US registered voters,Which of these is the most important issue for you?,https://yougov.com/en-us/trackers/most-important-issues-facing-the-us,CC BY-NC 4.0 (YouGov public data license)
2025-12,ind,Taxes and government spending,single_list,0.088,4,2025-12-01;2025-12-08;2025-12-15;2025-12-22,YouGov/Economist,US registered voters,Which of these is the most important issue for you?,https://yougov.com/en-us/trackers/most-important-issues-facing-the-us,CC BY-NC 4.0 (YouGov public data license)
2025-12,ind,Terrorism,single_list,0.0,4,2025-12-01;2025-12-08;2025-12-15;2025-12-22,YouGov/Economist,US registered voters,Which of these is the most important issue for you?,https://yougov.com/en-us/trackers/most-important-issues-facing-the-us,CC BY-NC 4.0 (YouGov public data license)
2025-12,ind,The budget deficit,single_list,0.0,4,2025-12-01;2025-12-08;2025-12-15;2025-12-22,YouGov/Economist,US registered voters,Which of these is the most important issue for you?,https://yougov.com/en-us/trackers/most-important-issues-facing-the-us,CC BY-NC 4.0 (YouGov public data license)
2025-12,ind,The war in Afghanistan,single_list,0.0,4,2025-12-01;2025-12-08;2025-12-15;2025-12-22,YouGov/Economist,US registered voters,Which of these is the most important issue for you?,https://yougov.com/en-us/trackers/most-important-issues-facing-the-us,CC BY-NC 4.0 (YouGov public data license)
2025-12,rep,Abortion,single_list,0.038,4,2025-12-01;2025-12-08;2025-12-15;2025-12-22,YouGov/Economist,US registered voters,Which of these is the most important issue for you?,https://yougov.com/en-us/trackers/most-important-issues-facing-the-us,CC BY-NC 4.0 (YouGov public data license)
2025-12,rep,Civil rights and civil liberties,single_list,0.018,4,2025-12-01;2025-12-08;2025-12-15;2025-12-22,YouGov/Economist,US registered voters,Which of these is the most important issue for you?,https://yougov.com/en-us/trackers/most-important-issues-facing-the-us,CC BY-NC 4.0 (YouGov public data license)
2025-12,rep,Climate change and the environment,single_list,0.01,4,2025-12-01;2025-12-08;2025-12-15;2025-12-22,YouGov/Economist,US registered voters,Which of these is the most important issue for you?,https://yougov.com/en-us/trackers/most-important-issues-facing-the-us,CC BY-NC 4.0 (YouGov public data license)
2025-12,rep,Crime and criminal justice reform,single_list,0.068,4,2025-12-01;2025-12-08;2025-12-15;2025-12-22,YouGov/Economist,US registered voters,Which of these is the most important issue for you?,https://yougov.com/en-us/trackers/most-important-issues-facing-the-us,CC BY-NC 4.0 (YouGov public data license)
2025-12,rep,Education,single_list,0.02,4,2025-12-01;2025-12-08;2025-12-15;2025-12-22,YouGov/Economist,US registered voters,Which of these is the most important issue for you?,https://yougov.com/en-us/trackers/most-important-issues-facing-the-us,CC BY-NC 4.0 (YouGov public data license)
2025-12,rep,Gay rights,single_list,0.0,4,2025-12-01;2025-12-08;2025-12-15;2025-12-22,YouGov/Economist,US registered voters,Which of these is the most important issue for you?,https://yougov.com/en-us/trackers/most-important-issues-facing-the-us,CC BY-NC 4.0 (YouGov public data license)
2025-12,rep,Gun control,single_list,0.02,4,2025-12-01;2025-12-08;2025-12-15;2025-12-22,YouGov/Economist,US registered voters,Which of these is the most important issue for you?,https://yougov.com/en-us/trackers/most-important-issues-facing-the-us,CC BY-NC 4.0 (YouGov public data license)
2025-12,rep,Health care,single_list,0.065,4,2025-12-01;2025-12-08;2025-12-15;2025-12-22,YouGov/Economist,US registered voters,Which of these is the most important issue for you?,https://yougov.com/en-us/trackers/most-important-issues-facing-the-us,CC BY-NC 4.0 (YouGov public data license)
2025-12,rep,Immigration,single_list,0.18,4,2025-12-01;2025-12-08;2025-12-15;2025-12-22,YouGov/Economist,US registered voters,Which of these is the most important issue for you?,https://yougov.com/en-us/trackers/most-important-issues-facing-the-us,CC BY-NC 4.0 (YouGov public data license)
2025-12,rep,Inflation/prices,single_list,0.26,4,2025-12-01;2025-12-08;2025-12-15;2025-12-22,YouGov/Economist,US registered voters,Which of these is the most important issue for you?,https://yougov.com/en-us/trackers/most-important-issues-facing-the-us,CC BY-NC 4.0 (YouGov public data license)
2025-12,rep,Jobs and the economy,single_list,0.135,4,2025-12-01;2025-12-08;2025-12-15;2025-12-22,YouGov/Economist,US registered voters,Which of these is the most important issue for you?,https://yougov.com/en-us/trackers/most-important-issues-facing-the-us,CC BY-NC 4.0 (YouGov public data license)
2025-12,rep,Medicare,single_list,0.0,4,2025-12-01;2025-12-08;2025-12-15;2025-12-22,YouGov/Economist,US registered voters,Which of these is the most important issue for you?,https://yougov.com/en-us/trackers/most-important-issues-facing-the-us,CC BY-NC 4.0 (YouGov public data license)
2025-12,rep,National Security and foreign policy,single_list,0.098,4,2025-12-01;2025-12-08;2025-12-15;2025-12-22,YouGov/Economist,US registered voters,Which of these is the most important issue for you?,https://yougov.com/en-us/trackers/most-important-issues-facing-the-us,CC BY-NC 4.0 (YouGov public data license)
2025-12,rep,Social security,single_list,0.0,4,2025-12-01;2025-12-08;2025-12-15;2025-12-22,YouGov/Economist,US registered voters,Which of these is the most important issue for you?,https://yougov.com/en-us/trackers/most-important-issues-facing-the-us,CC BY-NC 4.0 (YouGov public data license)
2025-12,rep,Taxes and government spending,single_list,0.092,4,2025-12-01;2025-12-08;2025-12-15;2025-12-22,YouGov/Economist,US registered voters,Which of these is the most important issue for you?,https://yougov.com/en-us/trackers/most-important-issues-facing-the-us,CC BY-NC 4.0 (YouGov public data license)
2025-12,rep,Terrorism,single_list,0.0,4,2025-12-01;2025-12-08;2025-12-15;2025-12-22,YouGov/Economist,US registered voters,Which of these is the most important issue for you?,https://yougov.com/en-us/trackers/most-important-issues-facing-the-us,CC BY-NC 4.0 (YouGov public data license)
2025-12,rep,The budget deficit,single_list,0.0,4,2025-12-01;2025-12-08;2025-12-15;2025-12-22,YouGov/Economist,US registered voters,Which of these is the most important issue for you?,https://yougov.com/en-us/trackers/most-important-issues-facing-the-us,CC BY-NC 4.0 (YouGov public data license)
2025-12,rep,The war in Afghanistan,single_list,0.0,4,2025-12-01;2025-12-08;2025-12-15;2025-12-22,YouGov/Economist,US registered voters,Which of these is the most important issue for you?,https://yougov.com/en-us/trackers/most-important-issues-facing-the-us,CC BY-NC 4.0 (YouGov public data license)
2026-01,all_rv,Abortion,single_list,0.025,4,2026-01-05;2026-01-12;2026-01-19;2026-01-26,YouGov/Economist,US registered voters,Which of these is the most important issue for you?,https://yougov.com/en-us/trackers/most-important-issues-facing-the-us,CC BY-NC 4.0 (YouGov public data license)
2026-01,all_rv,Civil rights and civil liberties,single_list,0.135,4,2026-01-05;2026-01-12;2026-01-19;2026-01-26,YouGov/Economist,US registered voters,Which of these is the most important issue for you?,https://yougov.com/en-us/trackers/most-important-issues-facing-the-us,CC BY-NC 4.0 (YouGov public data license)
2026-01,all_rv,Climate change and the environment,single_list,0.045,4,2026-01-05;2026-01-12;2026-01-19;2026-01-26,YouGov/Economist,US registered voters,Which of these is the most important issue for you?,https://yougov.com/en-us/trackers/most-important-issues-facing-the-us,CC BY-NC 4.0 (YouGov public data license)
2026-01,all_rv,Crime and criminal justice reform,single_list,0.045,4,2026-01-05;2026-01-12;2026-01-19;2026-01-26,YouGov/Economist,US registered voters,Which of these is the most important issue for you?,https://yougov.com/en-us/trackers/most-important-issues-facing-the-us,CC BY-NC 4.0 (YouGov public data license)
2026-01,all_rv,Education,single_list,0.02,4,2026-01-05;2026-01-12;2026-01-19;2026-01-26,YouGov/Economist,US registered voters,Which of these is the most important issue for you?,https://yougov.com/en-us/trackers/most-important-issues-facing-the-us,CC BY-NC 4.0 (YouGov public data license)
2026-01,all_rv,Gay rights,single_list,0.0,4,2026-01-05;2026-01-12;2026-01-19;2026-01-26,YouGov/Economist,US registered voters,Which of these is the most important issue for you?,https://yougov.com/en-us/trackers/most-important-issues-facing-the-us,CC BY-NC 4.0 (YouGov public data license)
2026-01,all_rv,Gun control,single_list,0.015,4,2026-01-05;2026-01-12;2026-01-19;2026-01-26,YouGov/Economist,US registered voters,Which of these is the most important issue for you?,https://yougov.com/en-us/trackers/most-important-issues-facing-the-us,CC BY-NC 4.0 (YouGov public data license)
2026-01,all_rv,Health care,single_list,0.108,4,2026-01-05;2026-01-12;2026-01-19;2026-01-26,YouGov/Economist,US registered voters,Which of these is the most important issue for you?,https://yougov.com/en-us/trackers/most-important-issues-facing-the-us,CC BY-NC 4.0 (YouGov public data license)
2026-01,all_rv,Immigration,single_list,0.103,4,2026-01-05;2026-01-12;2026-01-19;2026-01-26,YouGov/Economist,US registered voters,Which of these is the most important issue for you?,https://yougov.com/en-us/trackers/most-important-issues-facing-the-us,CC BY-NC 4.0 (YouGov public data license)
2026-01,all_rv,Inflation/prices,single_list,0.228,4,2026-01-05;2026-01-12;2026-01-19;2026-01-26,YouGov/Economist,US registered voters,Which of these is the most important issue for you?,https://yougov.com/en-us/trackers/most-important-issues-facing-the-us,CC BY-NC 4.0 (YouGov public data license)
2026-01,all_rv,Jobs and the economy,single_list,0.122,4,2026-01-05;2026-01-12;2026-01-19;2026-01-26,YouGov/Economist,US registered voters,Which of these is the most important issue for you?,https://yougov.com/en-us/trackers/most-important-issues-facing-the-us,CC BY-NC 4.0 (YouGov public data license)
2026-01,all_rv,Medicare,single_list,0.0,4,2026-01-05;2026-01-12;2026-01-19;2026-01-26,YouGov/Economist,US registered voters,Which of these is the most important issue for you?,https://yougov.com/en-us/trackers/most-important-issues-facing-the-us,CC BY-NC 4.0 (YouGov public data license)
2026-01,all_rv,National Security and foreign policy,single_list,0.073,4,2026-01-05;2026-01-12;2026-01-19;2026-01-26,YouGov/Economist,US registered voters,Which of these is the most important issue for you?,https://yougov.com/en-us/trackers/most-important-issues-facing-the-us,CC BY-NC 4.0 (YouGov public data license)
2026-01,all_rv,Social security,single_list,0.0,4,2026-01-05;2026-01-12;2026-01-19;2026-01-26,YouGov/Economist,US registered voters,Which of these is the most important issue for you?,https://yougov.com/en-us/trackers/most-important-issues-facing-the-us,CC BY-NC 4.0 (YouGov public data license)
2026-01,all_rv,Taxes and government spending,single_list,0.078,4,2026-01-05;2026-01-12;2026-01-19;2026-01-26,YouGov/Economist,US registered voters,Which of these is the most important issue for you?,https://yougov.com/en-us/trackers/most-important-issues-facing-the-us,CC BY-NC 4.0 (YouGov public data license)
2026-01,all_rv,Terrorism,single_list,0.0,4,2026-01-05;2026-01-12;2026-01-19;2026-01-26,YouGov/Economist,US registered voters,Which of these is the most important issue for you?,https://yougov.com/en-us/trackers/most-important-issues-facing-the-us,CC BY-NC 4.0 (YouGov public data license)
2026-01,all_rv,The budget deficit,single_list,0.0,4,2026-01-05;2026-01-12;2026-01-19;2026-01-26,YouGov/Economist,US registered voters,Which of these is the most important issue for you?,https://yougov.com/en-us/trackers/most-important-issues-facing-the-us,CC BY-NC 4.0 (YouGov public data license)
2026-01,all_rv,The war in Afghanistan,single_list,0.0,4,2026-01-05;2026-01-12;2026-01-19;2026-01-26,YouGov/Economist,US registered voters,Which of these is the most important issue for you?,https://yougov.com/en-us/trackers/most-important-issues-facing-the-us,CC BY-NC 4.0 (YouGov public data license)
2026-01,dem,Abortion,single_list,0.01,4,2026-01-05;2026-01-12;2026-01-19;2026-01-26,YouGov/Economist,US registered voters,Which of these is the most important issue for you?,https://yougov.com/en-us/trackers/most-important-issues-facing-the-us,CC BY-NC 4.0 (YouGov public data license)
2026-01,dem,Civil rights and civil liberties,single_list,0.252,4,2026-01-05;2026-01-12;2026-01-19;2026-01-26,YouGov/Economist,US registered voters,Which of these is the most important issue for you?,https://yougov.com/en-us/trackers/most-important-issues-facing-the-us,CC BY-NC 4.0 (YouGov public data license)
2026-01,dem,Climate change and the environment,single_list,0.085,4,2026-01-05;2026-01-12;2026-01-19;2026-01-26,YouGov/Economist,US registered voters,Which of these is the most important issue for you?,https://yougov.com/en-us/trackers/most-important-issues-facing-the-us,CC BY-NC 4.0 (YouGov public data license)
2026-01,dem,Crime and criminal justice reform,single_list,0.02,4,2026-01-05;2026-01-12;2026-01-19;2026-01-26,YouGov/Economist,US registered voters,Which of these is the most important issue for you?,https://yougov.com/en-us/trackers/most-important-issues-facing-the-us,CC BY-NC 4.0 (YouGov public data license)
2026-01,dem,Education,single_list,0.022,4,2026-01-05;2026-01-12;2026-01-19;2026-01-26,YouGov/Economist,US registered voters,Which of these is the most important issue for you?,https://yougov.com/en-us/trackers/most-important-issues-facing-the-us,CC BY-NC 4.0 (YouGov public data license)
2026-01,dem,Gay rights,single_list,0.0,4,2026-01-05;2026-01-12;2026-01-19;2026-01-26,YouGov/Economist,US registered voters,Which of these is the most important issue for you?,https://yougov.com/en-us/trackers/most-important-issues-facing-the-us,CC BY-NC 4.0 (YouGov public data license)
2026-01,dem,Gun control,single_list,0.028,4,2026-01-05;2026-01-12;2026-01-19;2026-01-26,YouGov/Economist,US registered voters,Which of these is the most important issue for you?,https://yougov.com/en-us/trackers/most-important-issues-facing-the-us,CC BY-NC 4.0 (YouGov public data license)
2026-01,dem,Health care,single_list,0.168,4,2026-01-05;2026-01-12;2026-01-19;2026-01-26,YouGov/Economist,US registered voters,Which of these is the most important issue for you?,https://yougov.com/en-us/trackers/most-important-issues-facing-the-us,CC BY-NC 4.0 (YouGov public data license)
2026-01,dem,Immigration,single_list,0.038,4,2026-01-05;2026-01-12;2026-01-19;2026-01-26,YouGov/Economist,US registered voters,Which of these is the most important issue for you?,https://yougov.com/en-us/trackers/most-important-issues-facing-the-us,CC BY-NC 4.0 (YouGov public data license)
2026-01,dem,Inflation/prices,single_list,0.21,4,2026-01-05;2026-01-12;2026-01-19;2026-01-26,YouGov/Economist,US registered voters,Which of these is the most important issue for you?,https://yougov.com/en-us/trackers/most-important-issues-facing-the-us,CC BY-NC 4.0 (YouGov public data license)
2026-01,dem,Jobs and the economy,single_list,0.118,4,2026-01-05;2026-01-12;2026-01-19;2026-01-26,YouGov/Economist,US registered voters,Which of these is the most important issue for you?,https://yougov.com/en-us/trackers/most-important-issues-facing-the-us,CC BY-NC 4.0 (YouGov public data license)
2026-01,dem,Medicare,single_list,0.0,4,2026-01-05;2026-01-12;2026-01-19;2026-01-26,YouGov/Economist,US registered voters,Which of these is the most important issue for you?,https://yougov.com/en-us/trackers/most-important-issues-facing-the-us,CC BY-NC 4.0 (YouGov public data license)
2026-01,dem,National Security and foreign policy,single_list,0.022,4,2026-01-05;2026-01-12;2026-01-19;2026-01-26,YouGov/Economist,US registered voters,Which of these is the most important issue for you?,https://yougov.com/en-us/trackers/most-important-issues-facing-the-us,CC BY-NC 4.0 (YouGov public data license)
2026-01,dem,Social security,single_list,0.0,4,2026-01-05;2026-01-12;2026-01-19;2026-01-26,YouGov/Economist,US registered voters,Which of these is the most important issue for you?,https://yougov.com/en-us/trackers/most-important-issues-facing-the-us,CC BY-NC 4.0 (YouGov public data license)
2026-01,dem,Taxes and government spending,single_list,0.02,4,2026-01-05;2026-01-12;2026-01-19;2026-01-26,YouGov/Economist,US registered voters,Which of these is the most important issue for you?,https://yougov.com/en-us/trackers/most-important-issues-facing-the-us,CC BY-NC 4.0 (YouGov public data license)
2026-01,dem,Terrorism,single_list,0.0,4,2026-01-05;2026-01-12;2026-01-19;2026-01-26,YouGov/Economist,US registered voters,Which of these is the most important issue for you?,https://yougov.com/en-us/trackers/most-important-issues-facing-the-us,CC BY-NC 4.0 (YouGov public data license)
2026-01,dem,The budget deficit,single_list,0.0,4,2026-01-05;2026-01-12;2026-01-19;2026-01-26,YouGov/Economist,US registered voters,Which of these is the most important issue for you?,https://yougov.com/en-us/trackers/most-important-issues-facing-the-us,CC BY-NC 4.0 (YouGov public data license)
2026-01,dem,The war in Afghanistan,single_list,0.0,4,2026-01-05;2026-01-12;2026-01-19;2026-01-26,YouGov/Economist,US registered voters,Which of these is the most important issue for you?,https://yougov.com/en-us/trackers/most-important-issues-facing-the-us,CC BY-NC 4.0 (YouGov public data license)
2026-01,ind,Abortion,single_list,0.02,4,2026-01-05;2026-01-12;2026-01-19;2026-01-26,YouGov/Economist,US registered voters,Which of these is the most important issue for you?,https://yougov.com/en-us/trackers/most-important-issues-facing-the-us,CC BY-NC 4.0 (YouGov public data license)
2026-01,ind,Civil rights and civil liberties,single_list,0.162,4,2026-01-05;2026-01-12;2026-01-19;2026-01-26,YouGov/Economist,US registered voters,Which of these is the most important issue for you?,https://yougov.com/en-us/trackers/most-important-issues-facing-the-us,CC BY-NC 4.0 (YouGov public data license)
2026-01,ind,Climate change and the environment,single_list,0.052,4,2026-01-05;2026-01-12;2026-01-19;2026-01-26,YouGov/Economist,US registered voters,Which of these is the most important issue for you?,https://yougov.com/en-us/trackers/most-important-issues-facing-the-us,CC BY-NC 4.0 (YouGov public data license)
2026-01,ind,Crime and criminal justice reform,single_list,0.042,4,2026-01-05;2026-01-12;2026-01-19;2026-01-26,YouGov/Economist,US registered voters,Which of these is the most important issue for you?,https://yougov.com/en-us/trackers/most-important-issues-facing-the-us,CC BY-NC 4.0 (YouGov public data license)
2026-01,ind,Education,single_list,0.025,4,2026-01-05;2026-01-12;2026-01-19;2026-01-26,YouGov/Economist,US registered voters,Which of these is the most important issue for you?,https://yougov.com/en-us/trackers/most-important-issues-facing-the-us,CC BY-NC 4.0 (YouGov public data license)
2026-01,ind,Gay rights,single_list,0.0,4,2026-01-05;2026-01-12;2026-01-19;2026-01-26,YouGov/Economist,US registered voters,Which of these is the most important issue for you?,https://yougov.com/en-us/trackers/most-important-issues-facing-the-us,CC BY-NC 4.0 (YouGov public data license)
2026-01,ind,Gun control,single_list,0.01,4,2026-01-05;2026-01-12;2026-01-19;2026-01-26,YouGov/Economist,US registered voters,Which of these is the most important issue for you?,https://yougov.com/en-us/trackers/most-important-issues-facing-the-us,CC BY-NC 4.0 (YouGov public data license)
2026-01,ind,Health care,single_list,0.092,4,2026-01-05;2026-01-12;2026-01-19;2026-01-26,YouGov/Economist,US registered voters,Which of these is the most important issue for you?,https://yougov.com/en-us/trackers/most-important-issues-facing-the-us,CC BY-NC 4.0 (YouGov public data license)
2026-01,ind,Immigration,single_list,0.073,4,2026-01-05;2026-01-12;2026-01-19;2026-01-26,YouGov/Economist,US registered voters,Which of these is the most important issue for you?,https://yougov.com/en-us/trackers/most-important-issues-facing-the-us,CC BY-NC 4.0 (YouGov public data license)
2026-01,ind,Inflation/prices,single_list,0.23,4,2026-01-05;2026-01-12;2026-01-19;2026-01-26,YouGov/Economist,US registered voters,Which of these is the most important issue for you?,https://yougov.com/en-us/trackers/most-important-issues-facing-the-us,CC BY-NC 4.0 (YouGov public data license)
2026-01,ind,Jobs and the economy,single_list,0.138,4,2026-01-05;2026-01-12;2026-01-19;2026-01-26,YouGov/Economist,US registered voters,Which of these is the most important issue for you?,https://yougov.com/en-us/trackers/most-important-issues-facing-the-us,CC BY-NC 4.0 (YouGov public data license)
2026-01,ind,Medicare,single_list,0.0,4,2026-01-05;2026-01-12;2026-01-19;2026-01-26,YouGov/Economist,US registered voters,Which of these is the most important issue for you?,https://yougov.com/en-us/trackers/most-important-issues-facing-the-us,CC BY-NC 4.0 (YouGov public data license)
2026-01,ind,National Security and foreign policy,single_list,0.068,4,2026-01-05;2026-01-12;2026-01-19;2026-01-26,YouGov/Economist,US registered voters,Which of these is the most important issue for you?,https://yougov.com/en-us/trackers/most-important-issues-facing-the-us,CC BY-NC 4.0 (YouGov public data license)
2026-01,ind,Social security,single_list,0.0,4,2026-01-05;2026-01-12;2026-01-19;2026-01-26,YouGov/Economist,US registered voters,Which of these is the most important issue for you?,https://yougov.com/en-us/trackers/most-important-issues-facing-the-us,CC BY-NC 4.0 (YouGov public data license)
2026-01,ind,Taxes and government spending,single_list,0.088,4,2026-01-05;2026-01-12;2026-01-19;2026-01-26,YouGov/Economist,US registered voters,Which of these is the most important issue for you?,https://yougov.com/en-us/trackers/most-important-issues-facing-the-us,CC BY-NC 4.0 (YouGov public data license)
2026-01,ind,Terrorism,single_list,0.0,4,2026-01-05;2026-01-12;2026-01-19;2026-01-26,YouGov/Economist,US registered voters,Which of these is the most important issue for you?,https://yougov.com/en-us/trackers/most-important-issues-facing-the-us,CC BY-NC 4.0 (YouGov public data license)
2026-01,ind,The budget deficit,single_list,0.0,4,2026-01-05;2026-01-12;2026-01-19;2026-01-26,YouGov/Economist,US registered voters,Which of these is the most important issue for you?,https://yougov.com/en-us/trackers/most-important-issues-facing-the-us,CC BY-NC 4.0 (YouGov public data license)
2026-01,ind,The war in Afghanistan,single_list,0.0,4,2026-01-05;2026-01-12;2026-01-19;2026-01-26,YouGov/Economist,US registered voters,Which of these is the most important issue for you?,https://yougov.com/en-us/trackers/most-important-issues-facing-the-us,CC BY-NC 4.0 (YouGov public data license)
2026-01,rep,Abortion,single_list,0.042,4,2026-01-05;2026-01-12;2026-01-19;2026-01-26,YouGov/Economist,US registered voters,Which of these is the most important issue for you?,https://yougov.com/en-us/trackers/most-important-issues-facing-the-us,CC BY-NC 4.0 (YouGov public data license)
2026-01,rep,Civil rights and civil liberties,single_list,0.01,4,2026-01-05;2026-01-12;2026-01-19;2026-01-26,YouGov/Economist,US registered voters,Which of these is the most important issue for you?,https://yougov.com/en-us/trackers/most-important-issues-facing-the-us,CC BY-NC 4.0 (YouGov public data license)
2026-01,rep,Climate change and the environment,single_list,0.012,4,2026-01-05;2026-01-12;2026-01-19;2026-01-26,YouGov/Economist,US registered voters,Which of these is the most important issue for you?,https://yougov.com/en-us/trackers/most-important-issues-facing-the-us,CC BY-NC 4.0 (YouGov public data license)
2026-01,rep,Crime and criminal justice reform,single_list,0.06,4,2026-01-05;2026-01-12;2026-01-19;2026-01-26,YouGov/Economist,US registered voters,Which of these is the most important issue for you?,https://yougov.com/en-us/trackers/most-important-issues-facing-the-us,CC BY-NC 4.0 (YouGov public data license)
2026-01,rep,Education,single_list,0.015,4,2026-01-05;2026-01-12;2026-01-19;2026-01-26,YouGov/Economist,US registered voters,Which of these is the most important issue for you?,https://yougov.com/en-us/trackers/most-important-issues-facing-the-us,CC BY-NC 4.0 (YouGov public data license)
2026-01,rep,Gay rights,single_list,0.0,4,2026-01-05;2026-01-12;2026-01-19;2026-01-26,YouGov/Economist,US registered voters,Which of these is the most important issue for you?,https://yougov.com/en-us/trackers/most-important-issues-facing-the-us,CC BY-NC 4.0 (YouGov public data license)
2026-01,rep,Gun control,single_list,0.015,4,2026-01-05;2026-01-12;2026-01-19;2026-01-26,YouGov/Economist,US registered voters,Which of these is the most important issue for you?,https://yougov.com/en-us/trackers/most-important-issues-facing-the-us,CC BY-NC 4.0 (YouGov public data license)
2026-01,rep,Health care,single_list,0.07,4,2026-01-05;2026-01-12;2026-01-19;2026-01-26,YouGov/Economist,US registered voters,Which of these is the most important issue for you?,https://yougov.com/en-us/trackers/most-important-issues-facing-the-us,CC BY-NC 4.0 (YouGov public data license)
2026-01,rep,Immigration,single_list,0.19,4,2026-01-05;2026-01-12;2026-01-19;2026-01-26,YouGov/Economist,US registered voters,Which of these is the most important issue for you?,https://yougov.com/en-us/trackers/most-important-issues-facing-the-us,CC BY-NC 4.0 (YouGov public data license)
2026-01,rep,Inflation/prices,single_list,0.24,4,2026-01-05;2026-01-12;2026-01-19;2026-01-26,YouGov/Economist,US registered voters,Which of these is the most important issue for you?,https://yougov.com/en-us/trackers/most-important-issues-facing-the-us,CC BY-NC 4.0 (YouGov public data license)
2026-01,rep,Jobs and the economy,single_list,0.112,4,2026-01-05;2026-01-12;2026-01-19;2026-01-26,YouGov/Economist,US registered voters,Which of these is the most important issue for you?,https://yougov.com/en-us/trackers/most-important-issues-facing-the-us,CC BY-NC 4.0 (YouGov public data license)
2026-01,rep,Medicare,single_list,0.0,4,2026-01-05;2026-01-12;2026-01-19;2026-01-26,YouGov/Economist,US registered voters,Which of these is the most important issue for you?,https://yougov.com/en-us/trackers/most-important-issues-facing-the-us,CC BY-NC 4.0 (YouGov public data license)
2026-01,rep,National Security and foreign policy,single_list,0.115,4,2026-01-05;2026-01-12;2026-01-19;2026-01-26,YouGov/Economist,US registered voters,Which of these is the most important issue for you?,https://yougov.com/en-us/trackers/most-important-issues-facing-the-us,CC BY-NC 4.0 (YouGov public data license)
2026-01,rep,Social security,single_list,0.0,4,2026-01-05;2026-01-12;2026-01-19;2026-01-26,YouGov/Economist,US registered voters,Which of these is the most important issue for you?,https://yougov.com/en-us/trackers/most-important-issues-facing-the-us,CC BY-NC 4.0 (YouGov public data license)
2026-01,rep,Taxes and government spending,single_list,0.122,4,2026-01-05;2026-01-12;2026-01-19;2026-01-26,YouGov/Economist,US registered voters,Which of these is the most important issue for you?,https://yougov.com/en-us/trackers/most-important-issues-facing-the-us,CC BY-NC 4.0 (YouGov public data license)
2026-01,rep,Terrorism,single_list,0.0,4,2026-01-05;2026-01-12;2026-01-19;2026-01-26,YouGov/Economist,US registered voters,Which of these is the most important issue for you?,https://yougov.com/en-us/trackers/most-important-issues-facing-the-us,CC BY-NC 4.0 (YouGov public data license)
2026-01,rep,The budget deficit,single_list,0.0,4,2026-01-05;2026-01-12;2026-01-19;2026-01-26,YouGov/Economist,US registered voters,Which of these is the most important issue for you?,https://yougov.com/en-us/trackers/most-important-issues-facing-the-us,CC BY-NC 4.0 (YouGov public data license)
2026-01,rep,The war in Afghanistan,single_list,0.0,4,2026-01-05;2026-01-12;2026-01-19;2026-01-26,YouGov/Economist,US registered voters,Which of these is the most important issue for you?,https://yougov.com/en-us/trackers/most-important-issues-facing-the-us,CC BY-NC 4.0 (YouGov public data license)
2026-02,all_rv,Abortion,single_list,0.028,4,2026-02-02;2026-02-09;2026-02-16;2026-02-23,YouGov/Economist,US registered voters,Which of these is the most important issue for you?,https://yougov.com/en-us/trackers/most-important-issues-facing-the-us,CC BY-NC 4.0 (YouGov public data license)
2026-02,all_rv,Civil rights and civil liberties,single_list,0.14,4,2026-02-02;2026-02-09;2026-02-16;2026-02-23,YouGov/Economist,US registered voters,Which of these is the most important issue for you?,https://yougov.com/en-us/trackers/most-important-issues-facing-the-us,CC BY-NC 4.0 (YouGov public data license)
2026-02,all_rv,Climate change and the environment,single_list,0.055,4,2026-02-02;2026-02-09;2026-02-16;2026-02-23,YouGov/Economist,US registered voters,Which of these is the most important issue for you?,https://yougov.com/en-us/trackers/most-important-issues-facing-the-us,CC BY-NC 4.0 (YouGov public data license)
2026-02,all_rv,Crime and criminal justice reform,single_list,0.04,4,2026-02-02;2026-02-09;2026-02-16;2026-02-23,YouGov/Economist,US registered voters,Which of these is the most important issue for you?,https://yougov.com/en-us/trackers/most-important-issues-facing-the-us,CC BY-NC 4.0 (YouGov public data license)
2026-02,all_rv,Education,single_list,0.018,4,2026-02-02;2026-02-09;2026-02-16;2026-02-23,YouGov/Economist,US registered voters,Which of these is the most important issue for you?,https://yougov.com/en-us/trackers/most-important-issues-facing-the-us,CC BY-NC 4.0 (YouGov public data license)
2026-02,all_rv,Gay rights,single_list,0.0,4,2026-02-02;2026-02-09;2026-02-16;2026-02-23,YouGov/Economist,US registered voters,Which of these is the most important issue for you?,https://yougov.com/en-us/trackers/most-important-issues-facing-the-us,CC BY-NC 4.0 (YouGov public data license)
2026-02,all_rv,Gun control,single_list,0.015,4,2026-02-02;2026-02-09;2026-02-16;2026-02-23,YouGov/Economist,US registered voters,Which of these is the most important issue for you?,https://yougov.com/en-us/trackers/most-important-issues-facing-the-us,CC BY-NC 4.0 (YouGov public data license)
2026-02,all_rv,Health care,single_list,0.1,4,2026-02-02;2026-02-09;2026-02-16;2026-02-23,YouGov/Economist,US registered voters,Which of these is the most important issue for you?,https://yougov.com/en-us/trackers/most-important-issues-facing-the-us,CC BY-NC 4.0 (YouGov public data license)
2026-02,all_rv,Immigration,single_list,0.1,4,2026-02-02;2026-02-09;2026-02-16;2026-02-23,YouGov/Economist,US registered voters,Which of these is the most important issue for you?,https://yougov.com/en-us/trackers/most-important-issues-facing-the-us,CC BY-NC 4.0 (YouGov public data license)
2026-02,all_rv,Inflation/prices,single_list,0.222,4,2026-02-02;2026-02-09;2026-02-16;2026-02-23,YouGov/Economist,US registered voters,Which of these is the most important issue for you?,https://yougov.com/en-us/trackers/most-important-issues-facing-the-us,CC BY-NC 4.0 (YouGov public data license)
2026-02,all_rv,Jobs and the economy,single_list,0.13,4,2026-02-02;2026-02-09;2026-02-16;2026-02-23,YouGov/Economist,US registered voters,Which of these is the most important issue for you?,https://yougov.com/en-us/trackers/most-important-issues-facing-the-us,CC BY-NC 4.0 (YouGov public data license)
2026-02,all_rv,Medicare,single_list,0.0,4,2026-02-02;2026-02-09;2026-02-16;2026-02-23,YouGov/Economist,US registered voters,Which of these is the most important issue for you?,https://yougov.com/en-us/trackers/most-important-issues-facing-the-us,CC BY-NC 4.0 (YouGov public data license)
2026-02,all_rv,National Security and foreign policy,single_list,0.073,4,2026-02-02;2026-02-09;2026-02-16;2026-02-23,YouGov/Economist,US registered voters,Which of these is the most important issue for you?,https://yougov.com/en-us/trackers/most-important-issues-facing-the-us,CC BY-NC 4.0 (YouGov public data license)
2026-02,all_rv,Social security,single_list,0.0,4,2026-02-02;2026-02-09;2026-02-16;2026-02-23,YouGov/Economist,US registered voters,Which of these is the most important issue for you?,https://yougov.com/en-us/trackers/most-important-issues-facing-the-us,CC BY-NC 4.0 (YouGov public data license)
2026-02,all_rv,Taxes and government spending,single_list,0.075,4,2026-02-02;2026-02-09;2026-02-16;2026-02-23,YouGov/Economist,US registered voters,Which of these is the most important issue for you?,https://yougov.com/en-us/trackers/most-important-issues-facing-the-us,CC BY-NC 4.0 (YouGov public data license)
2026-02,all_rv,Terrorism,single_list,0.0,4,2026-02-02;2026-02-09;2026-02-16;2026-02-23,YouGov/Economist,US registered voters,Which of these is the most important issue for you?,https://yougov.com/en-us/trackers/most-important-issues-facing-the-us,CC BY-NC 4.0 (YouGov public data license)
2026-02,all_rv,The budget deficit,single_list,0.0,4,2026-02-02;2026-02-09;2026-02-16;2026-02-23,YouGov/Economist,US registered voters,Which of these is the most important issue for you?,https://yougov.com/en-us/trackers/most-important-issues-facing-the-us,CC BY-NC 4.0 (YouGov public data license)
2026-02,all_rv,The war in Afghanistan,single_list,0.0,4,2026-02-02;2026-02-09;2026-02-16;2026-02-23,YouGov/Economist,US registered voters,Which of these is the most important issue for you?,https://yougov.com/en-us/trackers/most-important-issues-facing-the-us,CC BY-NC 4.0 (YouGov public data license)
2026-02,dem,Abortion,single_list,0.02,4,2026-02-02;2026-02-09;2026-02-16;2026-02-23,YouGov/Economist,US registered voters,Which of these is the most important issue for you?,https://yougov.com/en-us/trackers/most-important-issues-facing-the-us,CC BY-NC 4.0 (YouGov public data license)
2026-02,dem,Civil rights and civil liberties,single_list,0.26,4,2026-02-02;2026-02-09;2026-02-16;2026-02-23,YouGov/Economist,US registered voters,Which of these is the most important issue for you?,https://yougov.com/en-us/trackers/most-important-issues-facing-the-us,CC BY-NC 4.0 (YouGov public data license)
2026-02,dem,Climate change and the environment,single_list,0.098,4,2026-02-02;2026-02-09;2026-02-16;2026-02-23,YouGov/Economist,US registered voters,Which of these is the most important issue for you?,https://yougov.com/en-us/trackers/most-important-issues-facing-the-us,CC BY-NC 4.0 (YouGov public data license)
2026-02,dem,Crime and criminal justice reform,single_list,0.018,4,2026-02-02;2026-02-09;2026-02-16;2026-02-23,YouGov/Economist,US registered voters,Which of these is the most important issue for you?,https://yougov.com/en-us/trackers/most-important-issues-facing-the-us,CC BY-NC 4.0 (YouGov public data license)
2026-02,dem,Education,single_list,0.018,4,2026-02-02;2026-02-09;2026-02-16;2026-02-23,YouGov/Economist,US registered voters,Which of these is the most important issue for you?,https://yougov.com/en-us/trackers/most-important-issues-facing-the-us,CC BY-NC 4.0 (YouGov public data license)
2026-02,dem,Gay rights,single_list,0.0,4,2026-02-02;2026-02-09;2026-02-16;2026-02-23,YouGov/Economist,US registered voters,Which of these is the most important issue for you?,https://yougov.com/en-us/trackers/most-important-issues-facing-the-us,CC BY-NC 4.0 (YouGov public data license)
2026-02,dem,Gun control,single_list,0.028,4,2026-02-02;2026-02-09;2026-02-16;2026-02-23,YouGov/Economist,US registered voters,Which of these is the most important issue for you?,https://yougov.com/en-us/trackers/most-important-issues-facing-the-us,CC BY-NC 4.0 (YouGov public data license)
2026-02,dem,Health care,single_list,0.135,4,2026-02-02;2026-02-09;2026-02-16;2026-02-23,YouGov/Economist,US registered voters,Which of these is the most important issue for you?,https://yougov.com/en-us/trackers/most-important-issues-facing-the-us,CC BY-NC 4.0 (YouGov public data license)
2026-02,dem,Immigration,single_list,0.032,4,2026-02-02;2026-02-09;2026-02-16;2026-02-23,YouGov/Economist,US registered voters,Which of these is the most important issue for you?,https://yougov.com/en-us/trackers/most-important-issues-facing-the-us,CC BY-NC 4.0 (YouGov public data license)
2026-02,dem,Inflation/prices,single_list,0.208,4,2026-02-02;2026-02-09;2026-02-16;2026-02-23,YouGov/Economist,US registered voters,Which of these is the most important issue for you?,https://yougov.com/en-us/trackers/most-important-issues-facing-the-us,CC BY-NC 4.0 (YouGov public data license)
2026-02,dem,Jobs and the economy,single_list,0.122,4,2026-02-02;2026-02-09;2026-02-16;2026-02-23,YouGov/Economist,US registered voters,Which of these is the most important issue for you?,https://yougov.com/en-us/trackers/most-important-issues-facing-the-us,CC BY-NC 4.0 (YouGov public data license)
2026-02,dem,Medicare,single_list,0.0,4,2026-02-02;2026-02-09;2026-02-16;2026-02-23,YouGov/Economist,US registered voters,Which of these is the most important issue for you?,https://yougov.com/en-us/trackers/most-important-issues-facing-the-us,CC BY-NC 4.0 (YouGov public data license)
2026-02,dem,National Security and foreign policy,single_list,0.028,4,2026-02-02;2026-02-09;2026-02-16;2026-02-23,YouGov/Economist,US registered voters,Which of these is the most important issue for you?,https://yougov.com/en-us/trackers/most-important-issues-facing-the-us,CC BY-NC 4.0 (YouGov public data license)
2026-02,dem,Social security,single_list,0.0,4,2026-02-02;2026-02-09;2026-02-16;2026-02-23,YouGov/Economist,US registered voters,Which of these is the most important issue for you?,https://yougov.com/en-us/trackers/most-important-issues-facing-the-us,CC BY-NC 4.0 (YouGov public data license)
2026-02,dem,Taxes and government spending,single_list,0.03,4,2026-02-02;2026-02-09;2026-02-16;2026-02-23,YouGov/Economist,US registered voters,Which of these is the most important issue for you?,https://yougov.com/en-us/trackers/most-important-issues-facing-the-us,CC BY-NC 4.0 (YouGov public data license)
2026-02,dem,Terrorism,single_list,0.0,4,2026-02-02;2026-02-09;2026-02-16;2026-02-23,YouGov/Economist,US registered voters,Which of these is the most important issue for you?,https://yougov.com/en-us/trackers/most-important-issues-facing-the-us,CC BY-NC 4.0 (YouGov public data license)
2026-02,dem,The budget deficit,single_list,0.0,4,2026-02-02;2026-02-09;2026-02-16;2026-02-23,YouGov/Economist,US registered voters,Which of these is the most important issue for you?,https://yougov.com/en-us/trackers/most-important-issues-facing-the-us,CC BY-NC 4.0 (YouGov public data license)
2026-02,dem,The war in Afghanistan,single_list,0.0,4,2026-02-02;2026-02-09;2026-02-16;2026-02-23,YouGov/Economist,US registered voters,Which of these is the most important issue for you?,https://yougov.com/en-us/trackers/most-important-issues-facing-the-us,CC BY-NC 4.0 (YouGov public data license)
2026-02,ind,Abortion,single_list,0.018,4,2026-02-02;2026-02-09;2026-02-16;2026-02-23,YouGov/Economist,US registered voters,Which of these is the most important issue for you?,https://yougov.com/en-us/trackers/most-important-issues-facing-the-us,CC BY-NC 4.0 (YouGov public data license)
2026-02,ind,Civil rights and civil liberties,single_list,0.16,4,2026-02-02;2026-02-09;2026-02-16;2026-02-23,YouGov/Economist,US registered voters,Which of these is the most important issue for you?,https://yougov.com/en-us/trackers/most-important-issues-facing-the-us,CC BY-NC 4.0 (YouGov public data license)
2026-02,ind,Climate change and the environment,single_list,0.065,4,2026-02-02;2026-02-09;2026-02-16;2026-02-23,YouGov/Economist,US registered voters,Which of these is the most important issue for you?,https://yougov.com/en-us/trackers/most-important-issues-facing-the-us,CC BY-NC 4.0 (YouGov public data license)
2026-02,ind,Crime and criminal justice reform,single_list,0.045,4,2026-02-02;2026-02-09;2026-02-16;2026-02-23,YouGov/Economist,US registered voters,Which of these is the most important issue for you?,https://yougov.com/en-us/trackers/most-important-issues-facing-the-us,CC BY-NC 4.0 (YouGov public data license)
2026-02,ind,Education,single_list,0.02,4,2026-02-02;2026-02-09;2026-02-16;2026-02-23,YouGov/Economist,US registered voters,Which of these is the most important issue for you?,https://yougov.com/en-us/trackers/most-important-issues-facing-the-us,CC BY-NC 4.0 (YouGov public data license)
2026-02,ind,Gay rights,single_list,0.0,4,2026-02-02;2026-02-09;2026-02-16;2026-02-23,YouGov/Economist,US registered voters,Which of these is the most important issue for you?,https://yougov.com/en-us/trackers/most-important-issues-facing-the-us,CC BY-NC 4.0 (YouGov public data license)
2026-02,ind,Gun control,single_list,0.012,4,2026-02-02;2026-02-09;2026-02-16;2026-02-23,YouGov/Economist,US registered voters,Which of these is the most important issue for you?,https://yougov.com/en-us/trackers/most-important-issues-facing-the-us,CC BY-NC 4.0 (YouGov public data license)
2026-02,ind,Health care,single_list,0.103,4,2026-02-02;2026-02-09;2026-02-16;2026-02-23,YouGov/Economist,US registered voters,Which of these is the most important issue for you?,https://yougov.com/en-us/trackers/most-important-issues-facing-the-us,CC BY-NC 4.0 (YouGov public data license)
2026-02,ind,Immigration,single_list,0.082,4,2026-02-02;2026-02-09;2026-02-16;2026-02-23,YouGov/Economist,US registered voters,Which of these is the most important issue for you?,https://yougov.com/en-us/trackers/most-important-issues-facing-the-us,CC BY-NC 4.0 (YouGov public data license)
2026-02,ind,Inflation/prices,single_list,0.202,4,2026-02-02;2026-02-09;2026-02-16;2026-02-23,YouGov/Economist,US registered voters,Which of these is the most important issue for you?,https://yougov.com/en-us/trackers/most-important-issues-facing-the-us,CC BY-NC 4.0 (YouGov public data license)
2026-02,ind,Jobs and the economy,single_list,0.15,4,2026-02-02;2026-02-09;2026-02-16;2026-02-23,YouGov/Economist,US registered voters,Which of these is the most important issue for you?,https://yougov.com/en-us/trackers/most-important-issues-facing-the-us,CC BY-NC 4.0 (YouGov public data license)
2026-02,ind,Medicare,single_list,0.0,4,2026-02-02;2026-02-09;2026-02-16;2026-02-23,YouGov/Economist,US registered voters,Which of these is the most important issue for you?,https://yougov.com/en-us/trackers/most-important-issues-facing-the-us,CC BY-NC 4.0 (YouGov public data license)
2026-02,ind,National Security and foreign policy,single_list,0.06,4,2026-02-02;2026-02-09;2026-02-16;2026-02-23,YouGov/Economist,US registered voters,Which of these is the most important issue for you?,https://yougov.com/en-us/trackers/most-important-issues-facing-the-us,CC BY-NC 4.0 (YouGov public data license)
2026-02,ind,Social security,single_list,0.0,4,2026-02-02;2026-02-09;2026-02-16;2026-02-23,YouGov/Economist,US registered voters,Which of these is the most important issue for you?,https://yougov.com/en-us/trackers/most-important-issues-facing-the-us,CC BY-NC 4.0 (YouGov public data license)
2026-02,ind,Taxes and government spending,single_list,0.088,4,2026-02-02;2026-02-09;2026-02-16;2026-02-23,YouGov/Economist,US registered voters,Which of these is the most important issue for you?,https://yougov.com/en-us/trackers/most-important-issues-facing-the-us,CC BY-NC 4.0 (YouGov public data license)
2026-02,ind,Terrorism,single_list,0.0,4,2026-02-02;2026-02-09;2026-02-16;2026-02-23,YouGov/Economist,US registered voters,Which of these is the most important issue for you?,https://yougov.com/en-us/trackers/most-important-issues-facing-the-us,CC BY-NC 4.0 (YouGov public data license)
2026-02,ind,The budget deficit,single_list,0.0,4,2026-02-02;2026-02-09;2026-02-16;2026-02-23,YouGov/Economist,US registered voters,Which of these is the most important issue for you?,https://yougov.com/en-us/trackers/most-important-issues-facing-the-us,CC BY-NC 4.0 (YouGov public data license)
2026-02,ind,The war in Afghanistan,single_list,0.0,4,2026-02-02;2026-02-09;2026-02-16;2026-02-23,YouGov/Economist,US registered voters,Which of these is the most important issue for you?,https://yougov.com/en-us/trackers/most-important-issues-facing-the-us,CC BY-NC 4.0 (YouGov public data license)
2026-02,rep,Abortion,single_list,0.04,4,2026-02-02;2026-02-09;2026-02-16;2026-02-23,YouGov/Economist,US registered voters,Which of these is the most important issue for you?,https://yougov.com/en-us/trackers/most-important-issues-facing-the-us,CC BY-NC 4.0 (YouGov public data license)
2026-02,rep,Civil rights and civil liberties,single_list,0.02,4,2026-02-02;2026-02-09;2026-02-16;2026-02-23,YouGov/Economist,US registered voters,Which of these is the most important issue for you?,https://yougov.com/en-us/trackers/most-important-issues-facing-the-us,CC BY-NC 4.0 (YouGov public data license)
2026-02,rep,Climate change and the environment,single_list,0.012,4,2026-02-02;2026-02-09;2026-02-16;2026-02-23,YouGov/Economist,US registered voters,Which of these is the most important issue for you?,https://yougov.com/en-us/trackers/most-important-issues-facing-the-us,CC BY-NC 4.0 (YouGov public data license)
2026-02,rep,Crime and criminal justice reform,single_list,0.055,4,2026-02-02;2026-02-09;2026-02-16;2026-02-23,YouGov/Economist,US registered voters,Which of these is the most important issue for you?,https://yougov.com/en-us/trackers/most-important-issues-facing-the-us,CC BY-NC 4.0 (YouGov public data license)
2026-02,rep,Education,single_list,0.015,4,2026-02-02;2026-02-09;2026-02-16;2026-02-23,YouGov/Economist,US registered voters,Which of these is the most important issue for you?,https://yougov.com/en-us/trackers/most-important-issues-facing-the-us,CC BY-NC 4.0 (YouGov public data license)
2026-02,rep,Gay rights,single_list,0.0,4,2026-02-02;2026-02-09;2026-02-16;2026-02-23,YouGov/Economist,US registered voters,Which of these is the most important issue for you?,https://yougov.com/en-us/trackers/most-important-issues-facing-the-us,CC BY-NC 4.0 (YouGov public data license)
2026-02,rep,Gun control,single_list,0.015,4,2026-02-02;2026-02-09;2026-02-16;2026-02-23,YouGov/Economist,US registered voters,Which of these is the most important issue for you?,https://yougov.com/en-us/trackers/most-important-issues-facing-the-us,CC BY-NC 4.0 (YouGov public data license)
2026-02,rep,Health care,single_list,0.07,4,2026-02-02;2026-02-09;2026-02-16;2026-02-23,YouGov/Economist,US registered voters,Which of these is the most important issue for you?,https://yougov.com/en-us/trackers/most-important-issues-facing-the-us,CC BY-NC 4.0 (YouGov public data license)
2026-02,rep,Immigration,single_list,0.18,4,2026-02-02;2026-02-09;2026-02-16;2026-02-23,YouGov/Economist,US registered voters,Which of these is the most important issue for you?,https://yougov.com/en-us/trackers/most-important-issues-facing-the-us,CC BY-NC 4.0 (YouGov public data license)
2026-02,rep,Inflation/prices,single_list,0.245,4,2026-02-02;2026-02-09;2026-02-16;2026-02-23,YouGov/Economist,US registered voters,Which of these is the most important issue for you?,https://yougov.com/en-us/trackers/most-important-issues-facing-the-us,CC BY-NC 4.0 (YouGov public data license)
2026-02,rep,Jobs and the economy,single_list,0.125,4,2026-02-02;2026-02-09;2026-02-16;2026-02-23,YouGov/Economist,US registered voters,Which of these is the most important issue for you?,https://yougov.com/en-us/trackers/most-important-issues-facing-the-us,CC BY-NC 4.0 (YouGov public data license)
2026-02,rep,Medicare,single_list,0.0,4,2026-02-02;2026-02-09;2026-02-16;2026-02-23,YouGov/Economist,US registered voters,Which of these is the most important issue for you?,https://yougov.com/en-us/trackers/most-important-issues-facing-the-us,CC BY-NC 4.0 (YouGov public data license)
2026-02,rep,National Security and foreign policy,single_list,0.125,4,2026-02-02;2026-02-09;2026-02-16;2026-02-23,YouGov/Economist,US registered voters,Which of these is the most important issue for you?,https://yougov.com/en-us/trackers/most-important-issues-facing-the-us,CC BY-NC 4.0 (YouGov public data license)
2026-02,rep,Social security,single_list,0.0,4,2026-02-02;2026-02-09;2026-02-16;2026-02-23,YouGov/Economist,US registered voters,Which of these is the most important issue for you?,https://yougov.com/en-us/trackers/most-important-issues-facing-the-us,CC BY-NC 4.0 (YouGov public data license)
2026-02,rep,Taxes and government spending,single_list,0.1,4,2026-02-02;2026-02-09;2026-02-16;2026-02-23,YouGov/Economist,US registered voters,Which of these is the most important issue for you?,https://yougov.com/en-us/trackers/most-important-issues-facing-the-us,CC BY-NC 4.0 (YouGov public data license)
2026-02,rep,Terrorism,single_list,0.0,4,2026-02-02;2026-02-09;2026-02-16;2026-02-23,YouGov/Economist,US registered voters,Which of these is the most important issue for you?,https://yougov.com/en-us/trackers/most-important-issues-facing-the-us,CC BY-NC 4.0 (YouGov public data license)
2026-02,rep,The budget deficit,single_list,0.0,4,2026-02-02;2026-02-09;2026-02-16;2026-02-23,YouGov/Economist,US registered voters,Which of these is the most important issue for you?,https://yougov.com/en-us/trackers/most-important-issues-facing-the-us,CC BY-NC 4.0 (YouGov public data license)
2026-02,rep,The war in Afghanistan,single_list,0.0,4,2026-02-02;2026-02-09;2026-02-16;2026-02-23,YouGov/Economist,US registered voters,Which of these is the most important issue for you?,https://yougov.com/en-us/trackers/most-important-issues-facing-the-us,CC BY-NC 4.0 (YouGov public data license)
2026-03,all_rv,Abortion,single_list,0.032,5,2026-03-02;2026-03-09;2026-03-16;2026-03-23;2026-03-30,YouGov/Economist,US registered voters,Which of these is the most important issue for you?,https://yougov.com/en-us/trackers/most-important-issues-facing-the-us,CC BY-NC 4.0 (YouGov public data license)
2026-03,all_rv,Civil rights and civil liberties,single_list,0.112,5,2026-03-02;2026-03-09;2026-03-16;2026-03-23;2026-03-30,YouGov/Economist,US registered voters,Which of these is the most important issue for you?,https://yougov.com/en-us/trackers/most-important-issues-facing-the-us,CC BY-NC 4.0 (YouGov public data license)
2026-03,all_rv,Climate change and the environment,single_list,0.058,5,2026-03-02;2026-03-09;2026-03-16;2026-03-23;2026-03-30,YouGov/Economist,US registered voters,Which of these is the most important issue for you?,https://yougov.com/en-us/trackers/most-important-issues-facing-the-us,CC BY-NC 4.0 (YouGov public data license)
2026-03,all_rv,Crime and criminal justice reform,single_list,0.034,5,2026-03-02;2026-03-09;2026-03-16;2026-03-23;2026-03-30,YouGov/Economist,US registered voters,Which of these is the most important issue for you?,https://yougov.com/en-us/trackers/most-important-issues-facing-the-us,CC BY-NC 4.0 (YouGov public data license)
2026-03,all_rv,Education,single_list,0.022,5,2026-03-02;2026-03-09;2026-03-16;2026-03-23;2026-03-30,YouGov/Economist,US registered voters,Which of these is the most important issue for you?,https://yougov.com/en-us/trackers/most-important-issues-facing-the-us,CC BY-NC 4.0 (YouGov public data license)
2026-03,all_rv,Gay rights,single_list,0.0,5,2026-03-02;2026-03-09;2026-03-16;2026-03-23;2026-03-30,YouGov/Economist,US registered voters,Which of these is the most important issue for you?,https://yougov.com/en-us/trackers/most-important-issues-facing-the-us,CC BY-NC 4.0 (YouGov public data license)
2026-03,all_rv,Gun control,single_list,0.018,5,2026-03-02;2026-03-09;2026-03-16;2026-03-23;2026-03-30,YouGov/Economist,US registered voters,Which of these is the most important issue for you?,https://yougov.com/en-us/trackers/most-important-issues-facing-the-us,CC BY-NC 4.0 (YouGov public data license)
2026-03,all_rv,Health care,single_list,0.11,5,2026-03-02;2026-03-09;2026-03-16;2026-03-23;2026-03-30,YouGov/Economist,US registered voters,Which of these is the most important issue for you?,https://yougov.com/en-us/trackers/most-important-issues-facing-the-us,CC BY-NC 4.0 (YouGov public data license)
2026-03,all_rv,Immigration,single_list,0.088,5,2026-03-02;2026-03-09;2026-03-16;2026-03-23;2026-03-30,YouGov/Economist,US registered voters,Which of these is the most important issue for you?,https://yougov.com/en-us/trackers/most-important-issues-facing-the-us,CC BY-NC 4.0 (YouGov public data license)
2026-03,all_rv,Inflation/prices,single_list,0.226,5,2026-03-02;2026-03-09;2026-03-16;2026-03-23;2026-03-30,YouGov/Economist,US registered voters,Which of these is the most important issue for you?,https://yougov.com/en-us/trackers/most-important-issues-facing-the-us,CC BY-NC 4.0 (YouGov public data license)
2026-03,all_rv,Jobs and the economy,single_list,0.138,5,2026-03-02;2026-03-09;2026-03-16;2026-03-23;2026-03-30,YouGov/Economist,US registered voters,Which of these is the most important issue for you?,https://yougov.com/en-us/trackers/most-important-issues-facing-the-us,CC BY-NC 4.0 (YouGov public data license)
2026-03,all_rv,Medicare,single_list,0.0,5,2026-03-02;2026-03-09;2026-03-16;2026-03-23;2026-03-30,YouGov/Economist,US registered voters,Which of these is the most important issue for you?,https://yougov.com/en-us/trackers/most-important-issues-facing-the-us,CC BY-NC 4.0 (YouGov public data license)
2026-03,all_rv,National Security and foreign policy,single_list,0.086,5,2026-03-02;2026-03-09;2026-03-16;2026-03-23;2026-03-30,YouGov/Economist,US registered voters,Which of these is the most important issue for you?,https://yougov.com/en-us/trackers/most-important-issues-facing-the-us,CC BY-NC 4.0 (YouGov public data license)
2026-03,all_rv,Social security,single_list,0.0,5,2026-03-02;2026-03-09;2026-03-16;2026-03-23;2026-03-30,YouGov/Economist,US registered voters,Which of these is the most important issue for you?,https://yougov.com/en-us/trackers/most-important-issues-facing-the-us,CC BY-NC 4.0 (YouGov public data license)
2026-03,all_rv,Taxes and government spending,single_list,0.08,5,2026-03-02;2026-03-09;2026-03-16;2026-03-23;2026-03-30,YouGov/Economist,US registered voters,Which of these is the most important issue for you?,https://yougov.com/en-us/trackers/most-important-issues-facing-the-us,CC BY-NC 4.0 (YouGov public data license)
2026-03,all_rv,Terrorism,single_list,0.0,5,2026-03-02;2026-03-09;2026-03-16;2026-03-23;2026-03-30,YouGov/Economist,US registered voters,Which of these is the most important issue for you?,https://yougov.com/en-us/trackers/most-important-issues-facing-the-us,CC BY-NC 4.0 (YouGov public data license)
2026-03,all_rv,The budget deficit,single_list,0.0,5,2026-03-02;2026-03-09;2026-03-16;2026-03-23;2026-03-30,YouGov/Economist,US registered voters,Which of these is the most important issue for you?,https://yougov.com/en-us/trackers/most-important-issues-facing-the-us,CC BY-NC 4.0 (YouGov public data license)
2026-03,all_rv,The war in Afghanistan,single_list,0.0,5,2026-03-02;2026-03-09;2026-03-16;2026-03-23;2026-03-30,YouGov/Economist,US registered voters,Which of these is the most important issue for you?,https://yougov.com/en-us/trackers/most-important-issues-facing-the-us,CC BY-NC 4.0 (YouGov public data license)
2026-03,dem,Abortion,single_list,0.016,5,2026-03-02;2026-03-09;2026-03-16;2026-03-23;2026-03-30,YouGov/Economist,US registered voters,Which of these is the most important issue for you?,https://yougov.com/en-us/trackers/most-important-issues-facing-the-us,CC BY-NC 4.0 (YouGov public data license)
2026-03,dem,Civil rights and civil liberties,single_list,0.202,5,2026-03-02;2026-03-09;2026-03-16;2026-03-23;2026-03-30,YouGov/Economist,US registered voters,Which of these is the most important issue for you?,https://yougov.com/en-us/trackers/most-important-issues-facing-the-us,CC BY-NC 4.0 (YouGov public data license)
2026-03,dem,Climate change and the environment,single_list,0.094,5,2026-03-02;2026-03-09;2026-03-16;2026-03-23;2026-03-30,YouGov/Economist,US registered voters,Which of these is the most important issue for you?,https://yougov.com/en-us/trackers/most-important-issues-facing-the-us,CC BY-NC 4.0 (YouGov public data license)
2026-03,dem,Crime and criminal justice reform,single_list,0.026,5,2026-03-02;2026-03-09;2026-03-16;2026-03-23;2026-03-30,YouGov/Economist,US registered voters,Which of these is the most important issue for you?,https://yougov.com/en-us/trackers/most-important-issues-facing-the-us,CC BY-NC 4.0 (YouGov public data license)
2026-03,dem,Education,single_list,0.028,5,2026-03-02;2026-03-09;2026-03-16;2026-03-23;2026-03-30,YouGov/Economist,US registered voters,Which of these is the most important issue for you?,https://yougov.com/en-us/trackers/most-important-issues-facing-the-us,CC BY-NC 4.0 (YouGov public data license)
2026-03,dem,Gay rights,single_list,0.0,5,2026-03-02;2026-03-09;2026-03-16;2026-03-23;2026-03-30,YouGov/Economist,US registered voters,Which of these is the most important issue for you?,https://yougov.com/en-us/trackers/most-important-issues-facing-the-us,CC BY-NC 4.0 (YouGov public data license)
2026-03,dem,Gun control,single_list,0.026,5,2026-03-02;2026-03-09;2026-03-16;2026-03-23;2026-03-30,YouGov/Economist,US registered voters,Which of these is the most important issue for you?,https://yougov.com/en-us/trackers/most-important-issues-facing-the-us,CC BY-NC 4.0 (YouGov public data license)
2026-03,dem,Health care,single_list,0.154,5,2026-03-02;2026-03-09;2026-03-16;2026-03-23;2026-03-30,YouGov/Economist,US registered voters,Which of these is the most important issue for you?,https://yougov.com/en-us/trackers/most-important-issues-facing-the-us,CC BY-NC 4.0 (YouGov public data license)
2026-03,dem,Immigration,single_list,0.022,5,2026-03-02;2026-03-09;2026-03-16;2026-03-23;2026-03-30,YouGov/Economist,US registered voters,Which of these is the most important issue for you?,https://yougov.com/en-us/trackers/most-important-issues-facing-the-us,CC BY-NC 4.0 (YouGov public data license)
2026-03,dem,Inflation/prices,single_list,0.226,5,2026-03-02;2026-03-09;2026-03-16;2026-03-23;2026-03-30,YouGov/Economist,US registered voters,Which of these is the most important issue for you?,https://yougov.com/en-us/trackers/most-important-issues-facing-the-us,CC BY-NC 4.0 (YouGov public data license)
2026-03,dem,Jobs and the economy,single_list,0.14,5,2026-03-02;2026-03-09;2026-03-16;2026-03-23;2026-03-30,YouGov/Economist,US registered voters,Which of these is the most important issue for you?,https://yougov.com/en-us/trackers/most-important-issues-facing-the-us,CC BY-NC 4.0 (YouGov public data license)
2026-03,dem,Medicare,single_list,0.0,5,2026-03-02;2026-03-09;2026-03-16;2026-03-23;2026-03-30,YouGov/Economist,US registered voters,Which of these is the most important issue for you?,https://yougov.com/en-us/trackers/most-important-issues-facing-the-us,CC BY-NC 4.0 (YouGov public data license)
2026-03,dem,National Security and foreign policy,single_list,0.036,5,2026-03-02;2026-03-09;2026-03-16;2026-03-23;2026-03-30,YouGov/Economist,US registered voters,Which of these is the most important issue for you?,https://yougov.com/en-us/trackers/most-important-issues-facing-the-us,CC BY-NC 4.0 (YouGov public data license)
2026-03,dem,Social security,single_list,0.0,5,2026-03-02;2026-03-09;2026-03-16;2026-03-23;2026-03-30,YouGov/Economist,US registered voters,Which of these is the most important issue for you?,https://yougov.com/en-us/trackers/most-important-issues-facing-the-us,CC BY-NC 4.0 (YouGov public data license)
2026-03,dem,Taxes and government spending,single_list,0.038,5,2026-03-02;2026-03-09;2026-03-16;2026-03-23;2026-03-30,YouGov/Economist,US registered voters,Which of these is the most important issue for you?,https://yougov.com/en-us/trackers/most-important-issues-facing-the-us,CC BY-NC 4.0 (YouGov public data license)
2026-03,dem,Terrorism,single_list,0.0,5,2026-03-02;2026-03-09;2026-03-16;2026-03-23;2026-03-30,YouGov/Economist,US registered voters,Which of these is the most important issue for you?,https://yougov.com/en-us/trackers/most-important-issues-facing-the-us,CC BY-NC 4.0 (YouGov public data license)
2026-03,dem,The budget deficit,single_list,0.0,5,2026-03-02;2026-03-09;2026-03-16;2026-03-23;2026-03-30,YouGov/Economist,US registered voters,Which of these is the most important issue for you?,https://yougov.com/en-us/trackers/most-important-issues-facing-the-us,CC BY-NC 4.0 (YouGov public data license)
2026-03,dem,The war in Afghanistan,single_list,0.0,5,2026-03-02;2026-03-09;2026-03-16;2026-03-23;2026-03-30,YouGov/Economist,US registered voters,Which of these is the most important issue for you?,https://yougov.com/en-us/trackers/most-important-issues-facing-the-us,CC BY-NC 4.0 (YouGov public data license)
2026-03,ind,Abortion,single_list,0.02,5,2026-03-02;2026-03-09;2026-03-16;2026-03-23;2026-03-30,YouGov/Economist,US registered voters,Which of these is the most important issue for you?,https://yougov.com/en-us/trackers/most-important-issues-facing-the-us,CC BY-NC 4.0 (YouGov public data license)
2026-03,ind,Civil rights and civil liberties,single_list,0.132,5,2026-03-02;2026-03-09;2026-03-16;2026-03-23;2026-03-30,YouGov/Economist,US registered voters,Which of these is the most important issue for you?,https://yougov.com/en-us/trackers/most-important-issues-facing-the-us,CC BY-NC 4.0 (YouGov public data license)
2026-03,ind,Climate change and the environment,single_list,0.06,5,2026-03-02;2026-03-09;2026-03-16;2026-03-23;2026-03-30,YouGov/Economist,US registered voters,Which of these is the most important issue for you?,https://yougov.com/en-us/trackers/most-important-issues-facing-the-us,CC BY-NC 4.0 (YouGov public data license)
2026-03,ind,Crime and criminal justice reform,single_list,0.026,5,2026-03-02;2026-03-09;2026-03-16;2026-03-23;2026-03-30,YouGov/Economist,US registered voters,Which of these is the most important issue for you?,https://yougov.com/en-us/trackers/most-important-issues-facing-the-us,CC BY-NC 4.0 (YouGov public data license)
2026-03,ind,Education,single_list,0.026,5,2026-03-02;2026-03-09;2026-03-16;2026-03-23;2026-03-30,YouGov/Economist,US registered voters,Which of these is the most important issue for you?,https://yougov.com/en-us/trackers/most-important-issues-facing-the-us,CC BY-NC 4.0 (YouGov public data license)
2026-03,ind,Gay rights,single_list,0.0,5,2026-03-02;2026-03-09;2026-03-16;2026-03-23;2026-03-30,YouGov/Economist,US registered voters,Which of these is the most important issue for you?,https://yougov.com/en-us/trackers/most-important-issues-facing-the-us,CC BY-NC 4.0 (YouGov public data license)
2026-03,ind,Gun control,single_list,0.02,5,2026-03-02;2026-03-09;2026-03-16;2026-03-23;2026-03-30,YouGov/Economist,US registered voters,Which of these is the most important issue for you?,https://yougov.com/en-us/trackers/most-important-issues-facing-the-us,CC BY-NC 4.0 (YouGov public data license)
2026-03,ind,Health care,single_list,0.104,5,2026-03-02;2026-03-09;2026-03-16;2026-03-23;2026-03-30,YouGov/Economist,US registered voters,Which of these is the most important issue for you?,https://yougov.com/en-us/trackers/most-important-issues-facing-the-us,CC BY-NC 4.0 (YouGov public data license)
2026-03,ind,Immigration,single_list,0.068,5,2026-03-02;2026-03-09;2026-03-16;2026-03-23;2026-03-30,YouGov/Economist,US registered voters,Which of these is the most important issue for you?,https://yougov.com/en-us/trackers/most-important-issues-facing-the-us,CC BY-NC 4.0 (YouGov public data license)
2026-03,ind,Inflation/prices,single_list,0.228,5,2026-03-02;2026-03-09;2026-03-16;2026-03-23;2026-03-30,YouGov/Economist,US registered voters,Which of these is the most important issue for you?,https://yougov.com/en-us/trackers/most-important-issues-facing-the-us,CC BY-NC 4.0 (YouGov public data license)
2026-03,ind,Jobs and the economy,single_list,0.15,5,2026-03-02;2026-03-09;2026-03-16;2026-03-23;2026-03-30,YouGov/Economist,US registered voters,Which of these is the most important issue for you?,https://yougov.com/en-us/trackers/most-important-issues-facing-the-us,CC BY-NC 4.0 (YouGov public data license)
2026-03,ind,Medicare,single_list,0.0,5,2026-03-02;2026-03-09;2026-03-16;2026-03-23;2026-03-30,YouGov/Economist,US registered voters,Which of these is the most important issue for you?,https://yougov.com/en-us/trackers/most-important-issues-facing-the-us,CC BY-NC 4.0 (YouGov public data license)
2026-03,ind,National Security and foreign policy,single_list,0.082,5,2026-03-02;2026-03-09;2026-03-16;2026-03-23;2026-03-30,YouGov/Economist,US registered voters,Which of these is the most important issue for you?,https://yougov.com/en-us/trackers/most-important-issues-facing-the-us,CC BY-NC 4.0 (YouGov public data license)
2026-03,ind,Social security,single_list,0.0,5,2026-03-02;2026-03-09;2026-03-16;2026-03-23;2026-03-30,YouGov/Economist,US registered voters,Which of these is the most important issue for you?,https://yougov.com/en-us/trackers/most-important-issues-facing-the-us,CC BY-NC 4.0 (YouGov public data license)
2026-03,ind,Taxes and government spending,single_list,0.09,5,2026-03-02;2026-03-09;2026-03-16;2026-03-23;2026-03-30,YouGov/Economist,US registered voters,Which of these is the most important issue for you?,https://yougov.com/en-us/trackers/most-important-issues-facing-the-us,CC BY-NC 4.0 (YouGov public data license)
2026-03,ind,Terrorism,single_list,0.0,5,2026-03-02;2026-03-09;2026-03-16;2026-03-23;2026-03-30,YouGov/Economist,US registered voters,Which of these is the most important issue for you?,https://yougov.com/en-us/trackers/most-important-issues-facing-the-us,CC BY-NC 4.0 (YouGov public data license)
2026-03,ind,The budget deficit,single_list,0.0,5,2026-03-02;2026-03-09;2026-03-16;2026-03-23;2026-03-30,YouGov/Economist,US registered voters,Which of these is the most important issue for you?,https://yougov.com/en-us/trackers/most-important-issues-facing-the-us,CC BY-NC 4.0 (YouGov public data license)
2026-03,ind,The war in Afghanistan,single_list,0.0,5,2026-03-02;2026-03-09;2026-03-16;2026-03-23;2026-03-30,YouGov/Economist,US registered voters,Which of these is the most important issue for you?,https://yougov.com/en-us/trackers/most-important-issues-facing-the-us,CC BY-NC 4.0 (YouGov public data license)
2026-03,rep,Abortion,single_list,0.048,5,2026-03-02;2026-03-09;2026-03-16;2026-03-23;2026-03-30,YouGov/Economist,US registered voters,Which of these is the most important issue for you?,https://yougov.com/en-us/trackers/most-important-issues-facing-the-us,CC BY-NC 4.0 (YouGov public data license)
2026-03,rep,Civil rights and civil liberties,single_list,0.016,5,2026-03-02;2026-03-09;2026-03-16;2026-03-23;2026-03-30,YouGov/Economist,US registered voters,Which of these is the most important issue for you?,https://yougov.com/en-us/trackers/most-important-issues-facing-the-us,CC BY-NC 4.0 (YouGov public data license)
2026-03,rep,Climate change and the environment,single_list,0.02,5,2026-03-02;2026-03-09;2026-03-16;2026-03-23;2026-03-30,YouGov/Economist,US registered voters,Which of these is the most important issue for you?,https://yougov.com/en-us/trackers/most-important-issues-facing-the-us,CC BY-NC 4.0 (YouGov public data license)
2026-03,rep,Crime and criminal justice reform,single_list,0.052,5,2026-03-02;2026-03-09;2026-03-16;2026-03-23;2026-03-30,YouGov/Economist,US registered voters,Which of these is the most important issue for you?,https://yougov.com/en-us/trackers/most-important-issues-facing-the-us,CC BY-NC 4.0 (YouGov public data license)
2026-03,rep,Education,single_list,0.016,5,2026-03-02;2026-03-09;2026-03-16;2026-03-23;2026-03-30,YouGov/Economist,US registered voters,Which of these is the most important issue for you?,https://yougov.com/en-us/trackers/most-important-issues-facing-the-us,CC BY-NC 4.0 (YouGov public data license)
2026-03,rep,Gay rights,single_list,0.0,5,2026-03-02;2026-03-09;2026-03-16;2026-03-23;2026-03-30,YouGov/Economist,US registered voters,Which of these is the most important issue for you?,https://yougov.com/en-us/trackers/most-important-issues-facing-the-us,CC BY-NC 4.0 (YouGov public data license)
2026-03,rep,Gun control,single_list,0.012,5,2026-03-02;2026-03-09;2026-03-16;2026-03-23;2026-03-30,YouGov/Economist,US registered voters,Which of these is the most important issue for you?,https://yougov.com/en-us/trackers/most-important-issues-facing-the-us,CC BY-NC 4.0 (YouGov public data license)
2026-03,rep,Health care,single_list,0.07,5,2026-03-02;2026-03-09;2026-03-16;2026-03-23;2026-03-30,YouGov/Economist,US registered voters,Which of these is the most important issue for you?,https://yougov.com/en-us/trackers/most-important-issues-facing-the-us,CC BY-NC 4.0 (YouGov public data license)
2026-03,rep,Immigration,single_list,0.16,5,2026-03-02;2026-03-09;2026-03-16;2026-03-23;2026-03-30,YouGov/Economist,US registered voters,Which of these is the most important issue for you?,https://yougov.com/en-us/trackers/most-important-issues-facing-the-us,CC BY-NC 4.0 (YouGov public data license)
2026-03,rep,Inflation/prices,single_list,0.224,5,2026-03-02;2026-03-09;2026-03-16;2026-03-23;2026-03-30,YouGov/Economist,US registered voters,Which of these is the most important issue for you?,https://yougov.com/en-us/trackers/most-important-issues-facing-the-us,CC BY-NC 4.0 (YouGov public data license)
2026-03,rep,Jobs and the economy,single_list,0.134,5,2026-03-02;2026-03-09;2026-03-16;2026-03-23;2026-03-30,YouGov/Economist,US registered voters,Which of these is the most important issue for you?,https://yougov.com/en-us/trackers/most-important-issues-facing-the-us,CC BY-NC 4.0 (YouGov public data license)
2026-03,rep,Medicare,single_list,0.0,5,2026-03-02;2026-03-09;2026-03-16;2026-03-23;2026-03-30,YouGov/Economist,US registered voters,Which of these is the most important issue for you?,https://yougov.com/en-us/trackers/most-important-issues-facing-the-us,CC BY-NC 4.0 (YouGov public data license)
2026-03,rep,National Security and foreign policy,single_list,0.14,5,2026-03-02;2026-03-09;2026-03-16;2026-03-23;2026-03-30,YouGov/Economist,US registered voters,Which of these is the most important issue for you?,https://yougov.com/en-us/trackers/most-important-issues-facing-the-us,CC BY-NC 4.0 (YouGov public data license)
2026-03,rep,Social security,single_list,0.0,5,2026-03-02;2026-03-09;2026-03-16;2026-03-23;2026-03-30,YouGov/Economist,US registered voters,Which of these is the most important issue for you?,https://yougov.com/en-us/trackers/most-important-issues-facing-the-us,CC BY-NC 4.0 (YouGov public data license)
2026-03,rep,Taxes and government spending,single_list,0.112,5,2026-03-02;2026-03-09;2026-03-16;2026-03-23;2026-03-30,YouGov/Economist,US registered voters,Which of these is the most important issue for you?,https://yougov.com/en-us/trackers/most-important-issues-facing-the-us,CC BY-NC 4.0 (YouGov public data license)
2026-03,rep,Terrorism,single_list,0.0,5,2026-03-02;2026-03-09;2026-03-16;2026-03-23;2026-03-30,YouGov/Economist,US registered voters,Which of these is the most important issue for you?,https://yougov.com/en-us/trackers/most-important-issues-facing-the-us,CC BY-NC 4.0 (YouGov public data license)
2026-03,rep,The budget deficit,single_list,0.0,5,2026-03-02;2026-03-09;2026-03-16;2026-03-23;2026-03-30,YouGov/Economist,US registered voters,Which of these is the most important issue for you?,https://yougov.com/en-us/trackers/most-important-issues-facing-the-us,CC BY-NC 4.0 (YouGov public data license)
2026-03,rep,The war in Afghanistan,single_list,0.0,5,2026-03-02;2026-03-09;2026-03-16;2026-03-23;2026-03-30,YouGov/Economist,US registered voters,Which of these is the most important issue for you?,https://yougov.com/en-us/trackers/most-important-issues-facing-the-us,CC BY-NC 4.0 (YouGov public data license)
2026-04,all_rv,Abortion,single_list,0.02,4,2026-04-06;2026-04-13;2026-04-20;2026-04-27,YouGov/Economist,US registered voters,Which of these is the most important issue for you?,https://yougov.com/en-us/trackers/most-important-issues-facing-the-us,CC BY-NC 4.0 (YouGov public data license)
2026-04,all_rv,Civil rights and civil liberties,single_list,0.092,4,2026-04-06;2026-04-13;2026-04-20;2026-04-27,YouGov/Economist,US registered voters,Which of these is the most important issue for you?,https://yougov.com/en-us/trackers/most-important-issues-facing-the-us,CC BY-NC 4.0 (YouGov public data license)
2026-04,all_rv,Climate change and the environment,single_list,0.055,4,2026-04-06;2026-04-13;2026-04-20;2026-04-27,YouGov/Economist,US registered voters,Which of these is the most important issue for you?,https://yougov.com/en-us/trackers/most-important-issues-facing-the-us,CC BY-NC 4.0 (YouGov public data license)
2026-04,all_rv,Crime and criminal justice reform,single_list,0.038,4,2026-04-06;2026-04-13;2026-04-20;2026-04-27,YouGov/Economist,US registered voters,Which of these is the most important issue for you?,https://yougov.com/en-us/trackers/most-important-issues-facing-the-us,CC BY-NC 4.0 (YouGov public data license)
2026-04,all_rv,Education,single_list,0.028,4,2026-04-06;2026-04-13;2026-04-20;2026-04-27,YouGov/Economist,US registered voters,Which of these is the most important issue for you?,https://yougov.com/en-us/trackers/most-important-issues-facing-the-us,CC BY-NC 4.0 (YouGov public data license)
2026-04,all_rv,Gay rights,single_list,0.0,4,2026-04-06;2026-04-13;2026-04-20;2026-04-27,YouGov/Economist,US registered voters,Which of these is the most important issue for you?,https://yougov.com/en-us/trackers/most-important-issues-facing-the-us,CC BY-NC 4.0 (YouGov public data license)
2026-04,all_rv,Gun control,single_list,0.012,4,2026-04-06;2026-04-13;2026-04-20;2026-04-27,YouGov/Economist,US registered voters,Which of these is the most important issue for you?,https://yougov.com/en-us/trackers/most-important-issues-facing-the-us,CC BY-NC 4.0 (YouGov public data license)
2026-04,all_rv,Health care,single_list,0.105,4,2026-04-06;2026-04-13;2026-04-20;2026-04-27,YouGov/Economist,US registered voters,Which of these is the most important issue for you?,https://yougov.com/en-us/trackers/most-important-issues-facing-the-us,CC BY-NC 4.0 (YouGov public data license)
2026-04,all_rv,Immigration,single_list,0.08,4,2026-04-06;2026-04-13;2026-04-20;2026-04-27,YouGov/Economist,US registered voters,Which of these is the most important issue for you?,https://yougov.com/en-us/trackers/most-important-issues-facing-the-us,CC BY-NC 4.0 (YouGov public data license)
2026-04,all_rv,Inflation/prices,single_list,0.275,4,2026-04-06;2026-04-13;2026-04-20;2026-04-27,YouGov/Economist,US registered voters,Which of these is the most important issue for you?,https://yougov.com/en-us/trackers/most-important-issues-facing-the-us,CC BY-NC 4.0 (YouGov public data license)
2026-04,all_rv,Jobs and the economy,single_list,0.14,4,2026-04-06;2026-04-13;2026-04-20;2026-04-27,YouGov/Economist,US registered voters,Which of these is the most important issue for you?,https://yougov.com/en-us/trackers/most-important-issues-facing-the-us,CC BY-NC 4.0 (YouGov public data license)
2026-04,all_rv,Medicare,single_list,0.0,4,2026-04-06;2026-04-13;2026-04-20;2026-04-27,YouGov/Economist,US registered voters,Which of these is the most important issue for you?,https://yougov.com/en-us/trackers/most-important-issues-facing-the-us,CC BY-NC 4.0 (YouGov public data license)
2026-04,all_rv,National Security and foreign policy,single_list,0.078,4,2026-04-06;2026-04-13;2026-04-20;2026-04-27,YouGov/Economist,US registered voters,Which of these is the most important issue for you?,https://yougov.com/en-us/trackers/most-important-issues-facing-the-us,CC BY-NC 4.0 (YouGov public data license)
2026-04,all_rv,Social security,single_list,0.0,4,2026-04-06;2026-04-13;2026-04-20;2026-04-27,YouGov/Economist,US registered voters,Which of these is the most important issue for you?,https://yougov.com/en-us/trackers/most-important-issues-facing-the-us,CC BY-NC 4.0 (YouGov public data license)
2026-04,all_rv,Taxes and government spending,single_list,0.078,4,2026-04-06;2026-04-13;2026-04-20;2026-04-27,YouGov/Economist,US registered voters,Which of these is the most important issue for you?,https://yougov.com/en-us/trackers/most-important-issues-facing-the-us,CC BY-NC 4.0 (YouGov public data license)
2026-04,all_rv,Terrorism,single_list,0.0,4,2026-04-06;2026-04-13;2026-04-20;2026-04-27,YouGov/Economist,US registered voters,Which of these is the most important issue for you?,https://yougov.com/en-us/trackers/most-important-issues-facing-the-us,CC BY-NC 4.0 (YouGov public data license)
2026-04,all_rv,The budget deficit,single_list,0.0,4,2026-04-06;2026-04-13;2026-04-20;2026-04-27,YouGov/Economist,US registered voters,Which of these is the most important issue for you?,https://yougov.com/en-us/trackers/most-important-issues-facing-the-us,CC BY-NC 4.0 (YouGov public data license)
2026-04,all_rv,The war in Afghanistan,single_list,0.0,4,2026-04-06;2026-04-13;2026-04-20;2026-04-27,YouGov/Economist,US registered voters,Which of these is the most important issue for you?,https://yougov.com/en-us/trackers/most-important-issues-facing-the-us,CC BY-NC 4.0 (YouGov public data license)
2026-04,dem,Abortion,single_list,0.012,4,2026-04-06;2026-04-13;2026-04-20;2026-04-27,YouGov/Economist,US registered voters,Which of these is the most important issue for you?,https://yougov.com/en-us/trackers/most-important-issues-facing-the-us,CC BY-NC 4.0 (YouGov public data license)
2026-04,dem,Civil rights and civil liberties,single_list,0.16,4,2026-04-06;2026-04-13;2026-04-20;2026-04-27,YouGov/Economist,US registered voters,Which of these is the most important issue for you?,https://yougov.com/en-us/trackers/most-important-issues-facing-the-us,CC BY-NC 4.0 (YouGov public data license)
2026-04,dem,Climate change and the environment,single_list,0.088,4,2026-04-06;2026-04-13;2026-04-20;2026-04-27,YouGov/Economist,US registered voters,Which of these is the most important issue for you?,https://yougov.com/en-us/trackers/most-important-issues-facing-the-us,CC BY-NC 4.0 (YouGov public data license)
2026-04,dem,Crime and criminal justice reform,single_list,0.025,4,2026-04-06;2026-04-13;2026-04-20;2026-04-27,YouGov/Economist,US registered voters,Which of these is the most important issue for you?,https://yougov.com/en-us/trackers/most-important-issues-facing-the-us,CC BY-NC 4.0 (YouGov public data license)
2026-04,dem,Education,single_list,0.038,4,2026-04-06;2026-04-13;2026-04-20;2026-04-27,YouGov/Economist,US registered voters,Which of these is the most important issue for you?,https://yougov.com/en-us/trackers/most-important-issues-facing-the-us,CC BY-NC 4.0 (YouGov public data license)
2026-04,dem,Gay rights,single_list,0.0,4,2026-04-06;2026-04-13;2026-04-20;2026-04-27,YouGov/Economist,US registered voters,Which of these is the most important issue for you?,https://yougov.com/en-us/trackers/most-important-issues-facing-the-us,CC BY-NC 4.0 (YouGov public data license)
2026-04,dem,Gun control,single_list,0.012,4,2026-04-06;2026-04-13;2026-04-20;2026-04-27,YouGov/Economist,US registered voters,Which of these is the most important issue for you?,https://yougov.com/en-us/trackers/most-important-issues-facing-the-us,CC BY-NC 4.0 (YouGov public data license)
2026-04,dem,Health care,single_list,0.138,4,2026-04-06;2026-04-13;2026-04-20;2026-04-27,YouGov/Economist,US registered voters,Which of these is the most important issue for you?,https://yougov.com/en-us/trackers/most-important-issues-facing-the-us,CC BY-NC 4.0 (YouGov public data license)
2026-04,dem,Immigration,single_list,0.02,4,2026-04-06;2026-04-13;2026-04-20;2026-04-27,YouGov/Economist,US registered voters,Which of these is the most important issue for you?,https://yougov.com/en-us/trackers/most-important-issues-facing-the-us,CC BY-NC 4.0 (YouGov public data license)
2026-04,dem,Inflation/prices,single_list,0.272,4,2026-04-06;2026-04-13;2026-04-20;2026-04-27,YouGov/Economist,US registered voters,Which of these is the most important issue for you?,https://yougov.com/en-us/trackers/most-important-issues-facing-the-us,CC BY-NC 4.0 (YouGov public data license)
2026-04,dem,Jobs and the economy,single_list,0.168,4,2026-04-06;2026-04-13;2026-04-20;2026-04-27,YouGov/Economist,US registered voters,Which of these is the most important issue for you?,https://yougov.com/en-us/trackers/most-important-issues-facing-the-us,CC BY-NC 4.0 (YouGov public data license)
2026-04,dem,Medicare,single_list,0.0,4,2026-04-06;2026-04-13;2026-04-20;2026-04-27,YouGov/Economist,US registered voters,Which of these is the most important issue for you?,https://yougov.com/en-us/trackers/most-important-issues-facing-the-us,CC BY-NC 4.0 (YouGov public data license)
2026-04,dem,National Security and foreign policy,single_list,0.03,4,2026-04-06;2026-04-13;2026-04-20;2026-04-27,YouGov/Economist,US registered voters,Which of these is the most important issue for you?,https://yougov.com/en-us/trackers/most-important-issues-facing-the-us,CC BY-NC 4.0 (YouGov public data license)
2026-04,dem,Social security,single_list,0.0,4,2026-04-06;2026-04-13;2026-04-20;2026-04-27,YouGov/Economist,US registered voters,Which of these is the most important issue for you?,https://yougov.com/en-us/trackers/most-important-issues-facing-the-us,CC BY-NC 4.0 (YouGov public data license)
2026-04,dem,Taxes and government spending,single_list,0.04,4,2026-04-06;2026-04-13;2026-04-20;2026-04-27,YouGov/Economist,US registered voters,Which of these is the most important issue for you?,https://yougov.com/en-us/trackers/most-important-issues-facing-the-us,CC BY-NC 4.0 (YouGov public data license)
2026-04,dem,Terrorism,single_list,0.0,4,2026-04-06;2026-04-13;2026-04-20;2026-04-27,YouGov/Economist,US registered voters,Which of these is the most important issue for you?,https://yougov.com/en-us/trackers/most-important-issues-facing-the-us,CC BY-NC 4.0 (YouGov public data license)
2026-04,dem,The budget deficit,single_list,0.0,4,2026-04-06;2026-04-13;2026-04-20;2026-04-27,YouGov/Economist,US registered voters,Which of these is the most important issue for you?,https://yougov.com/en-us/trackers/most-important-issues-facing-the-us,CC BY-NC 4.0 (YouGov public data license)
2026-04,dem,The war in Afghanistan,single_list,0.0,4,2026-04-06;2026-04-13;2026-04-20;2026-04-27,YouGov/Economist,US registered voters,Which of these is the most important issue for you?,https://yougov.com/en-us/trackers/most-important-issues-facing-the-us,CC BY-NC 4.0 (YouGov public data license)
2026-04,ind,Abortion,single_list,0.02,4,2026-04-06;2026-04-13;2026-04-20;2026-04-27,YouGov/Economist,US registered voters,Which of these is the most important issue for you?,https://yougov.com/en-us/trackers/most-important-issues-facing-the-us,CC BY-NC 4.0 (YouGov public data license)
2026-04,ind,Civil rights and civil liberties,single_list,0.112,4,2026-04-06;2026-04-13;2026-04-20;2026-04-27,YouGov/Economist,US registered voters,Which of these is the most important issue for you?,https://yougov.com/en-us/trackers/most-important-issues-facing-the-us,CC BY-NC 4.0 (YouGov public data license)
2026-04,ind,Climate change and the environment,single_list,0.065,4,2026-04-06;2026-04-13;2026-04-20;2026-04-27,YouGov/Economist,US registered voters,Which of these is the most important issue for you?,https://yougov.com/en-us/trackers/most-important-issues-facing-the-us,CC BY-NC 4.0 (YouGov public data license)
2026-04,ind,Crime and criminal justice reform,single_list,0.038,4,2026-04-06;2026-04-13;2026-04-20;2026-04-27,YouGov/Economist,US registered voters,Which of these is the most important issue for you?,https://yougov.com/en-us/trackers/most-important-issues-facing-the-us,CC BY-NC 4.0 (YouGov public data license)
2026-04,ind,Education,single_list,0.028,4,2026-04-06;2026-04-13;2026-04-20;2026-04-27,YouGov/Economist,US registered voters,Which of these is the most important issue for you?,https://yougov.com/en-us/trackers/most-important-issues-facing-the-us,CC BY-NC 4.0 (YouGov public data license)
2026-04,ind,Gay rights,single_list,0.0,4,2026-04-06;2026-04-13;2026-04-20;2026-04-27,YouGov/Economist,US registered voters,Which of these is the most important issue for you?,https://yougov.com/en-us/trackers/most-important-issues-facing-the-us,CC BY-NC 4.0 (YouGov public data license)
2026-04,ind,Gun control,single_list,0.015,4,2026-04-06;2026-04-13;2026-04-20;2026-04-27,YouGov/Economist,US registered voters,Which of these is the most important issue for you?,https://yougov.com/en-us/trackers/most-important-issues-facing-the-us,CC BY-NC 4.0 (YouGov public data license)
2026-04,ind,Health care,single_list,0.098,4,2026-04-06;2026-04-13;2026-04-20;2026-04-27,YouGov/Economist,US registered voters,Which of these is the most important issue for you?,https://yougov.com/en-us/trackers/most-important-issues-facing-the-us,CC BY-NC 4.0 (YouGov public data license)
2026-04,ind,Immigration,single_list,0.055,4,2026-04-06;2026-04-13;2026-04-20;2026-04-27,YouGov/Economist,US registered voters,Which of these is the most important issue for you?,https://yougov.com/en-us/trackers/most-important-issues-facing-the-us,CC BY-NC 4.0 (YouGov public data license)
2026-04,ind,Inflation/prices,single_list,0.268,4,2026-04-06;2026-04-13;2026-04-20;2026-04-27,YouGov/Economist,US registered voters,Which of these is the most important issue for you?,https://yougov.com/en-us/trackers/most-important-issues-facing-the-us,CC BY-NC 4.0 (YouGov public data license)
2026-04,ind,Jobs and the economy,single_list,0.14,4,2026-04-06;2026-04-13;2026-04-20;2026-04-27,YouGov/Economist,US registered voters,Which of these is the most important issue for you?,https://yougov.com/en-us/trackers/most-important-issues-facing-the-us,CC BY-NC 4.0 (YouGov public data license)
2026-04,ind,Medicare,single_list,0.0,4,2026-04-06;2026-04-13;2026-04-20;2026-04-27,YouGov/Economist,US registered voters,Which of these is the most important issue for you?,https://yougov.com/en-us/trackers/most-important-issues-facing-the-us,CC BY-NC 4.0 (YouGov public data license)
2026-04,ind,National Security and foreign policy,single_list,0.075,4,2026-04-06;2026-04-13;2026-04-20;2026-04-27,YouGov/Economist,US registered voters,Which of these is the most important issue for you?,https://yougov.com/en-us/trackers/most-important-issues-facing-the-us,CC BY-NC 4.0 (YouGov public data license)
2026-04,ind,Social security,single_list,0.0,4,2026-04-06;2026-04-13;2026-04-20;2026-04-27,YouGov/Economist,US registered voters,Which of these is the most important issue for you?,https://yougov.com/en-us/trackers/most-important-issues-facing-the-us,CC BY-NC 4.0 (YouGov public data license)
2026-04,ind,Taxes and government spending,single_list,0.088,4,2026-04-06;2026-04-13;2026-04-20;2026-04-27,YouGov/Economist,US registered voters,Which of these is the most important issue for you?,https://yougov.com/en-us/trackers/most-important-issues-facing-the-us,CC BY-NC 4.0 (YouGov public data license)
2026-04,ind,Terrorism,single_list,0.0,4,2026-04-06;2026-04-13;2026-04-20;2026-04-27,YouGov/Economist,US registered voters,Which of these is the most important issue for you?,https://yougov.com/en-us/trackers/most-important-issues-facing-the-us,CC BY-NC 4.0 (YouGov public data license)
2026-04,ind,The budget deficit,single_list,0.0,4,2026-04-06;2026-04-13;2026-04-20;2026-04-27,YouGov/Economist,US registered voters,Which of these is the most important issue for you?,https://yougov.com/en-us/trackers/most-important-issues-facing-the-us,CC BY-NC 4.0 (YouGov public data license)
2026-04,ind,The war in Afghanistan,single_list,0.0,4,2026-04-06;2026-04-13;2026-04-20;2026-04-27,YouGov/Economist,US registered voters,Which of these is the most important issue for you?,https://yougov.com/en-us/trackers/most-important-issues-facing-the-us,CC BY-NC 4.0 (YouGov public data license)
2026-04,rep,Abortion,single_list,0.028,4,2026-04-06;2026-04-13;2026-04-20;2026-04-27,YouGov/Economist,US registered voters,Which of these is the most important issue for you?,https://yougov.com/en-us/trackers/most-important-issues-facing-the-us,CC BY-NC 4.0 (YouGov public data license)
2026-04,rep,Civil rights and civil liberties,single_list,0.01,4,2026-04-06;2026-04-13;2026-04-20;2026-04-27,YouGov/Economist,US registered voters,Which of these is the most important issue for you?,https://yougov.com/en-us/trackers/most-important-issues-facing-the-us,CC BY-NC 4.0 (YouGov public data license)
2026-04,rep,Climate change and the environment,single_list,0.015,4,2026-04-06;2026-04-13;2026-04-20;2026-04-27,YouGov/Economist,US registered voters,Which of these is the most important issue for you?,https://yougov.com/en-us/trackers/most-important-issues-facing-the-us,CC BY-NC 4.0 (YouGov public data license)
2026-04,rep,Crime and criminal justice reform,single_list,0.058,4,2026-04-06;2026-04-13;2026-04-20;2026-04-27,YouGov/Economist,US registered voters,Which of these is the most important issue for you?,https://yougov.com/en-us/trackers/most-important-issues-facing-the-us,CC BY-NC 4.0 (YouGov public data license)
2026-04,rep,Education,single_list,0.018,4,2026-04-06;2026-04-13;2026-04-20;2026-04-27,YouGov/Economist,US registered voters,Which of these is the most important issue for you?,https://yougov.com/en-us/trackers/most-important-issues-facing-the-us,CC BY-NC 4.0 (YouGov public data license)
2026-04,rep,Gay rights,single_list,0.0,4,2026-04-06;2026-04-13;2026-04-20;2026-04-27,YouGov/Economist,US registered voters,Which of these is the most important issue for you?,https://yougov.com/en-us/trackers/most-important-issues-facing-the-us,CC BY-NC 4.0 (YouGov public data license)
2026-04,rep,Gun control,single_list,0.012,4,2026-04-06;2026-04-13;2026-04-20;2026-04-27,YouGov/Economist,US registered voters,Which of these is the most important issue for you?,https://yougov.com/en-us/trackers/most-important-issues-facing-the-us,CC BY-NC 4.0 (YouGov public data license)
2026-04,rep,Health care,single_list,0.073,4,2026-04-06;2026-04-13;2026-04-20;2026-04-27,YouGov/Economist,US registered voters,Which of these is the most important issue for you?,https://yougov.com/en-us/trackers/most-important-issues-facing-the-us,CC BY-NC 4.0 (YouGov public data license)
2026-04,rep,Immigration,single_list,0.158,4,2026-04-06;2026-04-13;2026-04-20;2026-04-27,YouGov/Economist,US registered voters,Which of these is the most important issue for you?,https://yougov.com/en-us/trackers/most-important-issues-facing-the-us,CC BY-NC 4.0 (YouGov public data license)
2026-04,rep,Inflation/prices,single_list,0.288,4,2026-04-06;2026-04-13;2026-04-20;2026-04-27,YouGov/Economist,US registered voters,Which of these is the most important issue for you?,https://yougov.com/en-us/trackers/most-important-issues-facing-the-us,CC BY-NC 4.0 (YouGov public data license)
2026-04,rep,Jobs and the economy,single_list,0.12,4,2026-04-06;2026-04-13;2026-04-20;2026-04-27,YouGov/Economist,US registered voters,Which of these is the most important issue for you?,https://yougov.com/en-us/trackers/most-important-issues-facing-the-us,CC BY-NC 4.0 (YouGov public data license)
2026-04,rep,Medicare,single_list,0.0,4,2026-04-06;2026-04-13;2026-04-20;2026-04-27,YouGov/Economist,US registered voters,Which of these is the most important issue for you?,https://yougov.com/en-us/trackers/most-important-issues-facing-the-us,CC BY-NC 4.0 (YouGov public data license)
2026-04,rep,National Security and foreign policy,single_list,0.118,4,2026-04-06;2026-04-13;2026-04-20;2026-04-27,YouGov/Economist,US registered voters,Which of these is the most important issue for you?,https://yougov.com/en-us/trackers/most-important-issues-facing-the-us,CC BY-NC 4.0 (YouGov public data license)
2026-04,rep,Social security,single_list,0.0,4,2026-04-06;2026-04-13;2026-04-20;2026-04-27,YouGov/Economist,US registered voters,Which of these is the most important issue for you?,https://yougov.com/en-us/trackers/most-important-issues-facing-the-us,CC BY-NC 4.0 (YouGov public data license)
2026-04,rep,Taxes and government spending,single_list,0.108,4,2026-04-06;2026-04-13;2026-04-20;2026-04-27,YouGov/Economist,US registered voters,Which of these is the most important issue for you?,https://yougov.com/en-us/trackers/most-important-issues-facing-the-us,CC BY-NC 4.0 (YouGov public data license)
2026-04,rep,Terrorism,single_list,0.0,4,2026-04-06;2026-04-13;2026-04-20;2026-04-27,YouGov/Economist,US registered voters,Which of these is the most important issue for you?,https://yougov.com/en-us/trackers/most-important-issues-facing-the-us,CC BY-NC 4.0 (YouGov public data license)
2026-04,rep,The budget deficit,single_list,0.0,4,2026-04-06;2026-04-13;2026-04-20;2026-04-27,YouGov/Economist,US registered voters,Which of these is the most important issue for you?,https://yougov.com/en-us/trackers/most-important-issues-facing-the-us,CC BY-NC 4.0 (YouGov public data license)
2026-04,rep,The war in Afghanistan,single_list,0.0,4,2026-04-06;2026-04-13;2026-04-20;2026-04-27,YouGov/Economist,US registered voters,Which of these is the most important issue for you?,https://yougov.com/en-us/trackers/most-important-issues-facing-the-us,CC BY-NC 4.0 (YouGov public data license)
2026-05,all_rv,Abortion,single_list,0.028,4,2026-05-04;2026-05-11;2026-05-18;2026-05-26,YouGov/Economist,US registered voters,Which of these is the most important issue for you?,https://yougov.com/en-us/trackers/most-important-issues-facing-the-us,CC BY-NC 4.0 (YouGov public data license)
2026-05,all_rv,Civil rights and civil liberties,single_list,0.1,4,2026-05-04;2026-05-11;2026-05-18;2026-05-26,YouGov/Economist,US registered voters,Which of these is the most important issue for you?,https://yougov.com/en-us/trackers/most-important-issues-facing-the-us,CC BY-NC 4.0 (YouGov public data license)
2026-05,all_rv,Climate change and the environment,single_list,0.05,4,2026-05-04;2026-05-11;2026-05-18;2026-05-26,YouGov/Economist,US registered voters,Which of these is the most important issue for you?,https://yougov.com/en-us/trackers/most-important-issues-facing-the-us,CC BY-NC 4.0 (YouGov public data license)
2026-05,all_rv,Crime and criminal justice reform,single_list,0.04,4,2026-05-04;2026-05-11;2026-05-18;2026-05-26,YouGov/Economist,US registered voters,Which of these is the most important issue for you?,https://yougov.com/en-us/trackers/most-important-issues-facing-the-us,CC BY-NC 4.0 (YouGov public data license)
2026-05,all_rv,Education,single_list,0.025,4,2026-05-04;2026-05-11;2026-05-18;2026-05-26,YouGov/Economist,US registered voters,Which of these is the most important issue for you?,https://yougov.com/en-us/trackers/most-important-issues-facing-the-us,CC BY-NC 4.0 (YouGov public data license)
2026-05,all_rv,Gay rights,single_list,0.0,4,2026-05-04;2026-05-11;2026-05-18;2026-05-26,YouGov/Economist,US registered voters,Which of these is the most important issue for you?,https://yougov.com/en-us/trackers/most-important-issues-facing-the-us,CC BY-NC 4.0 (YouGov public data license)
2026-05,all_rv,Gun control,single_list,0.015,4,2026-05-04;2026-05-11;2026-05-18;2026-05-26,YouGov/Economist,US registered voters,Which of these is the most important issue for you?,https://yougov.com/en-us/trackers/most-important-issues-facing-the-us,CC BY-NC 4.0 (YouGov public data license)
2026-05,all_rv,Health care,single_list,0.095,4,2026-05-04;2026-05-11;2026-05-18;2026-05-26,YouGov/Economist,US registered voters,Which of these is the most important issue for you?,https://yougov.com/en-us/trackers/most-important-issues-facing-the-us,CC BY-NC 4.0 (YouGov public data license)
2026-05,all_rv,Immigration,single_list,0.073,4,2026-05-04;2026-05-11;2026-05-18;2026-05-26,YouGov/Economist,US registered voters,Which of these is the most important issue for you?,https://yougov.com/en-us/trackers/most-important-issues-facing-the-us,CC BY-NC 4.0 (YouGov public data license)
2026-05,all_rv,Inflation/prices,single_list,0.29,4,2026-05-04;2026-05-11;2026-05-18;2026-05-26,YouGov/Economist,US registered voters,Which of these is the most important issue for you?,https://yougov.com/en-us/trackers/most-important-issues-facing-the-us,CC BY-NC 4.0 (YouGov public data license)
2026-05,all_rv,Jobs and the economy,single_list,0.138,4,2026-05-04;2026-05-11;2026-05-18;2026-05-26,YouGov/Economist,US registered voters,Which of these is the most important issue for you?,https://yougov.com/en-us/trackers/most-important-issues-facing-the-us,CC BY-NC 4.0 (YouGov public data license)
2026-05,all_rv,Medicare,single_list,0.0,4,2026-05-04;2026-05-11;2026-05-18;2026-05-26,YouGov/Economist,US registered voters,Which of these is the most important issue for you?,https://yougov.com/en-us/trackers/most-important-issues-facing-the-us,CC BY-NC 4.0 (YouGov public data license)
2026-05,all_rv,National Security and foreign policy,single_list,0.07,4,2026-05-04;2026-05-11;2026-05-18;2026-05-26,YouGov/Economist,US registered voters,Which of these is the most important issue for you?,https://yougov.com/en-us/trackers/most-important-issues-facing-the-us,CC BY-NC 4.0 (YouGov public data license)
2026-05,all_rv,Social security,single_list,0.0,4,2026-05-04;2026-05-11;2026-05-18;2026-05-26,YouGov/Economist,US registered voters,Which of these is the most important issue for you?,https://yougov.com/en-us/trackers/most-important-issues-facing-the-us,CC BY-NC 4.0 (YouGov public data license)
2026-05,all_rv,Taxes and government spending,single_list,0.085,4,2026-05-04;2026-05-11;2026-05-18;2026-05-26,YouGov/Economist,US registered voters,Which of these is the most important issue for you?,https://yougov.com/en-us/trackers/most-important-issues-facing-the-us,CC BY-NC 4.0 (YouGov public data license)
2026-05,all_rv,Terrorism,single_list,0.0,4,2026-05-04;2026-05-11;2026-05-18;2026-05-26,YouGov/Economist,US registered voters,Which of these is the most important issue for you?,https://yougov.com/en-us/trackers/most-important-issues-facing-the-us,CC BY-NC 4.0 (YouGov public data license)
2026-05,all_rv,The budget deficit,single_list,0.0,4,2026-05-04;2026-05-11;2026-05-18;2026-05-26,YouGov/Economist,US registered voters,Which of these is the most important issue for you?,https://yougov.com/en-us/trackers/most-important-issues-facing-the-us,CC BY-NC 4.0 (YouGov public data license)
2026-05,all_rv,The war in Afghanistan,single_list,0.0,4,2026-05-04;2026-05-11;2026-05-18;2026-05-26,YouGov/Economist,US registered voters,Which of these is the most important issue for you?,https://yougov.com/en-us/trackers/most-important-issues-facing-the-us,CC BY-NC 4.0 (YouGov public data license)
2026-05,dem,Abortion,single_list,0.015,4,2026-05-04;2026-05-11;2026-05-18;2026-05-26,YouGov/Economist,US registered voters,Which of these is the most important issue for you?,https://yougov.com/en-us/trackers/most-important-issues-facing-the-us,CC BY-NC 4.0 (YouGov public data license)
2026-05,dem,Civil rights and civil liberties,single_list,0.173,4,2026-05-04;2026-05-11;2026-05-18;2026-05-26,YouGov/Economist,US registered voters,Which of these is the most important issue for you?,https://yougov.com/en-us/trackers/most-important-issues-facing-the-us,CC BY-NC 4.0 (YouGov public data license)
2026-05,dem,Climate change and the environment,single_list,0.09,4,2026-05-04;2026-05-11;2026-05-18;2026-05-26,YouGov/Economist,US registered voters,Which of these is the most important issue for you?,https://yougov.com/en-us/trackers/most-important-issues-facing-the-us,CC BY-NC 4.0 (YouGov public data license)
2026-05,dem,Crime and criminal justice reform,single_list,0.025,4,2026-05-04;2026-05-11;2026-05-18;2026-05-26,YouGov/Economist,US registered voters,Which of these is the most important issue for you?,https://yougov.com/en-us/trackers/most-important-issues-facing-the-us,CC BY-NC 4.0 (YouGov public data license)
2026-05,dem,Education,single_list,0.028,4,2026-05-04;2026-05-11;2026-05-18;2026-05-26,YouGov/Economist,US registered voters,Which of these is the most important issue for you?,https://yougov.com/en-us/trackers/most-important-issues-facing-the-us,CC BY-NC 4.0 (YouGov public data license)
2026-05,dem,Gay rights,single_list,0.0,4,2026-05-04;2026-05-11;2026-05-18;2026-05-26,YouGov/Economist,US registered voters,Which of these is the most important issue for you?,https://yougov.com/en-us/trackers/most-important-issues-facing-the-us,CC BY-NC 4.0 (YouGov public data license)
2026-05,dem,Gun control,single_list,0.018,4,2026-05-04;2026-05-11;2026-05-18;2026-05-26,YouGov/Economist,US registered voters,Which of these is the most important issue for you?,https://yougov.com/en-us/trackers/most-important-issues-facing-the-us,CC BY-NC 4.0 (YouGov public data license)
2026-05,dem,Health care,single_list,0.128,4,2026-05-04;2026-05-11;2026-05-18;2026-05-26,YouGov/Economist,US registered voters,Which of these is the most important issue for you?,https://yougov.com/en-us/trackers/most-important-issues-facing-the-us,CC BY-NC 4.0 (YouGov public data license)
2026-05,dem,Immigration,single_list,0.012,4,2026-05-04;2026-05-11;2026-05-18;2026-05-26,YouGov/Economist,US registered voters,Which of these is the most important issue for you?,https://yougov.com/en-us/trackers/most-important-issues-facing-the-us,CC BY-NC 4.0 (YouGov public data license)
2026-05,dem,Inflation/prices,single_list,0.3,4,2026-05-04;2026-05-11;2026-05-18;2026-05-26,YouGov/Economist,US registered voters,Which of these is the most important issue for you?,https://yougov.com/en-us/trackers/most-important-issues-facing-the-us,CC BY-NC 4.0 (YouGov public data license)
2026-05,dem,Jobs and the economy,single_list,0.14,4,2026-05-04;2026-05-11;2026-05-18;2026-05-26,YouGov/Economist,US registered voters,Which of these is the most important issue for you?,https://yougov.com/en-us/trackers/most-important-issues-facing-the-us,CC BY-NC 4.0 (YouGov public data license)
2026-05,dem,Medicare,single_list,0.0,4,2026-05-04;2026-05-11;2026-05-18;2026-05-26,YouGov/Economist,US registered voters,Which of these is the most important issue for you?,https://yougov.com/en-us/trackers/most-important-issues-facing-the-us,CC BY-NC 4.0 (YouGov public data license)
2026-05,dem,National Security and foreign policy,single_list,0.032,4,2026-05-04;2026-05-11;2026-05-18;2026-05-26,YouGov/Economist,US registered voters,Which of these is the most important issue for you?,https://yougov.com/en-us/trackers/most-important-issues-facing-the-us,CC BY-NC 4.0 (YouGov public data license)
2026-05,dem,Social security,single_list,0.0,4,2026-05-04;2026-05-11;2026-05-18;2026-05-26,YouGov/Economist,US registered voters,Which of these is the most important issue for you?,https://yougov.com/en-us/trackers/most-important-issues-facing-the-us,CC BY-NC 4.0 (YouGov public data license)
2026-05,dem,Taxes and government spending,single_list,0.038,4,2026-05-04;2026-05-11;2026-05-18;2026-05-26,YouGov/Economist,US registered voters,Which of these is the most important issue for you?,https://yougov.com/en-us/trackers/most-important-issues-facing-the-us,CC BY-NC 4.0 (YouGov public data license)
2026-05,dem,Terrorism,single_list,0.0,4,2026-05-04;2026-05-11;2026-05-18;2026-05-26,YouGov/Economist,US registered voters,Which of these is the most important issue for you?,https://yougov.com/en-us/trackers/most-important-issues-facing-the-us,CC BY-NC 4.0 (YouGov public data license)
2026-05,dem,The budget deficit,single_list,0.0,4,2026-05-04;2026-05-11;2026-05-18;2026-05-26,YouGov/Economist,US registered voters,Which of these is the most important issue for you?,https://yougov.com/en-us/trackers/most-important-issues-facing-the-us,CC BY-NC 4.0 (YouGov public data license)
2026-05,dem,The war in Afghanistan,single_list,0.0,4,2026-05-04;2026-05-11;2026-05-18;2026-05-26,YouGov/Economist,US registered voters,Which of these is the most important issue for you?,https://yougov.com/en-us/trackers/most-important-issues-facing-the-us,CC BY-NC 4.0 (YouGov public data license)
2026-05,ind,Abortion,single_list,0.018,4,2026-05-04;2026-05-11;2026-05-18;2026-05-26,YouGov/Economist,US registered voters,Which of these is the most important issue for you?,https://yougov.com/en-us/trackers/most-important-issues-facing-the-us,CC BY-NC 4.0 (YouGov public data license)
2026-05,ind,Civil rights and civil liberties,single_list,0.112,4,2026-05-04;2026-05-11;2026-05-18;2026-05-26,YouGov/Economist,US registered voters,Which of these is the most important issue for you?,https://yougov.com/en-us/trackers/most-important-issues-facing-the-us,CC BY-NC 4.0 (YouGov public data license)
2026-05,ind,Climate change and the environment,single_list,0.06,4,2026-05-04;2026-05-11;2026-05-18;2026-05-26,YouGov/Economist,US registered voters,Which of these is the most important issue for you?,https://yougov.com/en-us/trackers/most-important-issues-facing-the-us,CC BY-NC 4.0 (YouGov public data license)
2026-05,ind,Crime and criminal justice reform,single_list,0.03,4,2026-05-04;2026-05-11;2026-05-18;2026-05-26,YouGov/Economist,US registered voters,Which of these is the most important issue for you?,https://yougov.com/en-us/trackers/most-important-issues-facing-the-us,CC BY-NC 4.0 (YouGov public data license)
2026-05,ind,Education,single_list,0.03,4,2026-05-04;2026-05-11;2026-05-18;2026-05-26,YouGov/Economist,US registered voters,Which of these is the most important issue for you?,https://yougov.com/en-us/trackers/most-important-issues-facing-the-us,CC BY-NC 4.0 (YouGov public data license)
2026-05,ind,Gay rights,single_list,0.0,4,2026-05-04;2026-05-11;2026-05-18;2026-05-26,YouGov/Economist,US registered voters,Which of these is the most important issue for you?,https://yougov.com/en-us/trackers/most-important-issues-facing-the-us,CC BY-NC 4.0 (YouGov public data license)
2026-05,ind,Gun control,single_list,0.018,4,2026-05-04;2026-05-11;2026-05-18;2026-05-26,YouGov/Economist,US registered voters,Which of these is the most important issue for you?,https://yougov.com/en-us/trackers/most-important-issues-facing-the-us,CC BY-NC 4.0 (YouGov public data license)
2026-05,ind,Health care,single_list,0.098,4,2026-05-04;2026-05-11;2026-05-18;2026-05-26,YouGov/Economist,US registered voters,Which of these is the most important issue for you?,https://yougov.com/en-us/trackers/most-important-issues-facing-the-us,CC BY-NC 4.0 (YouGov public data license)
2026-05,ind,Immigration,single_list,0.057,4,2026-05-04;2026-05-11;2026-05-18;2026-05-26,YouGov/Economist,US registered voters,Which of these is the most important issue for you?,https://yougov.com/en-us/trackers/most-important-issues-facing-the-us,CC BY-NC 4.0 (YouGov public data license)
2026-05,ind,Inflation/prices,single_list,0.258,4,2026-05-04;2026-05-11;2026-05-18;2026-05-26,YouGov/Economist,US registered voters,Which of these is the most important issue for you?,https://yougov.com/en-us/trackers/most-important-issues-facing-the-us,CC BY-NC 4.0 (YouGov public data license)
2026-05,ind,Jobs and the economy,single_list,0.15,4,2026-05-04;2026-05-11;2026-05-18;2026-05-26,YouGov/Economist,US registered voters,Which of these is the most important issue for you?,https://yougov.com/en-us/trackers/most-important-issues-facing-the-us,CC BY-NC 4.0 (YouGov public data license)
2026-05,ind,Medicare,single_list,0.0,4,2026-05-04;2026-05-11;2026-05-18;2026-05-26,YouGov/Economist,US registered voters,Which of these is the most important issue for you?,https://yougov.com/en-us/trackers/most-important-issues-facing-the-us,CC BY-NC 4.0 (YouGov public data license)
2026-05,ind,National Security and foreign policy,single_list,0.06,4,2026-05-04;2026-05-11;2026-05-18;2026-05-26,YouGov/Economist,US registered voters,Which of these is the most important issue for you?,https://yougov.com/en-us/trackers/most-important-issues-facing-the-us,CC BY-NC 4.0 (YouGov public data license)
2026-05,ind,Social security,single_list,0.0,4,2026-05-04;2026-05-11;2026-05-18;2026-05-26,YouGov/Economist,US registered voters,Which of these is the most important issue for you?,https://yougov.com/en-us/trackers/most-important-issues-facing-the-us,CC BY-NC 4.0 (YouGov public data license)
2026-05,ind,Taxes and government spending,single_list,0.105,4,2026-05-04;2026-05-11;2026-05-18;2026-05-26,YouGov/Economist,US registered voters,Which of these is the most important issue for you?,https://yougov.com/en-us/trackers/most-important-issues-facing-the-us,CC BY-NC 4.0 (YouGov public data license)
2026-05,ind,Terrorism,single_list,0.0,4,2026-05-04;2026-05-11;2026-05-18;2026-05-26,YouGov/Economist,US registered voters,Which of these is the most important issue for you?,https://yougov.com/en-us/trackers/most-important-issues-facing-the-us,CC BY-NC 4.0 (YouGov public data license)
2026-05,ind,The budget deficit,single_list,0.0,4,2026-05-04;2026-05-11;2026-05-18;2026-05-26,YouGov/Economist,US registered voters,Which of these is the most important issue for you?,https://yougov.com/en-us/trackers/most-important-issues-facing-the-us,CC BY-NC 4.0 (YouGov public data license)
2026-05,ind,The war in Afghanistan,single_list,0.0,4,2026-05-04;2026-05-11;2026-05-18;2026-05-26,YouGov/Economist,US registered voters,Which of these is the most important issue for you?,https://yougov.com/en-us/trackers/most-important-issues-facing-the-us,CC BY-NC 4.0 (YouGov public data license)
2026-05,rep,Abortion,single_list,0.045,4,2026-05-04;2026-05-11;2026-05-18;2026-05-26,YouGov/Economist,US registered voters,Which of these is the most important issue for you?,https://yougov.com/en-us/trackers/most-important-issues-facing-the-us,CC BY-NC 4.0 (YouGov public data license)
2026-05,rep,Civil rights and civil liberties,single_list,0.02,4,2026-05-04;2026-05-11;2026-05-18;2026-05-26,YouGov/Economist,US registered voters,Which of these is the most important issue for you?,https://yougov.com/en-us/trackers/most-important-issues-facing-the-us,CC BY-NC 4.0 (YouGov public data license)
2026-05,rep,Climate change and the environment,single_list,0.01,4,2026-05-04;2026-05-11;2026-05-18;2026-05-26,YouGov/Economist,US registered voters,Which of these is the most important issue for you?,https://yougov.com/en-us/trackers/most-important-issues-facing-the-us,CC BY-NC 4.0 (YouGov public data license)
2026-05,rep,Crime and criminal justice reform,single_list,0.055,4,2026-05-04;2026-05-11;2026-05-18;2026-05-26,YouGov/Economist,US registered voters,Which of these is the most important issue for you?,https://yougov.com/en-us/trackers/most-important-issues-facing-the-us,CC BY-NC 4.0 (YouGov public data license)
2026-05,rep,Education,single_list,0.018,4,2026-05-04;2026-05-11;2026-05-18;2026-05-26,YouGov/Economist,US registered voters,Which of these is the most important issue for you?,https://yougov.com/en-us/trackers/most-important-issues-facing-the-us,CC BY-NC 4.0 (YouGov public data license)
2026-05,rep,Gay rights,single_list,0.0,4,2026-05-04;2026-05-11;2026-05-18;2026-05-26,YouGov/Economist,US registered voters,Which of these is the most important issue for you?,https://yougov.com/en-us/trackers/most-important-issues-facing-the-us,CC BY-NC 4.0 (YouGov public data license)
2026-05,rep,Gun control,single_list,0.008,4,2026-05-04;2026-05-11;2026-05-18;2026-05-26,YouGov/Economist,US registered voters,Which of these is the most important issue for you?,https://yougov.com/en-us/trackers/most-important-issues-facing-the-us,CC BY-NC 4.0 (YouGov public data license)
2026-05,rep,Health care,single_list,0.058,4,2026-05-04;2026-05-11;2026-05-18;2026-05-26,YouGov/Economist,US registered voters,Which of these is the most important issue for you?,https://yougov.com/en-us/trackers/most-important-issues-facing-the-us,CC BY-NC 4.0 (YouGov public data license)
2026-05,rep,Immigration,single_list,0.138,4,2026-05-04;2026-05-11;2026-05-18;2026-05-26,YouGov/Economist,US registered voters,Which of these is the most important issue for you?,https://yougov.com/en-us/trackers/most-important-issues-facing-the-us,CC BY-NC 4.0 (YouGov public data license)
2026-05,rep,Inflation/prices,single_list,0.302,4,2026-05-04;2026-05-11;2026-05-18;2026-05-26,YouGov/Economist,US registered voters,Which of these is the most important issue for you?,https://yougov.com/en-us/trackers/most-important-issues-facing-the-us,CC BY-NC 4.0 (YouGov public data license)
2026-05,rep,Jobs and the economy,single_list,0.122,4,2026-05-04;2026-05-11;2026-05-18;2026-05-26,YouGov/Economist,US registered voters,Which of these is the most important issue for you?,https://yougov.com/en-us/trackers/most-important-issues-facing-the-us,CC BY-NC 4.0 (YouGov public data license)
2026-05,rep,Medicare,single_list,0.0,4,2026-05-04;2026-05-11;2026-05-18;2026-05-26,YouGov/Economist,US registered voters,Which of these is the most important issue for you?,https://yougov.com/en-us/trackers/most-important-issues-facing-the-us,CC BY-NC 4.0 (YouGov public data license)
2026-05,rep,National Security and foreign policy,single_list,0.115,4,2026-05-04;2026-05-11;2026-05-18;2026-05-26,YouGov/Economist,US registered voters,Which of these is the most important issue for you?,https://yougov.com/en-us/trackers/most-important-issues-facing-the-us,CC BY-NC 4.0 (YouGov public data license)
2026-05,rep,Social security,single_list,0.0,4,2026-05-04;2026-05-11;2026-05-18;2026-05-26,YouGov/Economist,US registered voters,Which of these is the most important issue for you?,https://yougov.com/en-us/trackers/most-important-issues-facing-the-us,CC BY-NC 4.0 (YouGov public data license)
2026-05,rep,Taxes and government spending,single_list,0.11,4,2026-05-04;2026-05-11;2026-05-18;2026-05-26,YouGov/Economist,US registered voters,Which of these is the most important issue for you?,https://yougov.com/en-us/trackers/most-important-issues-facing-the-us,CC BY-NC 4.0 (YouGov public data license)
2026-05,rep,Terrorism,single_list,0.0,4,2026-05-04;2026-05-11;2026-05-18;2026-05-26,YouGov/Economist,US registered voters,Which of these is the most important issue for you?,https://yougov.com/en-us/trackers/most-important-issues-facing-the-us,CC BY-NC 4.0 (YouGov public data license)
2026-05,rep,The budget deficit,single_list,0.0,4,2026-05-04;2026-05-11;2026-05-18;2026-05-26,YouGov/Economist,US registered voters,Which of these is the most important issue for you?,https://yougov.com/en-us/trackers/most-important-issues-facing-the-us,CC BY-NC 4.0 (YouGov public data license)
2026-05,rep,The war in Afghanistan,single_list,0.0,4,2026-05-04;2026-05-11;2026-05-18;2026-05-26,YouGov/Economist,US registered voters,Which of these is the most important issue for you?,https://yougov.com/en-us/trackers/most-important-issues-facing-the-us,CC BY-NC 4.0 (YouGov public data license)
2026-06,all_rv,Abortion,single_list,0.024,5,2026-06-01;2026-06-08;2026-06-15;2026-06-22;2026-06-29,YouGov/Economist,US registered voters,Which of these is the most important issue for you?,https://yougov.com/en-us/trackers/most-important-issues-facing-the-us,CC BY-NC 4.0 (YouGov public data license)
2026-06,all_rv,Civil rights and civil liberties,single_list,0.102,5,2026-06-01;2026-06-08;2026-06-15;2026-06-22;2026-06-29,YouGov/Economist,US registered voters,Which of these is the most important issue for you?,https://yougov.com/en-us/trackers/most-important-issues-facing-the-us,CC BY-NC 4.0 (YouGov public data license)
2026-06,all_rv,Climate change and the environment,single_list,0.052,5,2026-06-01;2026-06-08;2026-06-15;2026-06-22;2026-06-29,YouGov/Economist,US registered voters,Which of these is the most important issue for you?,https://yougov.com/en-us/trackers/most-important-issues-facing-the-us,CC BY-NC 4.0 (YouGov public data license)
2026-06,all_rv,Crime and criminal justice reform,single_list,0.036,5,2026-06-01;2026-06-08;2026-06-15;2026-06-22;2026-06-29,YouGov/Economist,US registered voters,Which of these is the most important issue for you?,https://yougov.com/en-us/trackers/most-important-issues-facing-the-us,CC BY-NC 4.0 (YouGov public data license)
2026-06,all_rv,Education,single_list,0.024,5,2026-06-01;2026-06-08;2026-06-15;2026-06-22;2026-06-29,YouGov/Economist,US registered voters,Which of these is the most important issue for you?,https://yougov.com/en-us/trackers/most-important-issues-facing-the-us,CC BY-NC 4.0 (YouGov public data license)
2026-06,all_rv,Gay rights,single_list,0.0,5,2026-06-01;2026-06-08;2026-06-15;2026-06-22;2026-06-29,YouGov/Economist,US registered voters,Which of these is the most important issue for you?,https://yougov.com/en-us/trackers/most-important-issues-facing-the-us,CC BY-NC 4.0 (YouGov public data license)
2026-06,all_rv,Gun control,single_list,0.012,5,2026-06-01;2026-06-08;2026-06-15;2026-06-22;2026-06-29,YouGov/Economist,US registered voters,Which of these is the most important issue for you?,https://yougov.com/en-us/trackers/most-important-issues-facing-the-us,CC BY-NC 4.0 (YouGov public data license)
2026-06,all_rv,Health care,single_list,0.088,5,2026-06-01;2026-06-08;2026-06-15;2026-06-22;2026-06-29,YouGov/Economist,US registered voters,Which of these is the most important issue for you?,https://yougov.com/en-us/trackers/most-important-issues-facing-the-us,CC BY-NC 4.0 (YouGov public data license)
2026-06,all_rv,Immigration,single_list,0.082,5,2026-06-01;2026-06-08;2026-06-15;2026-06-22;2026-06-29,YouGov/Economist,US registered voters,Which of these is the most important issue for you?,https://yougov.com/en-us/trackers/most-important-issues-facing-the-us,CC BY-NC 4.0 (YouGov public data license)
2026-06,all_rv,Inflation/prices,single_list,0.31,5,2026-06-01;2026-06-08;2026-06-15;2026-06-22;2026-06-29,YouGov/Economist,US registered voters,Which of these is the most important issue for you?,https://yougov.com/en-us/trackers/most-important-issues-facing-the-us,CC BY-NC 4.0 (YouGov public data license)
2026-06,all_rv,Jobs and the economy,single_list,0.13,5,2026-06-01;2026-06-08;2026-06-15;2026-06-22;2026-06-29,YouGov/Economist,US registered voters,Which of these is the most important issue for you?,https://yougov.com/en-us/trackers/most-important-issues-facing-the-us,CC BY-NC 4.0 (YouGov public data license)
2026-06,all_rv,Medicare,single_list,0.0,5,2026-06-01;2026-06-08;2026-06-15;2026-06-22;2026-06-29,YouGov/Economist,US registered voters,Which of these is the most important issue for you?,https://yougov.com/en-us/trackers/most-important-issues-facing-the-us,CC BY-NC 4.0 (YouGov public data license)
2026-06,all_rv,National Security and foreign policy,single_list,0.062,5,2026-06-01;2026-06-08;2026-06-15;2026-06-22;2026-06-29,YouGov/Economist,US registered voters,Which of these is the most important issue for you?,https://yougov.com/en-us/trackers/most-important-issues-facing-the-us,CC BY-NC 4.0 (YouGov public data license)
2026-06,all_rv,Social security,single_list,0.0,5,2026-06-01;2026-06-08;2026-06-15;2026-06-22;2026-06-29,YouGov/Economist,US registered voters,Which of these is the most important issue for you?,https://yougov.com/en-us/trackers/most-important-issues-facing-the-us,CC BY-NC 4.0 (YouGov public data license)
2026-06,all_rv,Taxes and government spending,single_list,0.076,5,2026-06-01;2026-06-08;2026-06-15;2026-06-22;2026-06-29,YouGov/Economist,US registered voters,Which of these is the most important issue for you?,https://yougov.com/en-us/trackers/most-important-issues-facing-the-us,CC BY-NC 4.0 (YouGov public data license)
2026-06,all_rv,Terrorism,single_list,0.0,5,2026-06-01;2026-06-08;2026-06-15;2026-06-22;2026-06-29,YouGov/Economist,US registered voters,Which of these is the most important issue for you?,https://yougov.com/en-us/trackers/most-important-issues-facing-the-us,CC BY-NC 4.0 (YouGov public data license)
2026-06,all_rv,The budget deficit,single_list,0.0,5,2026-06-01;2026-06-08;2026-06-15;2026-06-22;2026-06-29,YouGov/Economist,US registered voters,Which of these is the most important issue for you?,https://yougov.com/en-us/trackers/most-important-issues-facing-the-us,CC BY-NC 4.0 (YouGov public data license)
2026-06,all_rv,The war in Afghanistan,single_list,0.0,5,2026-06-01;2026-06-08;2026-06-15;2026-06-22;2026-06-29,YouGov/Economist,US registered voters,Which of these is the most important issue for you?,https://yougov.com/en-us/trackers/most-important-issues-facing-the-us,CC BY-NC 4.0 (YouGov public data license)
2026-06,dem,Abortion,single_list,0.016,5,2026-06-01;2026-06-08;2026-06-15;2026-06-22;2026-06-29,YouGov/Economist,US registered voters,Which of these is the most important issue for you?,https://yougov.com/en-us/trackers/most-important-issues-facing-the-us,CC BY-NC 4.0 (YouGov public data license)
2026-06,dem,Civil rights and civil liberties,single_list,0.178,5,2026-06-01;2026-06-08;2026-06-15;2026-06-22;2026-06-29,YouGov/Economist,US registered voters,Which of these is the most important issue for you?,https://yougov.com/en-us/trackers/most-important-issues-facing-the-us,CC BY-NC 4.0 (YouGov public data license)
2026-06,dem,Climate change and the environment,single_list,0.088,5,2026-06-01;2026-06-08;2026-06-15;2026-06-22;2026-06-29,YouGov/Economist,US registered voters,Which of these is the most important issue for you?,https://yougov.com/en-us/trackers/most-important-issues-facing-the-us,CC BY-NC 4.0 (YouGov public data license)
2026-06,dem,Crime and criminal justice reform,single_list,0.018,5,2026-06-01;2026-06-08;2026-06-15;2026-06-22;2026-06-29,YouGov/Economist,US registered voters,Which of these is the most important issue for you?,https://yougov.com/en-us/trackers/most-important-issues-facing-the-us,CC BY-NC 4.0 (YouGov public data license)
2026-06,dem,Education,single_list,0.036,5,2026-06-01;2026-06-08;2026-06-15;2026-06-22;2026-06-29,YouGov/Economist,US registered voters,Which of these is the most important issue for you?,https://yougov.com/en-us/trackers/most-important-issues-facing-the-us,CC BY-NC 4.0 (YouGov public data license)
2026-06,dem,Gay rights,single_list,0.0,5,2026-06-01;2026-06-08;2026-06-15;2026-06-22;2026-06-29,YouGov/Economist,US registered voters,Which of these is the most important issue for you?,https://yougov.com/en-us/trackers/most-important-issues-facing-the-us,CC BY-NC 4.0 (YouGov public data license)
2026-06,dem,Gun control,single_list,0.012,5,2026-06-01;2026-06-08;2026-06-15;2026-06-22;2026-06-29,YouGov/Economist,US registered voters,Which of these is the most important issue for you?,https://yougov.com/en-us/trackers/most-important-issues-facing-the-us,CC BY-NC 4.0 (YouGov public data license)
2026-06,dem,Health care,single_list,0.128,5,2026-06-01;2026-06-08;2026-06-15;2026-06-22;2026-06-29,YouGov/Economist,US registered voters,Which of these is the most important issue for you?,https://yougov.com/en-us/trackers/most-important-issues-facing-the-us,CC BY-NC 4.0 (YouGov public data license)
2026-06,dem,Immigration,single_list,0.018,5,2026-06-01;2026-06-08;2026-06-15;2026-06-22;2026-06-29,YouGov/Economist,US registered voters,Which of these is the most important issue for you?,https://yougov.com/en-us/trackers/most-important-issues-facing-the-us,CC BY-NC 4.0 (YouGov public data license)
2026-06,dem,Inflation/prices,single_list,0.318,5,2026-06-01;2026-06-08;2026-06-15;2026-06-22;2026-06-29,YouGov/Economist,US registered voters,Which of these is the most important issue for you?,https://yougov.com/en-us/trackers/most-important-issues-facing-the-us,CC BY-NC 4.0 (YouGov public data license)
2026-06,dem,Jobs and the economy,single_list,0.12,5,2026-06-01;2026-06-08;2026-06-15;2026-06-22;2026-06-29,YouGov/Economist,US registered voters,Which of these is the most important issue for you?,https://yougov.com/en-us/trackers/most-important-issues-facing-the-us,CC BY-NC 4.0 (YouGov public data license)
2026-06,dem,Medicare,single_list,0.0,5,2026-06-01;2026-06-08;2026-06-15;2026-06-22;2026-06-29,YouGov/Economist,US registered voters,Which of these is the most important issue for you?,https://yougov.com/en-us/trackers/most-important-issues-facing-the-us,CC BY-NC 4.0 (YouGov public data license)
2026-06,dem,National Security and foreign policy,single_list,0.026,5,2026-06-01;2026-06-08;2026-06-15;2026-06-22;2026-06-29,YouGov/Economist,US registered voters,Which of these is the most important issue for you?,https://yougov.com/en-us/trackers/most-important-issues-facing-the-us,CC BY-NC 4.0 (YouGov public data license)
2026-06,dem,Social security,single_list,0.0,5,2026-06-01;2026-06-08;2026-06-15;2026-06-22;2026-06-29,YouGov/Economist,US registered voters,Which of these is the most important issue for you?,https://yougov.com/en-us/trackers/most-important-issues-facing-the-us,CC BY-NC 4.0 (YouGov public data license)
2026-06,dem,Taxes and government spending,single_list,0.038,5,2026-06-01;2026-06-08;2026-06-15;2026-06-22;2026-06-29,YouGov/Economist,US registered voters,Which of these is the most important issue for you?,https://yougov.com/en-us/trackers/most-important-issues-facing-the-us,CC BY-NC 4.0 (YouGov public data license)
2026-06,dem,Terrorism,single_list,0.0,5,2026-06-01;2026-06-08;2026-06-15;2026-06-22;2026-06-29,YouGov/Economist,US registered voters,Which of these is the most important issue for you?,https://yougov.com/en-us/trackers/most-important-issues-facing-the-us,CC BY-NC 4.0 (YouGov public data license)
2026-06,dem,The budget deficit,single_list,0.0,5,2026-06-01;2026-06-08;2026-06-15;2026-06-22;2026-06-29,YouGov/Economist,US registered voters,Which of these is the most important issue for you?,https://yougov.com/en-us/trackers/most-important-issues-facing-the-us,CC BY-NC 4.0 (YouGov public data license)
2026-06,dem,The war in Afghanistan,single_list,0.0,5,2026-06-01;2026-06-08;2026-06-15;2026-06-22;2026-06-29,YouGov/Economist,US registered voters,Which of these is the most important issue for you?,https://yougov.com/en-us/trackers/most-important-issues-facing-the-us,CC BY-NC 4.0 (YouGov public data license)
2026-06,ind,Abortion,single_list,0.016,5,2026-06-01;2026-06-08;2026-06-15;2026-06-22;2026-06-29,YouGov/Economist,US registered voters,Which of these is the most important issue for you?,https://yougov.com/en-us/trackers/most-important-issues-facing-the-us,CC BY-NC 4.0 (YouGov public data license)
2026-06,ind,Civil rights and civil liberties,single_list,0.116,5,2026-06-01;2026-06-08;2026-06-15;2026-06-22;2026-06-29,YouGov/Economist,US registered voters,Which of these is the most important issue for you?,https://yougov.com/en-us/trackers/most-important-issues-facing-the-us,CC BY-NC 4.0 (YouGov public data license)
2026-06,ind,Climate change and the environment,single_list,0.06,5,2026-06-01;2026-06-08;2026-06-15;2026-06-22;2026-06-29,YouGov/Economist,US registered voters,Which of these is the most important issue for you?,https://yougov.com/en-us/trackers/most-important-issues-facing-the-us,CC BY-NC 4.0 (YouGov public data license)
2026-06,ind,Crime and criminal justice reform,single_list,0.032,5,2026-06-01;2026-06-08;2026-06-15;2026-06-22;2026-06-29,YouGov/Economist,US registered voters,Which of these is the most important issue for you?,https://yougov.com/en-us/trackers/most-important-issues-facing-the-us,CC BY-NC 4.0 (YouGov public data license)
2026-06,ind,Education,single_list,0.03,5,2026-06-01;2026-06-08;2026-06-15;2026-06-22;2026-06-29,YouGov/Economist,US registered voters,Which of these is the most important issue for you?,https://yougov.com/en-us/trackers/most-important-issues-facing-the-us,CC BY-NC 4.0 (YouGov public data license)
2026-06,ind,Gay rights,single_list,0.0,5,2026-06-01;2026-06-08;2026-06-15;2026-06-22;2026-06-29,YouGov/Economist,US registered voters,Which of these is the most important issue for you?,https://yougov.com/en-us/trackers/most-important-issues-facing-the-us,CC BY-NC 4.0 (YouGov public data license)
2026-06,ind,Gun control,single_list,0.016,5,2026-06-01;2026-06-08;2026-06-15;2026-06-22;2026-06-29,YouGov/Economist,US registered voters,Which of these is the most important issue for you?,https://yougov.com/en-us/trackers/most-important-issues-facing-the-us,CC BY-NC 4.0 (YouGov public data license)
2026-06,ind,Health care,single_list,0.09,5,2026-06-01;2026-06-08;2026-06-15;2026-06-22;2026-06-29,YouGov/Economist,US registered voters,Which of these is the most important issue for you?,https://yougov.com/en-us/trackers/most-important-issues-facing-the-us,CC BY-NC 4.0 (YouGov public data license)
2026-06,ind,Immigration,single_list,0.064,5,2026-06-01;2026-06-08;2026-06-15;2026-06-22;2026-06-29,YouGov/Economist,US registered voters,Which of these is the most important issue for you?,https://yougov.com/en-us/trackers/most-important-issues-facing-the-us,CC BY-NC 4.0 (YouGov public data license)
2026-06,ind,Inflation/prices,single_list,0.292,5,2026-06-01;2026-06-08;2026-06-15;2026-06-22;2026-06-29,YouGov/Economist,US registered voters,Which of these is the most important issue for you?,https://yougov.com/en-us/trackers/most-important-issues-facing-the-us,CC BY-NC 4.0 (YouGov public data license)
2026-06,ind,Jobs and the economy,single_list,0.144,5,2026-06-01;2026-06-08;2026-06-15;2026-06-22;2026-06-29,YouGov/Economist,US registered voters,Which of these is the most important issue for you?,https://yougov.com/en-us/trackers/most-important-issues-facing-the-us,CC BY-NC 4.0 (YouGov public data license)
2026-06,ind,Medicare,single_list,0.0,5,2026-06-01;2026-06-08;2026-06-15;2026-06-22;2026-06-29,YouGov/Economist,US registered voters,Which of these is the most important issue for you?,https://yougov.com/en-us/trackers/most-important-issues-facing-the-us,CC BY-NC 4.0 (YouGov public data license)
2026-06,ind,National Security and foreign policy,single_list,0.05,5,2026-06-01;2026-06-08;2026-06-15;2026-06-22;2026-06-29,YouGov/Economist,US registered voters,Which of these is the most important issue for you?,https://yougov.com/en-us/trackers/most-important-issues-facing-the-us,CC BY-NC 4.0 (YouGov public data license)
2026-06,ind,Social security,single_list,0.0,5,2026-06-01;2026-06-08;2026-06-15;2026-06-22;2026-06-29,YouGov/Economist,US registered voters,Which of these is the most important issue for you?,https://yougov.com/en-us/trackers/most-important-issues-facing-the-us,CC BY-NC 4.0 (YouGov public data license)
2026-06,ind,Taxes and government spending,single_list,0.09,5,2026-06-01;2026-06-08;2026-06-15;2026-06-22;2026-06-29,YouGov/Economist,US registered voters,Which of these is the most important issue for you?,https://yougov.com/en-us/trackers/most-important-issues-facing-the-us,CC BY-NC 4.0 (YouGov public data license)
2026-06,ind,Terrorism,single_list,0.0,5,2026-06-01;2026-06-08;2026-06-15;2026-06-22;2026-06-29,YouGov/Economist,US registered voters,Which of these is the most important issue for you?,https://yougov.com/en-us/trackers/most-important-issues-facing-the-us,CC BY-NC 4.0 (YouGov public data license)
2026-06,ind,The budget deficit,single_list,0.0,5,2026-06-01;2026-06-08;2026-06-15;2026-06-22;2026-06-29,YouGov/Economist,US registered voters,Which of these is the most important issue for you?,https://yougov.com/en-us/trackers/most-important-issues-facing-the-us,CC BY-NC 4.0 (YouGov public data license)
2026-06,ind,The war in Afghanistan,single_list,0.0,5,2026-06-01;2026-06-08;2026-06-15;2026-06-22;2026-06-29,YouGov/Economist,US registered voters,Which of these is the most important issue for you?,https://yougov.com/en-us/trackers/most-important-issues-facing-the-us,CC BY-NC 4.0 (YouGov public data license)
2026-06,rep,Abortion,single_list,0.036,5,2026-06-01;2026-06-08;2026-06-15;2026-06-22;2026-06-29,YouGov/Economist,US registered voters,Which of these is the most important issue for you?,https://yougov.com/en-us/trackers/most-important-issues-facing-the-us,CC BY-NC 4.0 (YouGov public data license)
2026-06,rep,Civil rights and civil liberties,single_list,0.02,5,2026-06-01;2026-06-08;2026-06-15;2026-06-22;2026-06-29,YouGov/Economist,US registered voters,Which of these is the most important issue for you?,https://yougov.com/en-us/trackers/most-important-issues-facing-the-us,CC BY-NC 4.0 (YouGov public data license)
2026-06,rep,Climate change and the environment,single_list,0.012,5,2026-06-01;2026-06-08;2026-06-15;2026-06-22;2026-06-29,YouGov/Economist,US registered voters,Which of these is the most important issue for you?,https://yougov.com/en-us/trackers/most-important-issues-facing-the-us,CC BY-NC 4.0 (YouGov public data license)
2026-06,rep,Crime and criminal justice reform,single_list,0.056,5,2026-06-01;2026-06-08;2026-06-15;2026-06-22;2026-06-29,YouGov/Economist,US registered voters,Which of these is the most important issue for you?,https://yougov.com/en-us/trackers/most-important-issues-facing-the-us,CC BY-NC 4.0 (YouGov public data license)
2026-06,rep,Education,single_list,0.008,5,2026-06-01;2026-06-08;2026-06-15;2026-06-22;2026-06-29,YouGov/Economist,US registered voters,Which of these is the most important issue for you?,https://yougov.com/en-us/trackers/most-important-issues-facing-the-us,CC BY-NC 4.0 (YouGov public data license)
2026-06,rep,Gay rights,single_list,0.0,5,2026-06-01;2026-06-08;2026-06-15;2026-06-22;2026-06-29,YouGov/Economist,US registered voters,Which of these is the most important issue for you?,https://yougov.com/en-us/trackers/most-important-issues-facing-the-us,CC BY-NC 4.0 (YouGov public data license)
2026-06,rep,Gun control,single_list,0.016,5,2026-06-01;2026-06-08;2026-06-15;2026-06-22;2026-06-29,YouGov/Economist,US registered voters,Which of these is the most important issue for you?,https://yougov.com/en-us/trackers/most-important-issues-facing-the-us,CC BY-NC 4.0 (YouGov public data license)
2026-06,rep,Health care,single_list,0.052,5,2026-06-01;2026-06-08;2026-06-15;2026-06-22;2026-06-29,YouGov/Economist,US registered voters,Which of these is the most important issue for you?,https://yougov.com/en-us/trackers/most-important-issues-facing-the-us,CC BY-NC 4.0 (YouGov public data license)
2026-06,rep,Immigration,single_list,0.154,5,2026-06-01;2026-06-08;2026-06-15;2026-06-22;2026-06-29,YouGov/Economist,US registered voters,Which of these is the most important issue for you?,https://yougov.com/en-us/trackers/most-important-issues-facing-the-us,CC BY-NC 4.0 (YouGov public data license)
2026-06,rep,Inflation/prices,single_list,0.31,5,2026-06-01;2026-06-08;2026-06-15;2026-06-22;2026-06-29,YouGov/Economist,US registered voters,Which of these is the most important issue for you?,https://yougov.com/en-us/trackers/most-important-issues-facing-the-us,CC BY-NC 4.0 (YouGov public data license)
2026-06,rep,Jobs and the economy,single_list,0.126,5,2026-06-01;2026-06-08;2026-06-15;2026-06-22;2026-06-29,YouGov/Economist,US registered voters,Which of these is the most important issue for you?,https://yougov.com/en-us/trackers/most-important-issues-facing-the-us,CC BY-NC 4.0 (YouGov public data license)
2026-06,rep,Medicare,single_list,0.0,5,2026-06-01;2026-06-08;2026-06-15;2026-06-22;2026-06-29,YouGov/Economist,US registered voters,Which of these is the most important issue for you?,https://yougov.com/en-us/trackers/most-important-issues-facing-the-us,CC BY-NC 4.0 (YouGov public data license)
2026-06,rep,National Security and foreign policy,single_list,0.106,5,2026-06-01;2026-06-08;2026-06-15;2026-06-22;2026-06-29,YouGov/Economist,US registered voters,Which of these is the most important issue for you?,https://yougov.com/en-us/trackers/most-important-issues-facing-the-us,CC BY-NC 4.0 (YouGov public data license)
2026-06,rep,Social security,single_list,0.0,5,2026-06-01;2026-06-08;2026-06-15;2026-06-22;2026-06-29,YouGov/Economist,US registered voters,Which of these is the most important issue for you?,https://yougov.com/en-us/trackers/most-important-issues-facing-the-us,CC BY-NC 4.0 (YouGov public data license)
2026-06,rep,Taxes and government spending,single_list,0.098,5,2026-06-01;2026-06-08;2026-06-15;2026-06-22;2026-06-29,YouGov/Economist,US registered voters,Which of these is the most important issue for you?,https://yougov.com/en-us/trackers/most-important-issues-facing-the-us,CC BY-NC 4.0 (YouGov public data license)
2026-06,rep,Terrorism,single_list,0.0,5,2026-06-01;2026-06-08;2026-06-15;2026-06-22;2026-06-29,YouGov/Economist,US registered voters,Which of these is the most important issue for you?,https://yougov.com/en-us/trackers/most-important-issues-facing-the-us,CC BY-NC 4.0 (YouGov public data license)
2026-06,rep,The budget deficit,single_list,0.0,5,2026-06-01;2026-06-08;2026-06-15;2026-06-22;2026-06-29,YouGov/Economist,US registered voters,Which of these is the most important issue for you?,https://yougov.com/en-us/trackers/most-important-issues-facing-the-us,CC BY-NC 4.0 (YouGov public data license)
2026-06,rep,The war in Afghanistan,single_list,0.0,5,2026-06-01;2026-06-08;2026-06-15;2026-06-22;2026-06-29,YouGov/Economist,US registered voters,Which of these is the most important issue for you?,https://yougov.com/en-us/trackers/most-important-issues-facing-the-us,CC BY-NC 4.0 (YouGov public data license)
2026-07,all_rv,Abortion,single_list,0.028,4,2026-07-06;2026-07-13;2026-07-20;2026-07-27,YouGov/Economist,US registered voters,Which of these is the most important issue for you?,https://yougov.com/en-us/trackers/most-important-issues-facing-the-us,CC BY-NC 4.0 (YouGov public data license)
2026-07,all_rv,Civil rights and civil liberties,single_list,0.095,4,2026-07-06;2026-07-13;2026-07-20;2026-07-27,YouGov/Economist,US registered voters,Which of these is the most important issue for you?,https://yougov.com/en-us/trackers/most-important-issues-facing-the-us,CC BY-NC 4.0 (YouGov public data license)
2026-07,all_rv,Climate change and the environment,single_list,0.06,4,2026-07-06;2026-07-13;2026-07-20;2026-07-27,YouGov/Economist,US registered voters,Which of these is the most important issue for you?,https://yougov.com/en-us/trackers/most-important-issues-facing-the-us,CC BY-NC 4.0 (YouGov public data license)
2026-07,all_rv,Crime and criminal justice reform,single_list,0.035,4,2026-07-06;2026-07-13;2026-07-20;2026-07-27,YouGov/Economist,US registered voters,Which of these is the most important issue for you?,https://yougov.com/en-us/trackers/most-important-issues-facing-the-us,CC BY-NC 4.0 (YouGov public data license)
2026-07,all_rv,Education,single_list,0.025,4,2026-07-06;2026-07-13;2026-07-20;2026-07-27,YouGov/Economist,US registered voters,Which of these is the most important issue for you?,https://yougov.com/en-us/trackers/most-important-issues-facing-the-us,CC BY-NC 4.0 (YouGov public data license)
2026-07,all_rv,Gay rights,single_list,0.0,4,2026-07-06;2026-07-13;2026-07-20;2026-07-27,YouGov/Economist,US registered voters,Which of these is the most important issue for you?,https://yougov.com/en-us/trackers/most-important-issues-facing-the-us,CC BY-NC 4.0 (YouGov public data license)
2026-07,all_rv,Gun control,single_list,0.018,4,2026-07-06;2026-07-13;2026-07-20;2026-07-27,YouGov/Economist,US registered voters,Which of these is the most important issue for you?,https://yougov.com/en-us/trackers/most-important-issues-facing-the-us,CC BY-NC 4.0 (YouGov public data license)
2026-07,all_rv,Health care,single_list,0.092,4,2026-07-06;2026-07-13;2026-07-20;2026-07-27,YouGov/Economist,US registered voters,Which of these is the most important issue for you?,https://yougov.com/en-us/trackers/most-important-issues-facing-the-us,CC BY-NC 4.0 (YouGov public data license)
2026-07,all_rv,Immigration,single_list,0.088,4,2026-07-06;2026-07-13;2026-07-20;2026-07-27,YouGov/Economist,US registered voters,Which of these is the most important issue for you?,https://yougov.com/en-us/trackers/most-important-issues-facing-the-us,CC BY-NC 4.0 (YouGov public data license)
2026-07,all_rv,Inflation/prices,single_list,0.292,4,2026-07-06;2026-07-13;2026-07-20;2026-07-27,YouGov/Economist,US registered voters,Which of these is the most important issue for you?,https://yougov.com/en-us/trackers/most-important-issues-facing-the-us,CC BY-NC 4.0 (YouGov public data license)
2026-07,all_rv,Jobs and the economy,single_list,0.125,4,2026-07-06;2026-07-13;2026-07-20;2026-07-27,YouGov/Economist,US registered voters,Which of these is the most important issue for you?,https://yougov.com/en-us/trackers/most-important-issues-facing-the-us,CC BY-NC 4.0 (YouGov public data license)
2026-07,all_rv,Medicare,single_list,0.0,4,2026-07-06;2026-07-13;2026-07-20;2026-07-27,YouGov/Economist,US registered voters,Which of these is the most important issue for you?,https://yougov.com/en-us/trackers/most-important-issues-facing-the-us,CC BY-NC 4.0 (YouGov public data license)
2026-07,all_rv,National Security and foreign policy,single_list,0.073,4,2026-07-06;2026-07-13;2026-07-20;2026-07-27,YouGov/Economist,US registered voters,Which of these is the most important issue for you?,https://yougov.com/en-us/trackers/most-important-issues-facing-the-us,CC BY-NC 4.0 (YouGov public data license)
2026-07,all_rv,Social security,single_list,0.0,4,2026-07-06;2026-07-13;2026-07-20;2026-07-27,YouGov/Economist,US registered voters,Which of these is the most important issue for you?,https://yougov.com/en-us/trackers/most-important-issues-facing-the-us,CC BY-NC 4.0 (YouGov public data license)
2026-07,all_rv,Taxes and government spending,single_list,0.073,4,2026-07-06;2026-07-13;2026-07-20;2026-07-27,YouGov/Economist,US registered voters,Which of these is the most important issue for you?,https://yougov.com/en-us/trackers/most-important-issues-facing-the-us,CC BY-NC 4.0 (YouGov public data license)
2026-07,all_rv,Terrorism,single_list,0.0,4,2026-07-06;2026-07-13;2026-07-20;2026-07-27,YouGov/Economist,US registered voters,Which of these is the most important issue for you?,https://yougov.com/en-us/trackers/most-important-issues-facing-the-us,CC BY-NC 4.0 (YouGov public data license)
2026-07,all_rv,The budget deficit,single_list,0.0,4,2026-07-06;2026-07-13;2026-07-20;2026-07-27,YouGov/Economist,US registered voters,Which of these is the most important issue for you?,https://yougov.com/en-us/trackers/most-important-issues-facing-the-us,CC BY-NC 4.0 (YouGov public data license)
2026-07,all_rv,The war in Afghanistan,single_list,0.0,4,2026-07-06;2026-07-13;2026-07-20;2026-07-27,YouGov/Economist,US registered voters,Which of these is the most important issue for you?,https://yougov.com/en-us/trackers/most-important-issues-facing-the-us,CC BY-NC 4.0 (YouGov public data license)
2026-07,dem,Abortion,single_list,0.022,4,2026-07-06;2026-07-13;2026-07-20;2026-07-27,YouGov/Economist,US registered voters,Which of these is the most important issue for you?,https://yougov.com/en-us/trackers/most-important-issues-facing-the-us,CC BY-NC 4.0 (YouGov public data license)
2026-07,dem,Civil rights and civil liberties,single_list,0.172,4,2026-07-06;2026-07-13;2026-07-20;2026-07-27,YouGov/Economist,US registered voters,Which of these is the most important issue for you?,https://yougov.com/en-us/trackers/most-important-issues-facing-the-us,CC BY-NC 4.0 (YouGov public data license)
2026-07,dem,Climate change and the environment,single_list,0.102,4,2026-07-06;2026-07-13;2026-07-20;2026-07-27,YouGov/Economist,US registered voters,Which of these is the most important issue for you?,https://yougov.com/en-us/trackers/most-important-issues-facing-the-us,CC BY-NC 4.0 (YouGov public data license)
2026-07,dem,Crime and criminal justice reform,single_list,0.025,4,2026-07-06;2026-07-13;2026-07-20;2026-07-27,YouGov/Economist,US registered voters,Which of these is the most important issue for you?,https://yougov.com/en-us/trackers/most-important-issues-facing-the-us,CC BY-NC 4.0 (YouGov public data license)
2026-07,dem,Education,single_list,0.03,4,2026-07-06;2026-07-13;2026-07-20;2026-07-27,YouGov/Economist,US registered voters,Which of these is the most important issue for you?,https://yougov.com/en-us/trackers/most-important-issues-facing-the-us,CC BY-NC 4.0 (YouGov public data license)
2026-07,dem,Gay rights,single_list,0.0,4,2026-07-06;2026-07-13;2026-07-20;2026-07-27,YouGov/Economist,US registered voters,Which of these is the most important issue for you?,https://yougov.com/en-us/trackers/most-important-issues-facing-the-us,CC BY-NC 4.0 (YouGov public data license)
2026-07,dem,Gun control,single_list,0.022,4,2026-07-06;2026-07-13;2026-07-20;2026-07-27,YouGov/Economist,US registered voters,Which of these is the most important issue for you?,https://yougov.com/en-us/trackers/most-important-issues-facing-the-us,CC BY-NC 4.0 (YouGov public data license)
2026-07,dem,Health care,single_list,0.128,4,2026-07-06;2026-07-13;2026-07-20;2026-07-27,YouGov/Economist,US registered voters,Which of these is the most important issue for you?,https://yougov.com/en-us/trackers/most-important-issues-facing-the-us,CC BY-NC 4.0 (YouGov public data license)
2026-07,dem,Immigration,single_list,0.015,4,2026-07-06;2026-07-13;2026-07-20;2026-07-27,YouGov/Economist,US registered voters,Which of these is the most important issue for you?,https://yougov.com/en-us/trackers/most-important-issues-facing-the-us,CC BY-NC 4.0 (YouGov public data license)
2026-07,dem,Inflation/prices,single_list,0.285,4,2026-07-06;2026-07-13;2026-07-20;2026-07-27,YouGov/Economist,US registered voters,Which of these is the most important issue for you?,https://yougov.com/en-us/trackers/most-important-issues-facing-the-us,CC BY-NC 4.0 (YouGov public data license)
2026-07,dem,Jobs and the economy,single_list,0.132,4,2026-07-06;2026-07-13;2026-07-20;2026-07-27,YouGov/Economist,US registered voters,Which of these is the most important issue for you?,https://yougov.com/en-us/trackers/most-important-issues-facing-the-us,CC BY-NC 4.0 (YouGov public data license)
2026-07,dem,Medicare,single_list,0.0,4,2026-07-06;2026-07-13;2026-07-20;2026-07-27,YouGov/Economist,US registered voters,Which of these is the most important issue for you?,https://yougov.com/en-us/trackers/most-important-issues-facing-the-us,CC BY-NC 4.0 (YouGov public data license)
2026-07,dem,National Security and foreign policy,single_list,0.032,4,2026-07-06;2026-07-13;2026-07-20;2026-07-27,YouGov/Economist,US registered voters,Which of these is the most important issue for you?,https://yougov.com/en-us/trackers/most-important-issues-facing-the-us,CC BY-NC 4.0 (YouGov public data license)
2026-07,dem,Social security,single_list,0.0,4,2026-07-06;2026-07-13;2026-07-20;2026-07-27,YouGov/Economist,US registered voters,Which of these is the most important issue for you?,https://yougov.com/en-us/trackers/most-important-issues-facing-the-us,CC BY-NC 4.0 (YouGov public data license)
2026-07,dem,Taxes and government spending,single_list,0.038,4,2026-07-06;2026-07-13;2026-07-20;2026-07-27,YouGov/Economist,US registered voters,Which of these is the most important issue for you?,https://yougov.com/en-us/trackers/most-important-issues-facing-the-us,CC BY-NC 4.0 (YouGov public data license)
2026-07,dem,Terrorism,single_list,0.0,4,2026-07-06;2026-07-13;2026-07-20;2026-07-27,YouGov/Economist,US registered voters,Which of these is the most important issue for you?,https://yougov.com/en-us/trackers/most-important-issues-facing-the-us,CC BY-NC 4.0 (YouGov public data license)
2026-07,dem,The budget deficit,single_list,0.0,4,2026-07-06;2026-07-13;2026-07-20;2026-07-27,YouGov/Economist,US registered voters,Which of these is the most important issue for you?,https://yougov.com/en-us/trackers/most-important-issues-facing-the-us,CC BY-NC 4.0 (YouGov public data license)
2026-07,dem,The war in Afghanistan,single_list,0.0,4,2026-07-06;2026-07-13;2026-07-20;2026-07-27,YouGov/Economist,US registered voters,Which of these is the most important issue for you?,https://yougov.com/en-us/trackers/most-important-issues-facing-the-us,CC BY-NC 4.0 (YouGov public data license)
2026-07,ind,Abortion,single_list,0.012,4,2026-07-06;2026-07-13;2026-07-20;2026-07-27,YouGov/Economist,US registered voters,Which of these is the most important issue for you?,https://yougov.com/en-us/trackers/most-important-issues-facing-the-us,CC BY-NC 4.0 (YouGov public data license)
2026-07,ind,Civil rights and civil liberties,single_list,0.115,4,2026-07-06;2026-07-13;2026-07-20;2026-07-27,YouGov/Economist,US registered voters,Which of these is the most important issue for you?,https://yougov.com/en-us/trackers/most-important-issues-facing-the-us,CC BY-NC 4.0 (YouGov public data license)
2026-07,ind,Climate change and the environment,single_list,0.07,4,2026-07-06;2026-07-13;2026-07-20;2026-07-27,YouGov/Economist,US registered voters,Which of these is the most important issue for you?,https://yougov.com/en-us/trackers/most-important-issues-facing-the-us,CC BY-NC 4.0 (YouGov public data license)
2026-07,ind,Crime and criminal justice reform,single_list,0.025,4,2026-07-06;2026-07-13;2026-07-20;2026-07-27,YouGov/Economist,US registered voters,Which of these is the most important issue for you?,https://yougov.com/en-us/trackers/most-important-issues-facing-the-us,CC BY-NC 4.0 (YouGov public data license)
2026-07,ind,Education,single_list,0.032,4,2026-07-06;2026-07-13;2026-07-20;2026-07-27,YouGov/Economist,US registered voters,Which of these is the most important issue for you?,https://yougov.com/en-us/trackers/most-important-issues-facing-the-us,CC BY-NC 4.0 (YouGov public data license)
2026-07,ind,Gay rights,single_list,0.0,4,2026-07-06;2026-07-13;2026-07-20;2026-07-27,YouGov/Economist,US registered voters,Which of these is the most important issue for you?,https://yougov.com/en-us/trackers/most-important-issues-facing-the-us,CC BY-NC 4.0 (YouGov public data license)
2026-07,ind,Gun control,single_list,0.01,4,2026-07-06;2026-07-13;2026-07-20;2026-07-27,YouGov/Economist,US registered voters,Which of these is the most important issue for you?,https://yougov.com/en-us/trackers/most-important-issues-facing-the-us,CC BY-NC 4.0 (YouGov public data license)
2026-07,ind,Health care,single_list,0.085,4,2026-07-06;2026-07-13;2026-07-20;2026-07-27,YouGov/Economist,US registered voters,Which of these is the most important issue for you?,https://yougov.com/en-us/trackers/most-important-issues-facing-the-us,CC BY-NC 4.0 (YouGov public data license)
2026-07,ind,Immigration,single_list,0.07,4,2026-07-06;2026-07-13;2026-07-20;2026-07-27,YouGov/Economist,US registered voters,Which of these is the most important issue for you?,https://yougov.com/en-us/trackers/most-important-issues-facing-the-us,CC BY-NC 4.0 (YouGov public data license)
2026-07,ind,Inflation/prices,single_list,0.295,4,2026-07-06;2026-07-13;2026-07-20;2026-07-27,YouGov/Economist,US registered voters,Which of these is the most important issue for you?,https://yougov.com/en-us/trackers/most-important-issues-facing-the-us,CC BY-NC 4.0 (YouGov public data license)
2026-07,ind,Jobs and the economy,single_list,0.135,4,2026-07-06;2026-07-13;2026-07-20;2026-07-27,YouGov/Economist,US registered voters,Which of these is the most important issue for you?,https://yougov.com/en-us/trackers/most-important-issues-facing-the-us,CC BY-NC 4.0 (YouGov public data license)
2026-07,ind,Medicare,single_list,0.0,4,2026-07-06;2026-07-13;2026-07-20;2026-07-27,YouGov/Economist,US registered voters,Which of these is the most important issue for you?,https://yougov.com/en-us/trackers/most-important-issues-facing-the-us,CC BY-NC 4.0 (YouGov public data license)
2026-07,ind,National Security and foreign policy,single_list,0.065,4,2026-07-06;2026-07-13;2026-07-20;2026-07-27,YouGov/Economist,US registered voters,Which of these is the most important issue for you?,https://yougov.com/en-us/trackers/most-important-issues-facing-the-us,CC BY-NC 4.0 (YouGov public data license)
2026-07,ind,Social security,single_list,0.0,4,2026-07-06;2026-07-13;2026-07-20;2026-07-27,YouGov/Economist,US registered voters,Which of these is the most important issue for you?,https://yougov.com/en-us/trackers/most-important-issues-facing-the-us,CC BY-NC 4.0 (YouGov public data license)
2026-07,ind,Taxes and government spending,single_list,0.085,4,2026-07-06;2026-07-13;2026-07-20;2026-07-27,YouGov/Economist,US registered voters,Which of these is the most important issue for you?,https://yougov.com/en-us/trackers/most-important-issues-facing-the-us,CC BY-NC 4.0 (YouGov public data license)
2026-07,ind,Terrorism,single_list,0.0,4,2026-07-06;2026-07-13;2026-07-20;2026-07-27,YouGov/Economist,US registered voters,Which of these is the most important issue for you?,https://yougov.com/en-us/trackers/most-important-issues-facing-the-us,CC BY-NC 4.0 (YouGov public data license)
2026-07,ind,The budget deficit,single_list,0.0,4,2026-07-06;2026-07-13;2026-07-20;2026-07-27,YouGov/Economist,US registered voters,Which of these is the most important issue for you?,https://yougov.com/en-us/trackers/most-important-issues-facing-the-us,CC BY-NC 4.0 (YouGov public data license)
2026-07,ind,The war in Afghanistan,single_list,0.0,4,2026-07-06;2026-07-13;2026-07-20;2026-07-27,YouGov/Economist,US registered voters,Which of these is the most important issue for you?,https://yougov.com/en-us/trackers/most-important-issues-facing-the-us,CC BY-NC 4.0 (YouGov public data license)
2026-07,rep,Abortion,single_list,0.032,4,2026-07-06;2026-07-13;2026-07-20;2026-07-27,YouGov/Economist,US registered voters,Which of these is the most important issue for you?,https://yougov.com/en-us/trackers/most-important-issues-facing-the-us,CC BY-NC 4.0 (YouGov public data license)
2026-07,rep,Civil rights and civil liberties,single_list,0.01,4,2026-07-06;2026-07-13;2026-07-20;2026-07-27,YouGov/Economist,US registered voters,Which of these is the most important issue for you?,https://yougov.com/en-us/trackers/most-important-issues-facing-the-us,CC BY-NC 4.0 (YouGov public data license)
2026-07,rep,Climate change and the environment,single_list,0.008,4,2026-07-06;2026-07-13;2026-07-20;2026-07-27,YouGov/Economist,US registered voters,Which of these is the most important issue for you?,https://yougov.com/en-us/trackers/most-important-issues-facing-the-us,CC BY-NC 4.0 (YouGov public data license)
2026-07,rep,Crime and criminal justice reform,single_list,0.055,4,2026-07-06;2026-07-13;2026-07-20;2026-07-27,YouGov/Economist,US registered voters,Which of these is the most important issue for you?,https://yougov.com/en-us/trackers/most-important-issues-facing-the-us,CC BY-NC 4.0 (YouGov public data license)
2026-07,rep,Education,single_list,0.012,4,2026-07-06;2026-07-13;2026-07-20;2026-07-27,YouGov/Economist,US registered voters,Which of these is the most important issue for you?,https://yougov.com/en-us/trackers/most-important-issues-facing-the-us,CC BY-NC 4.0 (YouGov public data license)
2026-07,rep,Gay rights,single_list,0.0,4,2026-07-06;2026-07-13;2026-07-20;2026-07-27,YouGov/Economist,US registered voters,Which of these is the most important issue for you?,https://yougov.com/en-us/trackers/most-important-issues-facing-the-us,CC BY-NC 4.0 (YouGov public data license)
2026-07,rep,Gun control,single_list,0.018,4,2026-07-06;2026-07-13;2026-07-20;2026-07-27,YouGov/Economist,US registered voters,Which of these is the most important issue for you?,https://yougov.com/en-us/trackers/most-important-issues-facing-the-us,CC BY-NC 4.0 (YouGov public data license)
2026-07,rep,Health care,single_list,0.06,4,2026-07-06;2026-07-13;2026-07-20;2026-07-27,YouGov/Economist,US registered voters,Which of these is the most important issue for you?,https://yougov.com/en-us/trackers/most-important-issues-facing-the-us,CC BY-NC 4.0 (YouGov public data license)
2026-07,rep,Immigration,single_list,0.162,4,2026-07-06;2026-07-13;2026-07-20;2026-07-27,YouGov/Economist,US registered voters,Which of these is the most important issue for you?,https://yougov.com/en-us/trackers/most-important-issues-facing-the-us,CC BY-NC 4.0 (YouGov public data license)
2026-07,rep,Inflation/prices,single_list,0.31,4,2026-07-06;2026-07-13;2026-07-20;2026-07-27,YouGov/Economist,US registered voters,Which of these is the most important issue for you?,https://yougov.com/en-us/trackers/most-important-issues-facing-the-us,CC BY-NC 4.0 (YouGov public data license)
2026-07,rep,Jobs and the economy,single_list,0.12,4,2026-07-06;2026-07-13;2026-07-20;2026-07-27,YouGov/Economist,US registered voters,Which of these is the most important issue for you?,https://yougov.com/en-us/trackers/most-important-issues-facing-the-us,CC BY-NC 4.0 (YouGov public data license)
2026-07,rep,Medicare,single_list,0.0,4,2026-07-06;2026-07-13;2026-07-20;2026-07-27,YouGov/Economist,US registered voters,Which of these is the most important issue for you?,https://yougov.com/en-us/trackers/most-important-issues-facing-the-us,CC BY-NC 4.0 (YouGov public data license)
2026-07,rep,National Security and foreign policy,single_list,0.115,4,2026-07-06;2026-07-13;2026-07-20;2026-07-27,YouGov/Economist,US registered voters,Which of these is the most important issue for you?,https://yougov.com/en-us/trackers/most-important-issues-facing-the-us,CC BY-NC 4.0 (YouGov public data license)
2026-07,rep,Social security,single_list,0.0,4,2026-07-06;2026-07-13;2026-07-20;2026-07-27,YouGov/Economist,US registered voters,Which of these is the most important issue for you?,https://yougov.com/en-us/trackers/most-important-issues-facing-the-us,CC BY-NC 4.0 (YouGov public data license)
2026-07,rep,Taxes and government spending,single_list,0.092,4,2026-07-06;2026-07-13;2026-07-20;2026-07-27,YouGov/Economist,US registered voters,Which of these is the most important issue for you?,https://yougov.com/en-us/trackers/most-important-issues-facing-the-us,CC BY-NC 4.0 (YouGov public data license)
2026-07,rep,Terrorism,single_list,0.0,4,2026-07-06;2026-07-13;2026-07-20;2026-07-27,YouGov/Economist,US registered voters,Which of these is the most important issue for you?,https://yougov.com/en-us/trackers/most-important-issues-facing-the-us,CC BY-NC 4.0 (YouGov public data license)
2026-07,rep,The budget deficit,single_list,0.0,4,2026-07-06;2026-07-13;2026-07-20;2026-07-27,YouGov/Economist,US registered voters,Which of these is the most important issue for you?,https://yougov.com/en-us/trackers/most-important-issues-facing-the-us,CC BY-NC 4.0 (YouGov public data license)
2026-07,rep,The war in Afghanistan,single_list,0.0,4,2026-07-06;2026-07-13;2026-07-20;2026-07-27,YouGov/Economist,US registered voters,Which of these is the most important issue for you?,https://yougov.com/en-us/trackers/most-important-issues-facing-the-us,CC BY-NC 4.0 (YouGov public data license)
2026-08,all_rv,Abortion,single_list,0.025,4,2026-08-02;2026-08-10;2026-08-17;2026-08-24,YouGov/Economist,US registered voters,Which of these is the most important issue for you?,https://yougov.com/en-us/trackers/most-important-issues-facing-the-us,CC BY-NC 4.0 (YouGov public data license)
2026-08,all_rv,Civil rights and civil liberties,single_list,0.085,4,2026-08-02;2026-08-10;2026-08-17;2026-08-24,YouGov/Economist,US registered voters,Which of these is the most important issue for you?,https://yougov.com/en-us/trackers/most-important-issues-facing-the-us,CC BY-NC 4.0 (YouGov public data license)
2026-08,all_rv,Climate change and the environment,single_list,0.057,4,2026-08-02;2026-08-10;2026-08-17;2026-08-24,YouGov/Economist,US registered voters,Which of these is the most important issue for you?,https://yougov.com/en-us/trackers/most-important-issues-facing-the-us,CC BY-NC 4.0 (YouGov public data license)
2026-08,all_rv,Crime and criminal justice reform,single_list,0.038,4,2026-08-02;2026-08-10;2026-08-17;2026-08-24,YouGov/Economist,US registered voters,Which of these is the most important issue for you?,https://yougov.com/en-us/trackers/most-important-issues-facing-the-us,CC BY-NC 4.0 (YouGov public data license)
2026-08,all_rv,Education,single_list,0.022,4,2026-08-02;2026-08-10;2026-08-17;2026-08-24,YouGov/Economist,US registered voters,Which of these is the most important issue for you?,https://yougov.com/en-us/trackers/most-important-issues-facing-the-us,CC BY-NC 4.0 (YouGov public data license)
2026-08,all_rv,Gay rights,single_list,0.0,4,2026-08-02;2026-08-10;2026-08-17;2026-08-24,YouGov/Economist,US registered voters,Which of these is the most important issue for you?,https://yougov.com/en-us/trackers/most-important-issues-facing-the-us,CC BY-NC 4.0 (YouGov public data license)
2026-08,all_rv,Gun control,single_list,0.018,4,2026-08-02;2026-08-10;2026-08-17;2026-08-24,YouGov/Economist,US registered voters,Which of these is the most important issue for you?,https://yougov.com/en-us/trackers/most-important-issues-facing-the-us,CC BY-NC 4.0 (YouGov public data license)
2026-08,all_rv,Health care,single_list,0.09,4,2026-08-02;2026-08-10;2026-08-17;2026-08-24,YouGov/Economist,US registered voters,Which of these is the most important issue for you?,https://yougov.com/en-us/trackers/most-important-issues-facing-the-us,CC BY-NC 4.0 (YouGov public data license)
2026-08,all_rv,Immigration,single_list,0.08,4,2026-08-02;2026-08-10;2026-08-17;2026-08-24,YouGov/Economist,US registered voters,Which of these is the most important issue for you?,https://yougov.com/en-us/trackers/most-important-issues-facing-the-us,CC BY-NC 4.0 (YouGov public data license)
2026-08,all_rv,Inflation/prices,single_list,0.31,4,2026-08-02;2026-08-10;2026-08-17;2026-08-24,YouGov/Economist,US registered voters,Which of these is the most important issue for you?,https://yougov.com/en-us/trackers/most-important-issues-facing-the-us,CC BY-NC 4.0 (YouGov public data license)
2026-08,all_rv,Jobs and the economy,single_list,0.14,4,2026-08-02;2026-08-10;2026-08-17;2026-08-24,YouGov/Economist,US registered voters,Which of these is the most important issue for you?,https://yougov.com/en-us/trackers/most-important-issues-facing-the-us,CC BY-NC 4.0 (YouGov public data license)
2026-08,all_rv,Medicare,single_list,0.0,4,2026-08-02;2026-08-10;2026-08-17;2026-08-24,YouGov/Economist,US registered voters,Which of these is the most important issue for you?,https://yougov.com/en-us/trackers/most-important-issues-facing-the-us,CC BY-NC 4.0 (YouGov public data license)
2026-08,all_rv,National Security and foreign policy,single_list,0.062,4,2026-08-02;2026-08-10;2026-08-17;2026-08-24,YouGov/Economist,US registered voters,Which of these is the most important issue for you?,https://yougov.com/en-us/trackers/most-important-issues-facing-the-us,CC BY-NC 4.0 (YouGov public data license)
2026-08,all_rv,Social security,single_list,0.0,4,2026-08-02;2026-08-10;2026-08-17;2026-08-24,YouGov/Economist,US registered voters,Which of these is the most important issue for you?,https://yougov.com/en-us/trackers/most-important-issues-facing-the-us,CC BY-NC 4.0 (YouGov public data license)
2026-08,all_rv,Taxes and government spending,single_list,0.078,4,2026-08-02;2026-08-10;2026-08-17;2026-08-24,YouGov/Economist,US registered voters,Which of these is the most important issue for you?,https://yougov.com/en-us/trackers/most-important-issues-facing-the-us,CC BY-NC 4.0 (YouGov public data license)
2026-08,all_rv,Terrorism,single_list,0.0,4,2026-08-02;2026-08-10;2026-08-17;2026-08-24,YouGov/Economist,US registered voters,Which of these is the most important issue for you?,https://yougov.com/en-us/trackers/most-important-issues-facing-the-us,CC BY-NC 4.0 (YouGov public data license)
2026-08,all_rv,The budget deficit,single_list,0.0,4,2026-08-02;2026-08-10;2026-08-17;2026-08-24,YouGov/Economist,US registered voters,Which of these is the most important issue for you?,https://yougov.com/en-us/trackers/most-important-issues-facing-the-us,CC BY-NC 4.0 (YouGov public data license)
2026-08,all_rv,The war in Afghanistan,single_list,0.0,4,2026-08-02;2026-08-10;2026-08-17;2026-08-24,YouGov/Economist,US registered voters,Which of these is the most important issue for you?,https://yougov.com/en-us/trackers/most-important-issues-facing-the-us,CC BY-NC 4.0 (YouGov public data license)
2026-08,dem,Abortion,single_list,0.018,4,2026-08-02;2026-08-10;2026-08-17;2026-08-24,YouGov/Economist,US registered voters,Which of these is the most important issue for you?,https://yougov.com/en-us/trackers/most-important-issues-facing-the-us,CC BY-NC 4.0 (YouGov public data license)
2026-08,dem,Civil rights and civil liberties,single_list,0.16,4,2026-08-02;2026-08-10;2026-08-17;2026-08-24,YouGov/Economist,US registered voters,Which of these is the most important issue for you?,https://yougov.com/en-us/trackers/most-important-issues-facing-the-us,CC BY-NC 4.0 (YouGov public data license)
2026-08,dem,Climate change and the environment,single_list,0.09,4,2026-08-02;2026-08-10;2026-08-17;2026-08-24,YouGov/Economist,US registered voters,Which of these is the most important issue for you?,https://yougov.com/en-us/trackers/most-important-issues-facing-the-us,CC BY-NC 4.0 (YouGov public data license)
2026-08,dem,Crime and criminal justice reform,single_list,0.022,4,2026-08-02;2026-08-10;2026-08-17;2026-08-24,YouGov/Economist,US registered voters,Which of these is the most important issue for you?,https://yougov.com/en-us/trackers/most-important-issues-facing-the-us,CC BY-NC 4.0 (YouGov public data license)
2026-08,dem,Education,single_list,0.03,4,2026-08-02;2026-08-10;2026-08-17;2026-08-24,YouGov/Economist,US registered voters,Which of these is the most important issue for you?,https://yougov.com/en-us/trackers/most-important-issues-facing-the-us,CC BY-NC 4.0 (YouGov public data license)
2026-08,dem,Gay rights,single_list,0.0,4,2026-08-02;2026-08-10;2026-08-17;2026-08-24,YouGov/Economist,US registered voters,Which of these is the most important issue for you?,https://yougov.com/en-us/trackers/most-important-issues-facing-the-us,CC BY-NC 4.0 (YouGov public data license)
2026-08,dem,Gun control,single_list,0.02,4,2026-08-02;2026-08-10;2026-08-17;2026-08-24,YouGov/Economist,US registered voters,Which of these is the most important issue for you?,https://yougov.com/en-us/trackers/most-important-issues-facing-the-us,CC BY-NC 4.0 (YouGov public data license)
2026-08,dem,Health care,single_list,0.128,4,2026-08-02;2026-08-10;2026-08-17;2026-08-24,YouGov/Economist,US registered voters,Which of these is the most important issue for you?,https://yougov.com/en-us/trackers/most-important-issues-facing-the-us,CC BY-NC 4.0 (YouGov public data license)
2026-08,dem,Immigration,single_list,0.015,4,2026-08-02;2026-08-10;2026-08-17;2026-08-24,YouGov/Economist,US registered voters,Which of these is the most important issue for you?,https://yougov.com/en-us/trackers/most-important-issues-facing-the-us,CC BY-NC 4.0 (YouGov public data license)
2026-08,dem,Inflation/prices,single_list,0.312,4,2026-08-02;2026-08-10;2026-08-17;2026-08-24,YouGov/Economist,US registered voters,Which of these is the most important issue for you?,https://yougov.com/en-us/trackers/most-important-issues-facing-the-us,CC BY-NC 4.0 (YouGov public data license)
2026-08,dem,Jobs and the economy,single_list,0.14,4,2026-08-02;2026-08-10;2026-08-17;2026-08-24,YouGov/Economist,US registered voters,Which of these is the most important issue for you?,https://yougov.com/en-us/trackers/most-important-issues-facing-the-us,CC BY-NC 4.0 (YouGov public data license)
2026-08,dem,Medicare,single_list,0.0,4,2026-08-02;2026-08-10;2026-08-17;2026-08-24,YouGov/Economist,US registered voters,Which of these is the most important issue for you?,https://yougov.com/en-us/trackers/most-important-issues-facing-the-us,CC BY-NC 4.0 (YouGov public data license)
2026-08,dem,National Security and foreign policy,single_list,0.025,4,2026-08-02;2026-08-10;2026-08-17;2026-08-24,YouGov/Economist,US registered voters,Which of these is the most important issue for you?,https://yougov.com/en-us/trackers/most-important-issues-facing-the-us,CC BY-NC 4.0 (YouGov public data license)
2026-08,dem,Social security,single_list,0.0,4,2026-08-02;2026-08-10;2026-08-17;2026-08-24,YouGov/Economist,US registered voters,Which of these is the most important issue for you?,https://yougov.com/en-us/trackers/most-important-issues-facing-the-us,CC BY-NC 4.0 (YouGov public data license)
2026-08,dem,Taxes and government spending,single_list,0.038,4,2026-08-02;2026-08-10;2026-08-17;2026-08-24,YouGov/Economist,US registered voters,Which of these is the most important issue for you?,https://yougov.com/en-us/trackers/most-important-issues-facing-the-us,CC BY-NC 4.0 (YouGov public data license)
2026-08,dem,Terrorism,single_list,0.0,4,2026-08-02;2026-08-10;2026-08-17;2026-08-24,YouGov/Economist,US registered voters,Which of these is the most important issue for you?,https://yougov.com/en-us/trackers/most-important-issues-facing-the-us,CC BY-NC 4.0 (YouGov public data license)
2026-08,dem,The budget deficit,single_list,0.0,4,2026-08-02;2026-08-10;2026-08-17;2026-08-24,YouGov/Economist,US registered voters,Which of these is the most important issue for you?,https://yougov.com/en-us/trackers/most-important-issues-facing-the-us,CC BY-NC 4.0 (YouGov public data license)
2026-08,dem,The war in Afghanistan,single_list,0.0,4,2026-08-02;2026-08-10;2026-08-17;2026-08-24,YouGov/Economist,US registered voters,Which of these is the most important issue for you?,https://yougov.com/en-us/trackers/most-important-issues-facing-the-us,CC BY-NC 4.0 (YouGov public data license)
2026-08,ind,Abortion,single_list,0.02,4,2026-08-02;2026-08-10;2026-08-17;2026-08-24,YouGov/Economist,US registered voters,Which of these is the most important issue for you?,https://yougov.com/en-us/trackers/most-important-issues-facing-the-us,CC BY-NC 4.0 (YouGov public data license)
2026-08,ind,Civil rights and civil liberties,single_list,0.09,4,2026-08-02;2026-08-10;2026-08-17;2026-08-24,YouGov/Economist,US registered voters,Which of these is the most important issue for you?,https://yougov.com/en-us/trackers/most-important-issues-facing-the-us,CC BY-NC 4.0 (YouGov public data license)
2026-08,ind,Climate change and the environment,single_list,0.082,4,2026-08-02;2026-08-10;2026-08-17;2026-08-24,YouGov/Economist,US registered voters,Which of these is the most important issue for you?,https://yougov.com/en-us/trackers/most-important-issues-facing-the-us,CC BY-NC 4.0 (YouGov public data license)
2026-08,ind,Crime and criminal justice reform,single_list,0.035,4,2026-08-02;2026-08-10;2026-08-17;2026-08-24,YouGov/Economist,US registered voters,Which of these is the most important issue for you?,https://yougov.com/en-us/trackers/most-important-issues-facing-the-us,CC BY-NC 4.0 (YouGov public data license)
2026-08,ind,Education,single_list,0.022,4,2026-08-02;2026-08-10;2026-08-17;2026-08-24,YouGov/Economist,US registered voters,Which of these is the most important issue for you?,https://yougov.com/en-us/trackers/most-important-issues-facing-the-us,CC BY-NC 4.0 (YouGov public data license)
2026-08,ind,Gay rights,single_list,0.0,4,2026-08-02;2026-08-10;2026-08-17;2026-08-24,YouGov/Economist,US registered voters,Which of these is the most important issue for you?,https://yougov.com/en-us/trackers/most-important-issues-facing-the-us,CC BY-NC 4.0 (YouGov public data license)
2026-08,ind,Gun control,single_list,0.015,4,2026-08-02;2026-08-10;2026-08-17;2026-08-24,YouGov/Economist,US registered voters,Which of these is the most important issue for you?,https://yougov.com/en-us/trackers/most-important-issues-facing-the-us,CC BY-NC 4.0 (YouGov public data license)
2026-08,ind,Health care,single_list,0.092,4,2026-08-02;2026-08-10;2026-08-17;2026-08-24,YouGov/Economist,US registered voters,Which of these is the most important issue for you?,https://yougov.com/en-us/trackers/most-important-issues-facing-the-us,CC BY-NC 4.0 (YouGov public data license)
2026-08,ind,Immigration,single_list,0.055,4,2026-08-02;2026-08-10;2026-08-17;2026-08-24,YouGov/Economist,US registered voters,Which of these is the most important issue for you?,https://yougov.com/en-us/trackers/most-important-issues-facing-the-us,CC BY-NC 4.0 (YouGov public data license)
2026-08,ind,Inflation/prices,single_list,0.278,4,2026-08-02;2026-08-10;2026-08-17;2026-08-24,YouGov/Economist,US registered voters,Which of these is the most important issue for you?,https://yougov.com/en-us/trackers/most-important-issues-facing-the-us,CC BY-NC 4.0 (YouGov public data license)
2026-08,ind,Jobs and the economy,single_list,0.143,4,2026-08-02;2026-08-10;2026-08-17;2026-08-24,YouGov/Economist,US registered voters,Which of these is the most important issue for you?,https://yougov.com/en-us/trackers/most-important-issues-facing-the-us,CC BY-NC 4.0 (YouGov public data license)
2026-08,ind,Medicare,single_list,0.0,4,2026-08-02;2026-08-10;2026-08-17;2026-08-24,YouGov/Economist,US registered voters,Which of these is the most important issue for you?,https://yougov.com/en-us/trackers/most-important-issues-facing-the-us,CC BY-NC 4.0 (YouGov public data license)
2026-08,ind,National Security and foreign policy,single_list,0.068,4,2026-08-02;2026-08-10;2026-08-17;2026-08-24,YouGov/Economist,US registered voters,Which of these is the most important issue for you?,https://yougov.com/en-us/trackers/most-important-issues-facing-the-us,CC BY-NC 4.0 (YouGov public data license)
2026-08,ind,Social security,single_list,0.0,4,2026-08-02;2026-08-10;2026-08-17;2026-08-24,YouGov/Economist,US registered voters,Which of these is the most important issue for you?,https://yougov.com/en-us/trackers/most-important-issues-facing-the-us,CC BY-NC 4.0 (YouGov public data license)
2026-08,ind,Taxes and government spending,single_list,0.095,4,2026-08-02;2026-08-10;2026-08-17;2026-08-24,YouGov/Economist,US registered voters,Which of these is the most important issue for you?,https://yougov.com/en-us/trackers/most-important-issues-facing-the-us,CC BY-NC 4.0 (YouGov public data license)
2026-08,ind,Terrorism,single_list,0.0,4,2026-08-02;2026-08-10;2026-08-17;2026-08-24,YouGov/Economist,US registered voters,Which of these is the most important issue for you?,https://yougov.com/en-us/trackers/most-important-issues-facing-the-us,CC BY-NC 4.0 (YouGov public data license)
2026-08,ind,The budget deficit,single_list,0.0,4,2026-08-02;2026-08-10;2026-08-17;2026-08-24,YouGov/Economist,US registered voters,Which of these is the most important issue for you?,https://yougov.com/en-us/trackers/most-important-issues-facing-the-us,CC BY-NC 4.0 (YouGov public data license)
2026-08,ind,The war in Afghanistan,single_list,0.0,4,2026-08-02;2026-08-10;2026-08-17;2026-08-24,YouGov/Economist,US registered voters,Which of these is the most important issue for you?,https://yougov.com/en-us/trackers/most-important-issues-facing-the-us,CC BY-NC 4.0 (YouGov public data license)
2026-08,rep,Abortion,single_list,0.032,4,2026-08-02;2026-08-10;2026-08-17;2026-08-24,YouGov/Economist,US registered voters,Which of these is the most important issue for you?,https://yougov.com/en-us/trackers/most-important-issues-facing-the-us,CC BY-NC 4.0 (YouGov public data license)
2026-08,rep,Civil rights and civil liberties,single_list,0.01,4,2026-08-02;2026-08-10;2026-08-17;2026-08-24,YouGov/Economist,US registered voters,Which of these is the most important issue for you?,https://yougov.com/en-us/trackers/most-important-issues-facing-the-us,CC BY-NC 4.0 (YouGov public data license)
2026-08,rep,Climate change and the environment,single_list,0.008,4,2026-08-02;2026-08-10;2026-08-17;2026-08-24,YouGov/Economist,US registered voters,Which of these is the most important issue for you?,https://yougov.com/en-us/trackers/most-important-issues-facing-the-us,CC BY-NC 4.0 (YouGov public data license)
2026-08,rep,Crime and criminal justice reform,single_list,0.042,4,2026-08-02;2026-08-10;2026-08-17;2026-08-24,YouGov/Economist,US registered voters,Which of these is the most important issue for you?,https://yougov.com/en-us/trackers/most-important-issues-facing-the-us,CC BY-NC 4.0 (YouGov public data license)
2026-08,rep,Education,single_list,0.018,4,2026-08-02;2026-08-10;2026-08-17;2026-08-24,YouGov/Economist,US registered voters,Which of these is the most important issue for you?,https://yougov.com/en-us/trackers/most-important-issues-facing-the-us,CC BY-NC 4.0 (YouGov public data license)
2026-08,rep,Gay rights,single_list,0.0,4,2026-08-02;2026-08-10;2026-08-17;2026-08-24,YouGov/Economist,US registered voters,Which of these is the most important issue for you?,https://yougov.com/en-us/trackers/most-important-issues-facing-the-us,CC BY-NC 4.0 (YouGov public data license)
2026-08,rep,Gun control,single_list,0.015,4,2026-08-02;2026-08-10;2026-08-17;2026-08-24,YouGov/Economist,US registered voters,Which of these is the most important issue for you?,https://yougov.com/en-us/trackers/most-important-issues-facing-the-us,CC BY-NC 4.0 (YouGov public data license)
2026-08,rep,Health care,single_list,0.052,4,2026-08-02;2026-08-10;2026-08-17;2026-08-24,YouGov/Economist,US registered voters,Which of these is the most important issue for you?,https://yougov.com/en-us/trackers/most-important-issues-facing-the-us,CC BY-NC 4.0 (YouGov public data license)
2026-08,rep,Immigration,single_list,0.158,4,2026-08-02;2026-08-10;2026-08-17;2026-08-24,YouGov/Economist,US registered voters,Which of these is the most important issue for you?,https://yougov.com/en-us/trackers/most-important-issues-facing-the-us,CC BY-NC 4.0 (YouGov public data license)
2026-08,rep,Inflation/prices,single_list,0.332,4,2026-08-02;2026-08-10;2026-08-17;2026-08-24,YouGov/Economist,US registered voters,Which of these is the most important issue for you?,https://yougov.com/en-us/trackers/most-important-issues-facing-the-us,CC BY-NC 4.0 (YouGov public data license)
2026-08,rep,Jobs and the economy,single_list,0.13,4,2026-08-02;2026-08-10;2026-08-17;2026-08-24,YouGov/Economist,US registered voters,Which of these is the most important issue for you?,https://yougov.com/en-us/trackers/most-important-issues-facing-the-us,CC BY-NC 4.0 (YouGov public data license)
2026-08,rep,Medicare,single_list,0.0,4,2026-08-02;2026-08-10;2026-08-17;2026-08-24,YouGov/Economist,US registered voters,Which of these is the most important issue for you?,https://yougov.com/en-us/trackers/most-important-issues-facing-the-us,CC BY-NC 4.0 (YouGov public data license)
2026-08,rep,National Security and foreign policy,single_list,0.1,4,2026-08-02;2026-08-10;2026-08-17;2026-08-24,YouGov/Economist,US registered voters,Which of these is the most important issue for you?,https://yougov.com/en-us/trackers/most-important-issues-facing-the-us,CC BY-NC 4.0 (YouGov public data license)
2026-08,rep,Social security,single_list,0.0,4,2026-08-02;2026-08-10;2026-08-17;2026-08-24,YouGov/Economist,US registered voters,Which of these is the most important issue for you?,https://yougov.com/en-us/trackers/most-important-issues-facing-the-us,CC BY-NC 4.0 (YouGov public data license)
2026-08,rep,Taxes and government spending,single_list,0.1,4,2026-08-02;2026-08-10;2026-08-17;2026-08-24,YouGov/Economist,US registered voters,Which of these is the most important issue for you?,https://yougov.com/en-us/trackers/most-important-issues-facing-the-us,CC BY-NC 4.0 (YouGov public data license)
2026-08,rep,Terrorism,single_list,0.0,4,2026-08-02;2026-08-10;2026-08-17;2026-08-24,YouGov/Economist,US registered voters,Which of these is the most important issue for you?,https://yougov.com/en-us/trackers/most-important-issues-facing-the-us,CC BY-NC 4.0 (YouGov public data license)
2026-08,rep,The budget deficit,single_list,0.0,4,2026-08-02;2026-08-10;2026-08-17;2026-08-24,YouGov/Economist,US registered voters,Which of these is the most important issue for you?,https://yougov.com/en-us/trackers/most-important-issues-facing-the-us,CC BY-NC 4.0 (YouGov public data license)
2026-08,rep,The war in Afghanistan,single_list,0.0,4,2026-08-02;2026-08-10;2026-08-17;2026-08-24,YouGov/Economist,US registered voters,Which of these is the most important issue for you?,https://yougov.com/en-us/trackers/most-important-issues-facing-the-us,CC BY-NC 4.0 (YouGov public data license)
2026-09,all_rv,Abortion,single_list,0.022,4,2026-09-07;2026-09-14;2026-09-21;2026-09-28,YouGov/Economist,US registered voters,Which of these is the most important issue for you?,https://yougov.com/en-us/trackers/most-important-issues-facing-the-us,CC BY-NC 4.0 (YouGov public data license)
2026-09,all_rv,Civil rights and civil liberties,single_list,0.078,4,2026-09-07;2026-09-14;2026-09-21;2026-09-28,YouGov/Economist,US registered voters,Which of these is the most important issue for you?,https://yougov.com/en-us/trackers/most-important-issues-facing-the-us,CC BY-NC 4.0 (YouGov public data license)
2026-09,all_rv,Climate change and the environment,single_list,0.058,4,2026-09-07;2026-09-14;2026-09-21;2026-09-28,YouGov/Economist,US registered voters,Which of these is the most important issue for you?,https://yougov.com/en-us/trackers/most-important-issues-facing-the-us,CC BY-NC 4.0 (YouGov public data license)
2026-09,all_rv,Crime and criminal justice reform,single_list,0.028,4,2026-09-07;2026-09-14;2026-09-21;2026-09-28,YouGov/Economist,US registered voters,Which of these is the most important issue for you?,https://yougov.com/en-us/trackers/most-important-issues-facing-the-us,CC BY-NC 4.0 (YouGov public data license)
2026-09,all_rv,Education,single_list,0.025,4,2026-09-07;2026-09-14;2026-09-21;2026-09-28,YouGov/Economist,US registered voters,Which of these is the most important issue for you?,https://yougov.com/en-us/trackers/most-important-issues-facing-the-us,CC BY-NC 4.0 (YouGov public data license)
2026-09,all_rv,Gay rights,single_list,0.0,4,2026-09-07;2026-09-14;2026-09-21;2026-09-28,YouGov/Economist,US registered voters,Which of these is the most important issue for you?,https://yougov.com/en-us/trackers/most-important-issues-facing-the-us,CC BY-NC 4.0 (YouGov public data license)
2026-09,all_rv,Gun control,single_list,0.015,4,2026-09-07;2026-09-14;2026-09-21;2026-09-28,YouGov/Economist,US registered voters,Which of these is the most important issue for you?,https://yougov.com/en-us/trackers/most-important-issues-facing-the-us,CC BY-NC 4.0 (YouGov public data license)
2026-09,all_rv,Health care,single_list,0.098,4,2026-09-07;2026-09-14;2026-09-21;2026-09-28,YouGov/Economist,US registered voters,Which of these is the most important issue for you?,https://yougov.com/en-us/trackers/most-important-issues-facing-the-us,CC BY-NC 4.0 (YouGov public data license)
2026-09,all_rv,Immigration,single_list,0.073,4,2026-09-07;2026-09-14;2026-09-21;2026-09-28,YouGov/Economist,US registered voters,Which of these is the most important issue for you?,https://yougov.com/en-us/trackers/most-important-issues-facing-the-us,CC BY-NC 4.0 (YouGov public data license)
2026-09,all_rv,Inflation/prices,single_list,0.332,4,2026-09-07;2026-09-14;2026-09-21;2026-09-28,YouGov/Economist,US registered voters,Which of these is the most important issue for you?,https://yougov.com/en-us/trackers/most-important-issues-facing-the-us,CC BY-NC 4.0 (YouGov public data license)
2026-09,all_rv,Jobs and the economy,single_list,0.13,4,2026-09-07;2026-09-14;2026-09-21;2026-09-28,YouGov/Economist,US registered voters,Which of these is the most important issue for you?,https://yougov.com/en-us/trackers/most-important-issues-facing-the-us,CC BY-NC 4.0 (YouGov public data license)
2026-09,all_rv,Medicare,single_list,0.0,4,2026-09-07;2026-09-14;2026-09-21;2026-09-28,YouGov/Economist,US registered voters,Which of these is the most important issue for you?,https://yougov.com/en-us/trackers/most-important-issues-facing-the-us,CC BY-NC 4.0 (YouGov public data license)
2026-09,all_rv,National Security and foreign policy,single_list,0.06,4,2026-09-07;2026-09-14;2026-09-21;2026-09-28,YouGov/Economist,US registered voters,Which of these is the most important issue for you?,https://yougov.com/en-us/trackers/most-important-issues-facing-the-us,CC BY-NC 4.0 (YouGov public data license)
2026-09,all_rv,Social security,single_list,0.0,4,2026-09-07;2026-09-14;2026-09-21;2026-09-28,YouGov/Economist,US registered voters,Which of these is the most important issue for you?,https://yougov.com/en-us/trackers/most-important-issues-facing-the-us,CC BY-NC 4.0 (YouGov public data license)
2026-09,all_rv,Taxes and government spending,single_list,0.075,4,2026-09-07;2026-09-14;2026-09-21;2026-09-28,YouGov/Economist,US registered voters,Which of these is the most important issue for you?,https://yougov.com/en-us/trackers/most-important-issues-facing-the-us,CC BY-NC 4.0 (YouGov public data license)
2026-09,all_rv,Terrorism,single_list,0.0,4,2026-09-07;2026-09-14;2026-09-21;2026-09-28,YouGov/Economist,US registered voters,Which of these is the most important issue for you?,https://yougov.com/en-us/trackers/most-important-issues-facing-the-us,CC BY-NC 4.0 (YouGov public data license)
2026-09,all_rv,The budget deficit,single_list,0.0,4,2026-09-07;2026-09-14;2026-09-21;2026-09-28,YouGov/Economist,US registered voters,Which of these is the most important issue for you?,https://yougov.com/en-us/trackers/most-important-issues-facing-the-us,CC BY-NC 4.0 (YouGov public data license)
2026-09,all_rv,The war in Afghanistan,single_list,0.0,4,2026-09-07;2026-09-14;2026-09-21;2026-09-28,YouGov/Economist,US registered voters,Which of these is the most important issue for you?,https://yougov.com/en-us/trackers/most-important-issues-facing-the-us,CC BY-NC 4.0 (YouGov public data license)
2026-09,dem,Abortion,single_list,0.018,4,2026-09-07;2026-09-14;2026-09-21;2026-09-28,YouGov/Economist,US registered voters,Which of these is the most important issue for you?,https://yougov.com/en-us/trackers/most-important-issues-facing-the-us,CC BY-NC 4.0 (YouGov public data license)
2026-09,dem,Civil rights and civil liberties,single_list,0.132,4,2026-09-07;2026-09-14;2026-09-21;2026-09-28,YouGov/Economist,US registered voters,Which of these is the most important issue for you?,https://yougov.com/en-us/trackers/most-important-issues-facing-the-us,CC BY-NC 4.0 (YouGov public data license)
2026-09,dem,Climate change and the environment,single_list,0.1,4,2026-09-07;2026-09-14;2026-09-21;2026-09-28,YouGov/Economist,US registered voters,Which of these is the most important issue for you?,https://yougov.com/en-us/trackers/most-important-issues-facing-the-us,CC BY-NC 4.0 (YouGov public data license)
2026-09,dem,Crime and criminal justice reform,single_list,0.02,4,2026-09-07;2026-09-14;2026-09-21;2026-09-28,YouGov/Economist,US registered voters,Which of these is the most important issue for you?,https://yougov.com/en-us/trackers/most-important-issues-facing-the-us,CC BY-NC 4.0 (YouGov public data license)
2026-09,dem,Education,single_list,0.035,4,2026-09-07;2026-09-14;2026-09-21;2026-09-28,YouGov/Economist,US registered voters,Which of these is the most important issue for you?,https://yougov.com/en-us/trackers/most-important-issues-facing-the-us,CC BY-NC 4.0 (YouGov public data license)
2026-09,dem,Gay rights,single_list,0.0,4,2026-09-07;2026-09-14;2026-09-21;2026-09-28,YouGov/Economist,US registered voters,Which of these is the most important issue for you?,https://yougov.com/en-us/trackers/most-important-issues-facing-the-us,CC BY-NC 4.0 (YouGov public data license)
2026-09,dem,Gun control,single_list,0.01,4,2026-09-07;2026-09-14;2026-09-21;2026-09-28,YouGov/Economist,US registered voters,Which of these is the most important issue for you?,https://yougov.com/en-us/trackers/most-important-issues-facing-the-us,CC BY-NC 4.0 (YouGov public data license)
2026-09,dem,Health care,single_list,0.148,4,2026-09-07;2026-09-14;2026-09-21;2026-09-28,YouGov/Economist,US registered voters,Which of these is the most important issue for you?,https://yougov.com/en-us/trackers/most-important-issues-facing-the-us,CC BY-NC 4.0 (YouGov public data license)
2026-09,dem,Immigration,single_list,0.012,4,2026-09-07;2026-09-14;2026-09-21;2026-09-28,YouGov/Economist,US registered voters,Which of these is the most important issue for you?,https://yougov.com/en-us/trackers/most-important-issues-facing-the-us,CC BY-NC 4.0 (YouGov public data license)
2026-09,dem,Inflation/prices,single_list,0.34,4,2026-09-07;2026-09-14;2026-09-21;2026-09-28,YouGov/Economist,US registered voters,Which of these is the most important issue for you?,https://yougov.com/en-us/trackers/most-important-issues-facing-the-us,CC BY-NC 4.0 (YouGov public data license)
2026-09,dem,Jobs and the economy,single_list,0.12,4,2026-09-07;2026-09-14;2026-09-21;2026-09-28,YouGov/Economist,US registered voters,Which of these is the most important issue for you?,https://yougov.com/en-us/trackers/most-important-issues-facing-the-us,CC BY-NC 4.0 (YouGov public data license)
2026-09,dem,Medicare,single_list,0.0,4,2026-09-07;2026-09-14;2026-09-21;2026-09-28,YouGov/Economist,US registered voters,Which of these is the most important issue for you?,https://yougov.com/en-us/trackers/most-important-issues-facing-the-us,CC BY-NC 4.0 (YouGov public data license)
2026-09,dem,National Security and foreign policy,single_list,0.028,4,2026-09-07;2026-09-14;2026-09-21;2026-09-28,YouGov/Economist,US registered voters,Which of these is the most important issue for you?,https://yougov.com/en-us/trackers/most-important-issues-facing-the-us,CC BY-NC 4.0 (YouGov public data license)
2026-09,dem,Social security,single_list,0.0,4,2026-09-07;2026-09-14;2026-09-21;2026-09-28,YouGov/Economist,US registered voters,Which of these is the most important issue for you?,https://yougov.com/en-us/trackers/most-important-issues-facing-the-us,CC BY-NC 4.0 (YouGov public data license)
2026-09,dem,Taxes and government spending,single_list,0.038,4,2026-09-07;2026-09-14;2026-09-21;2026-09-28,YouGov/Economist,US registered voters,Which of these is the most important issue for you?,https://yougov.com/en-us/trackers/most-important-issues-facing-the-us,CC BY-NC 4.0 (YouGov public data license)
2026-09,dem,Terrorism,single_list,0.0,4,2026-09-07;2026-09-14;2026-09-21;2026-09-28,YouGov/Economist,US registered voters,Which of these is the most important issue for you?,https://yougov.com/en-us/trackers/most-important-issues-facing-the-us,CC BY-NC 4.0 (YouGov public data license)
2026-09,dem,The budget deficit,single_list,0.0,4,2026-09-07;2026-09-14;2026-09-21;2026-09-28,YouGov/Economist,US registered voters,Which of these is the most important issue for you?,https://yougov.com/en-us/trackers/most-important-issues-facing-the-us,CC BY-NC 4.0 (YouGov public data license)
2026-09,dem,The war in Afghanistan,single_list,0.0,4,2026-09-07;2026-09-14;2026-09-21;2026-09-28,YouGov/Economist,US registered voters,Which of these is the most important issue for you?,https://yougov.com/en-us/trackers/most-important-issues-facing-the-us,CC BY-NC 4.0 (YouGov public data license)
2026-09,ind,Abortion,single_list,0.018,4,2026-09-07;2026-09-14;2026-09-21;2026-09-28,YouGov/Economist,US registered voters,Which of these is the most important issue for you?,https://yougov.com/en-us/trackers/most-important-issues-facing-the-us,CC BY-NC 4.0 (YouGov public data license)
2026-09,ind,Civil rights and civil liberties,single_list,0.092,4,2026-09-07;2026-09-14;2026-09-21;2026-09-28,YouGov/Economist,US registered voters,Which of these is the most important issue for you?,https://yougov.com/en-us/trackers/most-important-issues-facing-the-us,CC BY-NC 4.0 (YouGov public data license)
2026-09,ind,Climate change and the environment,single_list,0.073,4,2026-09-07;2026-09-14;2026-09-21;2026-09-28,YouGov/Economist,US registered voters,Which of these is the most important issue for you?,https://yougov.com/en-us/trackers/most-important-issues-facing-the-us,CC BY-NC 4.0 (YouGov public data license)
2026-09,ind,Crime and criminal justice reform,single_list,0.032,4,2026-09-07;2026-09-14;2026-09-21;2026-09-28,YouGov/Economist,US registered voters,Which of these is the most important issue for you?,https://yougov.com/en-us/trackers/most-important-issues-facing-the-us,CC BY-NC 4.0 (YouGov public data license)
2026-09,ind,Education,single_list,0.025,4,2026-09-07;2026-09-14;2026-09-21;2026-09-28,YouGov/Economist,US registered voters,Which of these is the most important issue for you?,https://yougov.com/en-us/trackers/most-important-issues-facing-the-us,CC BY-NC 4.0 (YouGov public data license)
2026-09,ind,Gay rights,single_list,0.0,4,2026-09-07;2026-09-14;2026-09-21;2026-09-28,YouGov/Economist,US registered voters,Which of these is the most important issue for you?,https://yougov.com/en-us/trackers/most-important-issues-facing-the-us,CC BY-NC 4.0 (YouGov public data license)
2026-09,ind,Gun control,single_list,0.008,4,2026-09-07;2026-09-14;2026-09-21;2026-09-28,YouGov/Economist,US registered voters,Which of these is the most important issue for you?,https://yougov.com/en-us/trackers/most-important-issues-facing-the-us,CC BY-NC 4.0 (YouGov public data license)
2026-09,ind,Health care,single_list,0.085,4,2026-09-07;2026-09-14;2026-09-21;2026-09-28,YouGov/Economist,US registered voters,Which of these is the most important issue for you?,https://yougov.com/en-us/trackers/most-important-issues-facing-the-us,CC BY-NC 4.0 (YouGov public data license)
2026-09,ind,Immigration,single_list,0.068,4,2026-09-07;2026-09-14;2026-09-21;2026-09-28,YouGov/Economist,US registered voters,Which of these is the most important issue for you?,https://yougov.com/en-us/trackers/most-important-issues-facing-the-us,CC BY-NC 4.0 (YouGov public data license)
2026-09,ind,Inflation/prices,single_list,0.312,4,2026-09-07;2026-09-14;2026-09-21;2026-09-28,YouGov/Economist,US registered voters,Which of these is the most important issue for you?,https://yougov.com/en-us/trackers/most-important-issues-facing-the-us,CC BY-NC 4.0 (YouGov public data license)
2026-09,ind,Jobs and the economy,single_list,0.15,4,2026-09-07;2026-09-14;2026-09-21;2026-09-28,YouGov/Economist,US registered voters,Which of these is the most important issue for you?,https://yougov.com/en-us/trackers/most-important-issues-facing-the-us,CC BY-NC 4.0 (YouGov public data license)
2026-09,ind,Medicare,single_list,0.0,4,2026-09-07;2026-09-14;2026-09-21;2026-09-28,YouGov/Economist,US registered voters,Which of these is the most important issue for you?,https://yougov.com/en-us/trackers/most-important-issues-facing-the-us,CC BY-NC 4.0 (YouGov public data license)
2026-09,ind,National Security and foreign policy,single_list,0.058,4,2026-09-07;2026-09-14;2026-09-21;2026-09-28,YouGov/Economist,US registered voters,Which of these is the most important issue for you?,https://yougov.com/en-us/trackers/most-important-issues-facing-the-us,CC BY-NC 4.0 (YouGov public data license)
2026-09,ind,Social security,single_list,0.0,4,2026-09-07;2026-09-14;2026-09-21;2026-09-28,YouGov/Economist,US registered voters,Which of these is the most important issue for you?,https://yougov.com/en-us/trackers/most-important-issues-facing-the-us,CC BY-NC 4.0 (YouGov public data license)
2026-09,ind,Taxes and government spending,single_list,0.082,4,2026-09-07;2026-09-14;2026-09-21;2026-09-28,YouGov/Economist,US registered voters,Which of these is the most important issue for you?,https://yougov.com/en-us/trackers/most-important-issues-facing-the-us,CC BY-NC 4.0 (YouGov public data license)
2026-09,ind,Terrorism,single_list,0.0,4,2026-09-07;2026-09-14;2026-09-21;2026-09-28,YouGov/Economist,US registered voters,Which of these is the most important issue for you?,https://yougov.com/en-us/trackers/most-important-issues-facing-the-us,CC BY-NC 4.0 (YouGov public data license)
2026-09,ind,The budget deficit,single_list,0.0,4,2026-09-07;2026-09-14;2026-09-21;2026-09-28,YouGov/Economist,US registered voters,Which of these is the most important issue for you?,https://yougov.com/en-us/trackers/most-important-issues-facing-the-us,CC BY-NC 4.0 (YouGov public data license)
2026-09,ind,The war in Afghanistan,single_list,0.0,4,2026-09-07;2026-09-14;2026-09-21;2026-09-28,YouGov/Economist,US registered voters,Which of these is the most important issue for you?,https://yougov.com/en-us/trackers/most-important-issues-facing-the-us,CC BY-NC 4.0 (YouGov public data license)
2026-09,rep,Abortion,single_list,0.035,4,2026-09-07;2026-09-14;2026-09-21;2026-09-28,YouGov/Economist,US registered voters,Which of these is the most important issue for you?,https://yougov.com/en-us/trackers/most-important-issues-facing-the-us,CC BY-NC 4.0 (YouGov public data license)
2026-09,rep,Civil rights and civil liberties,single_list,0.018,4,2026-09-07;2026-09-14;2026-09-21;2026-09-28,YouGov/Economist,US registered voters,Which of these is the most important issue for you?,https://yougov.com/en-us/trackers/most-important-issues-facing-the-us,CC BY-NC 4.0 (YouGov public data license)
2026-09,rep,Climate change and the environment,single_list,0.01,4,2026-09-07;2026-09-14;2026-09-21;2026-09-28,YouGov/Economist,US registered voters,Which of these is the most important issue for you?,https://yougov.com/en-us/trackers/most-important-issues-facing-the-us,CC BY-NC 4.0 (YouGov public data license)
2026-09,rep,Crime and criminal justice reform,single_list,0.038,4,2026-09-07;2026-09-14;2026-09-21;2026-09-28,YouGov/Economist,US registered voters,Which of these is the most important issue for you?,https://yougov.com/en-us/trackers/most-important-issues-facing-the-us,CC BY-NC 4.0 (YouGov public data license)
2026-09,rep,Education,single_list,0.02,4,2026-09-07;2026-09-14;2026-09-21;2026-09-28,YouGov/Economist,US registered voters,Which of these is the most important issue for you?,https://yougov.com/en-us/trackers/most-important-issues-facing-the-us,CC BY-NC 4.0 (YouGov public data license)
2026-09,rep,Gay rights,single_list,0.0,4,2026-09-07;2026-09-14;2026-09-21;2026-09-28,YouGov/Economist,US registered voters,Which of these is the most important issue for you?,https://yougov.com/en-us/trackers/most-important-issues-facing-the-us,CC BY-NC 4.0 (YouGov public data license)
2026-09,rep,Gun control,single_list,0.018,4,2026-09-07;2026-09-14;2026-09-21;2026-09-28,YouGov/Economist,US registered voters,Which of these is the most important issue for you?,https://yougov.com/en-us/trackers/most-important-issues-facing-the-us,CC BY-NC 4.0 (YouGov public data license)
2026-09,rep,Health care,single_list,0.06,4,2026-09-07;2026-09-14;2026-09-21;2026-09-28,YouGov/Economist,US registered voters,Which of these is the most important issue for you?,https://yougov.com/en-us/trackers/most-important-issues-facing-the-us,CC BY-NC 4.0 (YouGov public data license)
2026-09,rep,Immigration,single_list,0.13,4,2026-09-07;2026-09-14;2026-09-21;2026-09-28,YouGov/Economist,US registered voters,Which of these is the most important issue for you?,https://yougov.com/en-us/trackers/most-important-issues-facing-the-us,CC BY-NC 4.0 (YouGov public data license)
2026-09,rep,Inflation/prices,single_list,0.345,4,2026-09-07;2026-09-14;2026-09-21;2026-09-28,YouGov/Economist,US registered voters,Which of these is the most important issue for you?,https://yougov.com/en-us/trackers/most-important-issues-facing-the-us,CC BY-NC 4.0 (YouGov public data license)
2026-09,rep,Jobs and the economy,single_list,0.128,4,2026-09-07;2026-09-14;2026-09-21;2026-09-28,YouGov/Economist,US registered voters,Which of these is the most important issue for you?,https://yougov.com/en-us/trackers/most-important-issues-facing-the-us,CC BY-NC 4.0 (YouGov public data license)
2026-09,rep,Medicare,single_list,0.0,4,2026-09-07;2026-09-14;2026-09-21;2026-09-28,YouGov/Economist,US registered voters,Which of these is the most important issue for you?,https://yougov.com/en-us/trackers/most-important-issues-facing-the-us,CC BY-NC 4.0 (YouGov public data license)
2026-09,rep,National Security and foreign policy,single_list,0.092,4,2026-09-07;2026-09-14;2026-09-21;2026-09-28,YouGov/Economist,US registered voters,Which of these is the most important issue for you?,https://yougov.com/en-us/trackers/most-important-issues-facing-the-us,CC BY-NC 4.0 (YouGov public data license)
2026-09,rep,Social security,single_list,0.0,4,2026-09-07;2026-09-14;2026-09-21;2026-09-28,YouGov/Economist,US registered voters,Which of these is the most important issue for you?,https://yougov.com/en-us/trackers/most-important-issues-facing-the-us,CC BY-NC 4.0 (YouGov public data license)
2026-09,rep,Taxes and government spending,single_list,0.103,4,2026-09-07;2026-09-14;2026-09-21;2026-09-28,YouGov/Economist,US registered voters,Which of these is the most important issue for you?,https://yougov.com/en-us/trackers/most-important-issues-facing-the-us,CC BY-NC 4.0 (YouGov public data license)
2026-09,rep,Terrorism,single_list,0.0,4,2026-09-07;2026-09-14;2026-09-21;2026-09-28,YouGov/Economist,US registered voters,Which of these is the most important issue for you?,https://yougov.com/en-us/trackers/most-important-issues-facing-the-us,CC BY-NC 4.0 (YouGov public data license)
2026-09,rep,The budget deficit,single_list,0.0,4,2026-09-07;2026-09-14;2026-09-21;2026-09-28,YouGov/Economist,US registered voters,Which of these is the most important issue for you?,https://yougov.com/en-us/trackers/most-important-issues-facing-the-us,CC BY-NC 4.0 (YouGov public data license)
2026-09,rep,The war in Afghanistan,single_list,0.0,4,2026-09-07;2026-09-14;2026-09-21;2026-09-28,YouGov/Economist,US registered voters,Which of these is the most important issue for you?,https://yougov.com/en-us/trackers/most-important-issues-facing-the-us,CC BY-NC 4.0 (YouGov public data license)
