week,group,issue,share,weighted_base,method,source,url
2025-01-07,all_rv,Abortion,0.05,1238.0,two_step,YouGov/Economist,https://yougov.com/en-us/trackers/most-important-issues-facing-the-us
2025-01-07,all_rv,Civil rights and civil liberties,0.08,1238.0,two_step,YouGov/Economist,https://yougov.com/en-us/trackers/most-important-issues-facing-the-us
2025-01-07,all_rv,Climate change and the environment,0.07,1238.0,two_step,YouGov/Economist,https://yougov.com/en-us/trackers/most-important-issues-facing-the-us
2025-01-07,all_rv,Crime and criminal justice reform,0.03,1238.0,two_step,YouGov/Economist,https://yougov.com/en-us/trackers/most-important-issues-facing-the-us
2025-01-07,all_rv,Education,0.02,1238.0,two_step,YouGov/Economist,https://yougov.com/en-us/trackers/most-important-issues-facing-the-us
2025-01-07,all_rv,Gay rights,0.0,1238.0,two_step,YouGov/Economist,https://yougov.com/en-us/trackers/most-important-issues-facing-the-us
2025-01-07,all_rv,Gun control,0.03,1238.0,two_step,YouGov/Economist,https://yougov.com/en-us/trackers/most-important-issues-facing-the-us
2025-01-07,all_rv,Health care,0.12,1238.0,two_step,YouGov/Economist,https://yougov.com/en-us/trackers/most-important-issues-facing-the-us
2025-01-07,all_rv,Immigration,0.11,1238.0,two_step,YouGov/Economist,https://yougov.com/en-us/trackers/most-important-issues-facing-the-us
2025-01-07,all_rv,Jobs and the economy,0.11,1238.0,two_step,YouGov/Economist,https://yougov.com/en-us/trackers/most-important-issues-facing-the-us
2025-01-07,all_rv,Medicare,0.0,1238.0,two_step,YouGov/Economist,https://yougov.com/en-us/trackers/most-important-issues-facing-the-us
2025-01-07,all_rv,National Security and foreign policy,0.06,1238.0,two_step,YouGov/Economist,https://yougov.com/en-us/trackers/most-important-issues-facing-the-us
2025-01-07,all_rv,Social security,0.0,1238.0,two_step,YouGov/Economist,https://yougov.com/en-us/trackers/most-important-issues-facing-the-us
2025-01-07,all_rv,Taxes and government spending,0.05,1238.0,two_step,YouGov/Economist,https://yougov.com/en-us/trackers/most-important-issues-facing-the-us
2025-01-07,all_rv,Terrorism,0.0,1238.0,two_step,YouGov/Economist,https://yougov.com/en-us/trackers/most-important-issues-facing-the-us
2025-01-07,all_rv,The budget deficit,0.0,1238.0,two_step,YouGov/Economist,https://yougov.com/en-us/trackers/most-important-issues-facing-the-us
2025-01-07,all_rv,The war in Afghanistan,0.0,1238.0,two_step,YouGov/Economist,https://yougov.com/en-us/trackers/most-important-issues-facing-the-us
2025-01-07,all_rv,Inflation/prices,0.25,1238.0,two_step,YouGov/Economist,https://yougov.com/en-us/trackers/most-important-issues-facing-the-us
2025-01-13,all_rv,Abortion,0.05,1137.0,two_step,YouGov/Economist,https://yougov.com/en-us/trackers/most-important-issues-facing-the-us
2025-01-13,all_rv,Civil rights and civil liberties,0.06,1137.0,two_step,YouGov/Economist,https://yougov.com/en-us/trackers/most-important-issues-facing-the-us
2025-01-13,all_rv,Climate change and the environment,0.09,1137.0,two_step,YouGov/Economist,https://yougov.com/en-us/trackers/most-important-issues-facing-the-us
2025-01-13,all_rv,Crime and criminal justice reform,0.03,1137.0,two_step,YouGov/Economist,https://yougov.com/en-us/trackers/most-important-issues-facing-the-us
2025-01-13,all_rv,Education,0.03,1137.0,two_step,YouGov/Economist,https://yougov.com/en-us/trackers/most-important-issues-facing-the-us
2025-01-13,all_rv,Gay rights,0.0,1137.0,two_step,YouGov/Economist,https://yougov.com/en-us/trackers/most-important-issues-facing-the-us
2025-01-13,all_rv,Gun control,0.03,1137.0,two_step,YouGov/Economist,https://yougov.com/en-us/trackers/most-important-issues-facing-the-us
2025-01-13,all_rv,Health care,0.13,1137.0,two_step,YouGov/Economist,https://yougov.com/en-us/trackers/most-important-issues-facing-the-us
2025-01-13,all_rv,Immigration,0.1,1137.0,two_step,YouGov/Economist,https://yougov.com/en-us/trackers/most-important-issues-facing-the-us
2025-01-13,all_rv,Jobs and the economy,0.13,1137.0,two_step,YouGov/Economist,https://yougov.com/en-us/trackers/most-important-issues-facing-the-us
2025-01-13,all_rv,Medicare,0.0,1137.0,two_step,YouGov/Economist,https://yougov.com/en-us/trackers/most-important-issues-facing-the-us
2025-01-13,all_rv,National Security and foreign policy,0.09,1137.0,two_step,YouGov/Economist,https://yougov.com/en-us/trackers/most-important-issues-facing-the-us
2025-01-13,all_rv,Social security,0.0,1137.0,two_step,YouGov/Economist,https://yougov.com/en-us/trackers/most-important-issues-facing-the-us
2025-01-13,all_rv,Taxes and government spending,0.05,1137.0,two_step,YouGov/Economist,https://yougov.com/en-us/trackers/most-important-issues-facing-the-us
2025-01-13,all_rv,Terrorism,0.0,1137.0,two_step,YouGov/Economist,https://yougov.com/en-us/trackers/most-important-issues-facing-the-us
2025-01-13,all_rv,The budget deficit,0.0,1137.0,two_step,YouGov/Economist,https://yougov.com/en-us/trackers/most-important-issues-facing-the-us
2025-01-13,all_rv,The war in Afghanistan,0.0,1137.0,two_step,YouGov/Economist,https://yougov.com/en-us/trackers/most-important-issues-facing-the-us
2025-01-13,all_rv,Inflation/prices,0.21,1137.0,two_step,YouGov/Economist,https://yougov.com/en-us/trackers/most-important-issues-facing-the-us
2025-01-20,all_rv,Abortion,0.05,1174.0,two_step,YouGov/Economist,https://yougov.com/en-us/trackers/most-important-issues-facing-the-us
2025-01-20,all_rv,Civil rights and civil liberties,0.08,1174.0,two_step,YouGov/Economist,https://yougov.com/en-us/trackers/most-important-issues-facing-the-us
2025-01-20,all_rv,Climate change and the environment,0.09,1174.0,two_step,YouGov/Economist,https://yougov.com/en-us/trackers/most-important-issues-facing-the-us
2025-01-20,all_rv,Crime and criminal justice reform,0.03,1174.0,two_step,YouGov/Economist,https://yougov.com/en-us/trackers/most-important-issues-facing-the-us
2025-01-20,all_rv,Education,0.02,1174.0,two_step,YouGov/Economist,https://yougov.com/en-us/trackers/most-important-issues-facing-the-us
2025-01-20,all_rv,Gay rights,0.0,1174.0,two_step,YouGov/Economist,https://yougov.com/en-us/trackers/most-important-issues-facing-the-us
2025-01-20,all_rv,Gun control,0.03,1174.0,two_step,YouGov/Economist,https://yougov.com/en-us/trackers/most-important-issues-facing-the-us
2025-01-20,all_rv,Health care,0.11,1174.0,two_step,YouGov/Economist,https://yougov.com/en-us/trackers/most-important-issues-facing-the-us
2025-01-20,all_rv,Immigration,0.11,1174.0,two_step,YouGov/Economist,https://yougov.com/en-us/trackers/most-important-issues-facing-the-us
2025-01-20,all_rv,Jobs and the economy,0.1,1174.0,two_step,YouGov/Economist,https://yougov.com/en-us/trackers/most-important-issues-facing-the-us
2025-01-20,all_rv,Medicare,0.0,1174.0,two_step,YouGov/Economist,https://yougov.com/en-us/trackers/most-important-issues-facing-the-us
2025-01-20,all_rv,National Security and foreign policy,0.07,1174.0,two_step,YouGov/Economist,https://yougov.com/en-us/trackers/most-important-issues-facing-the-us
2025-01-20,all_rv,Social security,0.0,1174.0,two_step,YouGov/Economist,https://yougov.com/en-us/trackers/most-important-issues-facing-the-us
2025-01-20,all_rv,Taxes and government spending,0.06,1174.0,two_step,YouGov/Economist,https://yougov.com/en-us/trackers/most-important-issues-facing-the-us
2025-01-20,all_rv,Terrorism,0.0,1174.0,two_step,YouGov/Economist,https://yougov.com/en-us/trackers/most-important-issues-facing-the-us
2025-01-20,all_rv,The budget deficit,0.0,1174.0,two_step,YouGov/Economist,https://yougov.com/en-us/trackers/most-important-issues-facing-the-us
2025-01-20,all_rv,The war in Afghanistan,0.0,1174.0,two_step,YouGov/Economist,https://yougov.com/en-us/trackers/most-important-issues-facing-the-us
2025-01-20,all_rv,Inflation/prices,0.24,1174.0,two_step,YouGov/Economist,https://yougov.com/en-us/trackers/most-important-issues-facing-the-us
2025-01-28,all_rv,Abortion,0.05,1144.0,two_step,YouGov/Economist,https://yougov.com/en-us/trackers/most-important-issues-facing-the-us
2025-01-28,all_rv,Civil rights and civil liberties,0.1,1144.0,two_step,YouGov/Economist,https://yougov.com/en-us/trackers/most-important-issues-facing-the-us
2025-01-28,all_rv,Climate change and the environment,0.08,1144.0,two_step,YouGov/Economist,https://yougov.com/en-us/trackers/most-important-issues-facing-the-us
2025-01-28,all_rv,Crime and criminal justice reform,0.03,1144.0,two_step,YouGov/Economist,https://yougov.com/en-us/trackers/most-important-issues-facing-the-us
2025-01-28,all_rv,Education,0.03,1144.0,two_step,YouGov/Economist,https://yougov.com/en-us/trackers/most-important-issues-facing-the-us
2025-01-28,all_rv,Gay rights,0.0,1144.0,two_step,YouGov/Economist,https://yougov.com/en-us/trackers/most-important-issues-facing-the-us
2025-01-28,all_rv,Gun control,0.03,1144.0,two_step,YouGov/Economist,https://yougov.com/en-us/trackers/most-important-issues-facing-the-us
2025-01-28,all_rv,Health care,0.09,1144.0,two_step,YouGov/Economist,https://yougov.com/en-us/trackers/most-important-issues-facing-the-us
2025-01-28,all_rv,Immigration,0.13,1144.0,two_step,YouGov/Economist,https://yougov.com/en-us/trackers/most-important-issues-facing-the-us
2025-01-28,all_rv,Jobs and the economy,0.1,1144.0,two_step,YouGov/Economist,https://yougov.com/en-us/trackers/most-important-issues-facing-the-us
2025-01-28,all_rv,Medicare,0.0,1144.0,two_step,YouGov/Economist,https://yougov.com/en-us/trackers/most-important-issues-facing-the-us
2025-01-28,all_rv,National Security and foreign policy,0.07,1144.0,two_step,YouGov/Economist,https://yougov.com/en-us/trackers/most-important-issues-facing-the-us
2025-01-28,all_rv,Social security,0.0,1144.0,two_step,YouGov/Economist,https://yougov.com/en-us/trackers/most-important-issues-facing-the-us
2025-01-28,all_rv,Taxes and government spending,0.06,1144.0,two_step,YouGov/Economist,https://yougov.com/en-us/trackers/most-important-issues-facing-the-us
2025-01-28,all_rv,Terrorism,0.0,1144.0,two_step,YouGov/Economist,https://yougov.com/en-us/trackers/most-important-issues-facing-the-us
2025-01-28,all_rv,The budget deficit,0.0,1144.0,two_step,YouGov/Economist,https://yougov.com/en-us/trackers/most-important-issues-facing-the-us
2025-01-28,all_rv,The war in Afghanistan,0.0,1144.0,two_step,YouGov/Economist,https://yougov.com/en-us/trackers/most-important-issues-facing-the-us
2025-01-28,all_rv,Inflation/prices,0.23,1144.0,two_step,YouGov/Economist,https://yougov.com/en-us/trackers/most-important-issues-facing-the-us
2025-02-04,all_rv,Abortion,0.05,1164.0,two_step,YouGov/Economist,https://yougov.com/en-us/trackers/most-important-issues-facing-the-us
2025-02-04,all_rv,Civil rights and civil liberties,0.12,1164.0,two_step,YouGov/Economist,https://yougov.com/en-us/trackers/most-important-issues-facing-the-us
2025-02-04,all_rv,Climate change and the environment,0.08,1164.0,two_step,YouGov/Economist,https://yougov.com/en-us/trackers/most-important-issues-facing-the-us
2025-02-04,all_rv,Crime and criminal justice reform,0.02,1164.0,two_step,YouGov/Economist,https://yougov.com/en-us/trackers/most-important-issues-facing-the-us
2025-02-04,all_rv,Education,0.02,1164.0,two_step,YouGov/Economist,https://yougov.com/en-us/trackers/most-important-issues-facing-the-us
2025-02-04,all_rv,Gay rights,0.0,1164.0,two_step,YouGov/Economist,https://yougov.com/en-us/trackers/most-important-issues-facing-the-us
2025-02-04,all_rv,Gun control,0.03,1164.0,two_step,YouGov/Economist,https://yougov.com/en-us/trackers/most-important-issues-facing-the-us
2025-02-04,all_rv,Health care,0.09,1164.0,two_step,YouGov/Economist,https://yougov.com/en-us/trackers/most-important-issues-facing-the-us
2025-02-04,all_rv,Immigration,0.11,1164.0,two_step,YouGov/Economist,https://yougov.com/en-us/trackers/most-important-issues-facing-the-us
2025-02-04,all_rv,Jobs and the economy,0.12,1164.0,two_step,YouGov/Economist,https://yougov.com/en-us/trackers/most-important-issues-facing-the-us
2025-02-04,all_rv,Medicare,0.0,1164.0,two_step,YouGov/Economist,https://yougov.com/en-us/trackers/most-important-issues-facing-the-us
2025-02-04,all_rv,National Security and foreign policy,0.06,1164.0,two_step,YouGov/Economist,https://yougov.com/en-us/trackers/most-important-issues-facing-the-us
2025-02-04,all_rv,Social security,0.0,1164.0,two_step,YouGov/Economist,https://yougov.com/en-us/trackers/most-important-issues-facing-the-us
2025-02-04,all_rv,Taxes and government spending,0.06,1164.0,two_step,YouGov/Economist,https://yougov.com/en-us/trackers/most-important-issues-facing-the-us
2025-02-04,all_rv,Terrorism,0.0,1164.0,two_step,YouGov/Economist,https://yougov.com/en-us/trackers/most-important-issues-facing-the-us
2025-02-04,all_rv,The budget deficit,0.0,1164.0,two_step,YouGov/Economist,https://yougov.com/en-us/trackers/most-important-issues-facing-the-us
2025-02-04,all_rv,The war in Afghanistan,0.0,1164.0,two_step,YouGov/Economist,https://yougov.com/en-us/trackers/most-important-issues-facing-the-us
2025-02-04,all_rv,Inflation/prices,0.24,1164.0,two_step,YouGov/Economist,https://yougov.com/en-us/trackers/most-important-issues-facing-the-us
2025-02-11,all_rv,Abortion,0.04,1171.0,two_step,YouGov/Economist,https://yougov.com/en-us/trackers/most-important-issues-facing-the-us
2025-02-11,all_rv,Civil rights and civil liberties,0.12,1171.0,two_step,YouGov/Economist,https://yougov.com/en-us/trackers/most-important-issues-facing-the-us
2025-02-11,all_rv,Climate change and the environment,0.07,1171.0,two_step,YouGov/Economist,https://yougov.com/en-us/trackers/most-important-issues-facing-the-us
2025-02-11,all_rv,Crime and criminal justice reform,0.01,1171.0,two_step,YouGov/Economist,https://yougov.com/en-us/trackers/most-important-issues-facing-the-us
2025-02-11,all_rv,Education,0.02,1171.0,two_step,YouGov/Economist,https://yougov.com/en-us/trackers/most-important-issues-facing-the-us
2025-02-11,all_rv,Gay rights,0.0,1171.0,two_step,YouGov/Economist,https://yougov.com/en-us/trackers/most-important-issues-facing-the-us
2025-02-11,all_rv,Gun control,0.03,1171.0,two_step,YouGov/Economist,https://yougov.com/en-us/trackers/most-important-issues-facing-the-us
2025-02-11,all_rv,Health care,0.12,1171.0,two_step,YouGov/Economist,https://yougov.com/en-us/trackers/most-important-issues-facing-the-us
2025-02-11,all_rv,Immigration,0.1,1171.0,two_step,YouGov/Economist,https://yougov.com/en-us/trackers/most-important-issues-facing-the-us
2025-02-11,all_rv,Jobs and the economy,0.09,1171.0,two_step,YouGov/Economist,https://yougov.com/en-us/trackers/most-important-issues-facing-the-us
2025-02-11,all_rv,Medicare,0.0,1171.0,two_step,YouGov/Economist,https://yougov.com/en-us/trackers/most-important-issues-facing-the-us
2025-02-11,all_rv,National Security and foreign policy,0.09,1171.0,two_step,YouGov/Economist,https://yougov.com/en-us/trackers/most-important-issues-facing-the-us
2025-02-11,all_rv,Social security,0.0,1171.0,two_step,YouGov/Economist,https://yougov.com/en-us/trackers/most-important-issues-facing-the-us
2025-02-11,all_rv,Taxes and government spending,0.09,1171.0,two_step,YouGov/Economist,https://yougov.com/en-us/trackers/most-important-issues-facing-the-us
2025-02-11,all_rv,Terrorism,0.0,1171.0,two_step,YouGov/Economist,https://yougov.com/en-us/trackers/most-important-issues-facing-the-us
2025-02-11,all_rv,The budget deficit,0.0,1171.0,two_step,YouGov/Economist,https://yougov.com/en-us/trackers/most-important-issues-facing-the-us
2025-02-11,all_rv,The war in Afghanistan,0.0,1171.0,two_step,YouGov/Economist,https://yougov.com/en-us/trackers/most-important-issues-facing-the-us
2025-02-11,all_rv,Inflation/prices,0.21,1171.0,two_step,YouGov/Economist,https://yougov.com/en-us/trackers/most-important-issues-facing-the-us
2025-02-18,all_rv,Abortion,0.04,1172.0,two_step,YouGov/Economist,https://yougov.com/en-us/trackers/most-important-issues-facing-the-us
2025-02-18,all_rv,Civil rights and civil liberties,0.12,1172.0,two_step,YouGov/Economist,https://yougov.com/en-us/trackers/most-important-issues-facing-the-us
2025-02-18,all_rv,Climate change and the environment,0.06,1172.0,two_step,YouGov/Economist,https://yougov.com/en-us/trackers/most-important-issues-facing-the-us
2025-02-18,all_rv,Crime and criminal justice reform,0.03,1172.0,two_step,YouGov/Economist,https://yougov.com/en-us/trackers/most-important-issues-facing-the-us
2025-02-18,all_rv,Education,0.03,1172.0,two_step,YouGov/Economist,https://yougov.com/en-us/trackers/most-important-issues-facing-the-us
2025-02-18,all_rv,Gay rights,0.0,1172.0,two_step,YouGov/Economist,https://yougov.com/en-us/trackers/most-important-issues-facing-the-us
2025-02-18,all_rv,Gun control,0.02,1172.0,two_step,YouGov/Economist,https://yougov.com/en-us/trackers/most-important-issues-facing-the-us
2025-02-18,all_rv,Health care,0.11,1172.0,two_step,YouGov/Economist,https://yougov.com/en-us/trackers/most-important-issues-facing-the-us
2025-02-18,all_rv,Immigration,0.11,1172.0,two_step,YouGov/Economist,https://yougov.com/en-us/trackers/most-important-issues-facing-the-us
2025-02-18,all_rv,Jobs and the economy,0.11,1172.0,two_step,YouGov/Economist,https://yougov.com/en-us/trackers/most-important-issues-facing-the-us
2025-02-18,all_rv,Medicare,0.0,1172.0,two_step,YouGov/Economist,https://yougov.com/en-us/trackers/most-important-issues-facing-the-us
2025-02-18,all_rv,National Security and foreign policy,0.06,1172.0,two_step,YouGov/Economist,https://yougov.com/en-us/trackers/most-important-issues-facing-the-us
2025-02-18,all_rv,Social security,0.0,1172.0,two_step,YouGov/Economist,https://yougov.com/en-us/trackers/most-important-issues-facing-the-us
2025-02-18,all_rv,Taxes and government spending,0.08,1172.0,two_step,YouGov/Economist,https://yougov.com/en-us/trackers/most-important-issues-facing-the-us
2025-02-18,all_rv,Terrorism,0.0,1172.0,two_step,YouGov/Economist,https://yougov.com/en-us/trackers/most-important-issues-facing-the-us
2025-02-18,all_rv,The budget deficit,0.0,1172.0,two_step,YouGov/Economist,https://yougov.com/en-us/trackers/most-important-issues-facing-the-us
2025-02-18,all_rv,The war in Afghanistan,0.0,1172.0,two_step,YouGov/Economist,https://yougov.com/en-us/trackers/most-important-issues-facing-the-us
2025-02-18,all_rv,Inflation/prices,0.24,1172.0,two_step,YouGov/Economist,https://yougov.com/en-us/trackers/most-important-issues-facing-the-us
2025-02-25,all_rv,Abortion,0.04,1171.0,two_step,YouGov/Economist,https://yougov.com/en-us/trackers/most-important-issues-facing-the-us
2025-02-25,all_rv,Civil rights and civil liberties,0.11,1171.0,two_step,YouGov/Economist,https://yougov.com/en-us/trackers/most-important-issues-facing-the-us
2025-02-25,all_rv,Climate change and the environment,0.08,1171.0,two_step,YouGov/Economist,https://yougov.com/en-us/trackers/most-important-issues-facing-the-us
2025-02-25,all_rv,Crime and criminal justice reform,0.03,1171.0,two_step,YouGov/Economist,https://yougov.com/en-us/trackers/most-important-issues-facing-the-us
2025-02-25,all_rv,Education,0.03,1171.0,two_step,YouGov/Economist,https://yougov.com/en-us/trackers/most-important-issues-facing-the-us
2025-02-25,all_rv,Gay rights,0.0,1171.0,two_step,YouGov/Economist,https://yougov.com/en-us/trackers/most-important-issues-facing-the-us
2025-02-25,all_rv,Gun control,0.03,1171.0,two_step,YouGov/Economist,https://yougov.com/en-us/trackers/most-important-issues-facing-the-us
2025-02-25,all_rv,Health care,0.1,1171.0,two_step,YouGov/Economist,https://yougov.com/en-us/trackers/most-important-issues-facing-the-us
2025-02-25,all_rv,Immigration,0.1,1171.0,two_step,YouGov/Economist,https://yougov.com/en-us/trackers/most-important-issues-facing-the-us
2025-02-25,all_rv,Jobs and the economy,0.12,1171.0,two_step,YouGov/Economist,https://yougov.com/en-us/trackers/most-important-issues-facing-the-us
2025-02-25,all_rv,Medicare,0.0,1171.0,two_step,YouGov/Economist,https://yougov.com/en-us/trackers/most-important-issues-facing-the-us
2025-02-25,all_rv,National Security and foreign policy,0.08,1171.0,two_step,YouGov/Economist,https://yougov.com/en-us/trackers/most-important-issues-facing-the-us
2025-02-25,all_rv,Social security,0.0,1171.0,two_step,YouGov/Economist,https://yougov.com/en-us/trackers/most-important-issues-facing-the-us
2025-02-25,all_rv,Taxes and government spending,0.08,1171.0,two_step,YouGov/Economist,https://yougov.com/en-us/trackers/most-important-issues-facing-the-us
2025-02-25,all_rv,Terrorism,0.0,1171.0,two_step,YouGov/Economist,https://yougov.com/en-us/trackers/most-important-issues-facing-the-us
2025-02-25,all_rv,The budget deficit,0.0,1171.0,two_step,YouGov/Economist,https://yougov.com/en-us/trackers/most-important-issues-facing-the-us
2025-02-25,all_rv,The war in Afghanistan,0.0,1171.0,two_step,YouGov/Economist,https://yougov.com/en-us/trackers/most-important-issues-facing-the-us
2025-02-25,all_rv,Inflation/prices,0.21,1171.0,two_step,YouGov/Economist,https://yougov.com/en-us/trackers/most-important-issues-facing-the-us
2025-03-04,all_rv,Abortion,0.04,1216.0,two_step,YouGov/Economist,https://yougov.com/en-us/trackers/most-important-issues-facing-the-us
2025-03-04,all_rv,Civil rights and civil liberties,0.1,1216.0,two_step,YouGov/Economist,https://yougov.com/en-us/trackers/most-important-issues-facing-the-us
2025-03-04,all_rv,Climate change and the environment,0.05,1216.0,two_step,YouGov/Economist,https://yougov.com/en-us/trackers/most-important-issues-facing-the-us
2025-03-04,all_rv,Crime and criminal justice reform,0.02,1216.0,two_step,YouGov/Economist,https://yougov.com/en-us/trackers/most-important-issues-facing-the-us
2025-03-04,all_rv,Education,0.03,1216.0,two_step,YouGov/Economist,https://yougov.com/en-us/trackers/most-important-issues-facing-the-us
2025-03-04,all_rv,Gay rights,0.0,1216.0,two_step,YouGov/Economist,https://yougov.com/en-us/trackers/most-important-issues-facing-the-us
2025-03-04,all_rv,Gun control,0.02,1216.0,two_step,YouGov/Economist,https://yougov.com/en-us/trackers/most-important-issues-facing-the-us
2025-03-04,all_rv,Health care,0.11,1216.0,two_step,YouGov/Economist,https://yougov.com/en-us/trackers/most-important-issues-facing-the-us
2025-03-04,all_rv,Immigration,0.09,1216.0,two_step,YouGov/Economist,https://yougov.com/en-us/trackers/most-important-issues-facing-the-us
2025-03-04,all_rv,Jobs and the economy,0.11,1216.0,two_step,YouGov/Economist,https://yougov.com/en-us/trackers/most-important-issues-facing-the-us
2025-03-04,all_rv,Medicare,0.0,1216.0,two_step,YouGov/Economist,https://yougov.com/en-us/trackers/most-important-issues-facing-the-us
2025-03-04,all_rv,National Security and foreign policy,0.1,1216.0,two_step,YouGov/Economist,https://yougov.com/en-us/trackers/most-important-issues-facing-the-us
2025-03-04,all_rv,Social security,0.0,1216.0,two_step,YouGov/Economist,https://yougov.com/en-us/trackers/most-important-issues-facing-the-us
2025-03-04,all_rv,Taxes and government spending,0.08,1216.0,two_step,YouGov/Economist,https://yougov.com/en-us/trackers/most-important-issues-facing-the-us
2025-03-04,all_rv,Terrorism,0.0,1216.0,two_step,YouGov/Economist,https://yougov.com/en-us/trackers/most-important-issues-facing-the-us
2025-03-04,all_rv,The budget deficit,0.0,1216.0,two_step,YouGov/Economist,https://yougov.com/en-us/trackers/most-important-issues-facing-the-us
2025-03-04,all_rv,The war in Afghanistan,0.0,1216.0,two_step,YouGov/Economist,https://yougov.com/en-us/trackers/most-important-issues-facing-the-us
2025-03-04,all_rv,Inflation/prices,0.24,1216.0,two_step,YouGov/Economist,https://yougov.com/en-us/trackers/most-important-issues-facing-the-us
2025-03-11,all_rv,Abortion,0.04,1244.0,two_step,YouGov/Economist,https://yougov.com/en-us/trackers/most-important-issues-facing-the-us
2025-03-11,all_rv,Civil rights and civil liberties,0.1,1244.0,two_step,YouGov/Economist,https://yougov.com/en-us/trackers/most-important-issues-facing-the-us
2025-03-11,all_rv,Climate change and the environment,0.07,1244.0,two_step,YouGov/Economist,https://yougov.com/en-us/trackers/most-important-issues-facing-the-us
2025-03-11,all_rv,Crime and criminal justice reform,0.03,1244.0,two_step,YouGov/Economist,https://yougov.com/en-us/trackers/most-important-issues-facing-the-us
2025-03-11,all_rv,Education,0.03,1244.0,two_step,YouGov/Economist,https://yougov.com/en-us/trackers/most-important-issues-facing-the-us
2025-03-11,all_rv,Gay rights,0.0,1244.0,two_step,YouGov/Economist,https://yougov.com/en-us/trackers/most-important-issues-facing-the-us
2025-03-11,all_rv,Gun control,0.02,1244.0,two_step,YouGov/Economist,https://yougov.com/en-us/trackers/most-important-issues-facing-the-us
2025-03-11,all_rv,Health care,0.1,1244.0,two_step,YouGov/Economist,https://yougov.com/en-us/trackers/most-important-issues-facing-the-us
2025-03-11,all_rv,Immigration,0.08,1244.0,two_step,YouGov/Economist,https://yougov.com/en-us/trackers/most-important-issues-facing-the-us
2025-03-11,all_rv,Jobs and the economy,0.11,1244.0,two_step,YouGov/Economist,https://yougov.com/en-us/trackers/most-important-issues-facing-the-us
2025-03-11,all_rv,Medicare,0.0,1244.0,two_step,YouGov/Economist,https://yougov.com/en-us/trackers/most-important-issues-facing-the-us
2025-03-11,all_rv,National Security and foreign policy,0.09,1244.0,two_step,YouGov/Economist,https://yougov.com/en-us/trackers/most-important-issues-facing-the-us
2025-03-11,all_rv,Social security,0.0,1244.0,two_step,YouGov/Economist,https://yougov.com/en-us/trackers/most-important-issues-facing-the-us
2025-03-11,all_rv,Taxes and government spending,0.09,1244.0,two_step,YouGov/Economist,https://yougov.com/en-us/trackers/most-important-issues-facing-the-us
2025-03-11,all_rv,Terrorism,0.0,1244.0,two_step,YouGov/Economist,https://yougov.com/en-us/trackers/most-important-issues-facing-the-us
2025-03-11,all_rv,The budget deficit,0.0,1244.0,two_step,YouGov/Economist,https://yougov.com/en-us/trackers/most-important-issues-facing-the-us
2025-03-11,all_rv,The war in Afghanistan,0.0,1244.0,two_step,YouGov/Economist,https://yougov.com/en-us/trackers/most-important-issues-facing-the-us
2025-03-11,all_rv,Inflation/prices,0.24,1244.0,two_step,YouGov/Economist,https://yougov.com/en-us/trackers/most-important-issues-facing-the-us
2025-03-18,all_rv,Abortion,0.04,1183.0,two_step,YouGov/Economist,https://yougov.com/en-us/trackers/most-important-issues-facing-the-us
2025-03-18,all_rv,Civil rights and civil liberties,0.11,1183.0,two_step,YouGov/Economist,https://yougov.com/en-us/trackers/most-important-issues-facing-the-us
2025-03-18,all_rv,Climate change and the environment,0.07,1183.0,two_step,YouGov/Economist,https://yougov.com/en-us/trackers/most-important-issues-facing-the-us
2025-03-18,all_rv,Crime and criminal justice reform,0.03,1183.0,two_step,YouGov/Economist,https://yougov.com/en-us/trackers/most-important-issues-facing-the-us
2025-03-18,all_rv,Education,0.03,1183.0,two_step,YouGov/Economist,https://yougov.com/en-us/trackers/most-important-issues-facing-the-us
2025-03-18,all_rv,Gay rights,0.0,1183.0,two_step,YouGov/Economist,https://yougov.com/en-us/trackers/most-important-issues-facing-the-us
2025-03-18,all_rv,Gun control,0.02,1183.0,two_step,YouGov/Economist,https://yougov.com/en-us/trackers/most-important-issues-facing-the-us
2025-03-18,all_rv,Health care,0.11,1183.0,two_step,YouGov/Economist,https://yougov.com/en-us/trackers/most-important-issues-facing-the-us
2025-03-18,all_rv,Immigration,0.09,1183.0,two_step,YouGov/Economist,https://yougov.com/en-us/trackers/most-important-issues-facing-the-us
2025-03-18,all_rv,Jobs and the economy,0.12,1183.0,two_step,YouGov/Economist,https://yougov.com/en-us/trackers/most-important-issues-facing-the-us
2025-03-18,all_rv,Medicare,0.0,1183.0,two_step,YouGov/Economist,https://yougov.com/en-us/trackers/most-important-issues-facing-the-us
2025-03-18,all_rv,National Security and foreign policy,0.09,1183.0,two_step,YouGov/Economist,https://yougov.com/en-us/trackers/most-important-issues-facing-the-us
2025-03-18,all_rv,Social security,0.0,1183.0,two_step,YouGov/Economist,https://yougov.com/en-us/trackers/most-important-issues-facing-the-us
2025-03-18,all_rv,Taxes and government spending,0.08,1183.0,two_step,YouGov/Economist,https://yougov.com/en-us/trackers/most-important-issues-facing-the-us
2025-03-18,all_rv,Terrorism,0.0,1183.0,two_step,YouGov/Economist,https://yougov.com/en-us/trackers/most-important-issues-facing-the-us
2025-03-18,all_rv,The budget deficit,0.0,1183.0,two_step,YouGov/Economist,https://yougov.com/en-us/trackers/most-important-issues-facing-the-us
2025-03-18,all_rv,The war in Afghanistan,0.0,1183.0,two_step,YouGov/Economist,https://yougov.com/en-us/trackers/most-important-issues-facing-the-us
2025-03-18,all_rv,Inflation/prices,0.21,1183.0,two_step,YouGov/Economist,https://yougov.com/en-us/trackers/most-important-issues-facing-the-us
2025-03-25,all_rv,Abortion,0.03,1167.0,two_step,YouGov/Economist,https://yougov.com/en-us/trackers/most-important-issues-facing-the-us
2025-03-25,all_rv,Civil rights and civil liberties,0.13,1167.0,two_step,YouGov/Economist,https://yougov.com/en-us/trackers/most-important-issues-facing-the-us
2025-03-25,all_rv,Climate change and the environment,0.05,1167.0,two_step,YouGov/Economist,https://yougov.com/en-us/trackers/most-important-issues-facing-the-us
2025-03-25,all_rv,Crime and criminal justice reform,0.02,1167.0,two_step,YouGov/Economist,https://yougov.com/en-us/trackers/most-important-issues-facing-the-us
2025-03-25,all_rv,Education,0.04,1167.0,two_step,YouGov/Economist,https://yougov.com/en-us/trackers/most-important-issues-facing-the-us
2025-03-25,all_rv,Gay rights,0.0,1167.0,two_step,YouGov/Economist,https://yougov.com/en-us/trackers/most-important-issues-facing-the-us
2025-03-25,all_rv,Gun control,0.02,1167.0,two_step,YouGov/Economist,https://yougov.com/en-us/trackers/most-important-issues-facing-the-us
2025-03-25,all_rv,Health care,0.11,1167.0,two_step,YouGov/Economist,https://yougov.com/en-us/trackers/most-important-issues-facing-the-us
2025-03-25,all_rv,Immigration,0.09,1167.0,two_step,YouGov/Economist,https://yougov.com/en-us/trackers/most-important-issues-facing-the-us
2025-03-25,all_rv,Jobs and the economy,0.12,1167.0,two_step,YouGov/Economist,https://yougov.com/en-us/trackers/most-important-issues-facing-the-us
2025-03-25,all_rv,Medicare,0.0,1167.0,two_step,YouGov/Economist,https://yougov.com/en-us/trackers/most-important-issues-facing-the-us
2025-03-25,all_rv,National Security and foreign policy,0.07,1167.0,two_step,YouGov/Economist,https://yougov.com/en-us/trackers/most-important-issues-facing-the-us
2025-03-25,all_rv,Social security,0.0,1167.0,two_step,YouGov/Economist,https://yougov.com/en-us/trackers/most-important-issues-facing-the-us
2025-03-25,all_rv,Taxes and government spending,0.07,1167.0,two_step,YouGov/Economist,https://yougov.com/en-us/trackers/most-important-issues-facing-the-us
2025-03-25,all_rv,Terrorism,0.0,1167.0,two_step,YouGov/Economist,https://yougov.com/en-us/trackers/most-important-issues-facing-the-us
2025-03-25,all_rv,The budget deficit,0.0,1167.0,two_step,YouGov/Economist,https://yougov.com/en-us/trackers/most-important-issues-facing-the-us
2025-03-25,all_rv,The war in Afghanistan,0.0,1167.0,two_step,YouGov/Economist,https://yougov.com/en-us/trackers/most-important-issues-facing-the-us
2025-03-25,all_rv,Inflation/prices,0.23,1167.0,two_step,YouGov/Economist,https://yougov.com/en-us/trackers/most-important-issues-facing-the-us
2025-04-01,all_rv,Abortion,0.03,1180.0,two_step,YouGov/Economist,https://yougov.com/en-us/trackers/most-important-issues-facing-the-us
2025-04-01,all_rv,Civil rights and civil liberties,0.12,1180.0,two_step,YouGov/Economist,https://yougov.com/en-us/trackers/most-important-issues-facing-the-us
2025-04-01,all_rv,Climate change and the environment,0.07,1180.0,two_step,YouGov/Economist,https://yougov.com/en-us/trackers/most-important-issues-facing-the-us
2025-04-01,all_rv,Crime and criminal justice reform,0.03,1180.0,two_step,YouGov/Economist,https://yougov.com/en-us/trackers/most-important-issues-facing-the-us
2025-04-01,all_rv,Education,0.03,1180.0,two_step,YouGov/Economist,https://yougov.com/en-us/trackers/most-important-issues-facing-the-us
2025-04-01,all_rv,Gay rights,0.0,1180.0,two_step,YouGov/Economist,https://yougov.com/en-us/trackers/most-important-issues-facing-the-us
2025-04-01,all_rv,Gun control,0.01,1180.0,two_step,YouGov/Economist,https://yougov.com/en-us/trackers/most-important-issues-facing-the-us
2025-04-01,all_rv,Health care,0.11,1180.0,two_step,YouGov/Economist,https://yougov.com/en-us/trackers/most-important-issues-facing-the-us
2025-04-01,all_rv,Immigration,0.07,1180.0,two_step,YouGov/Economist,https://yougov.com/en-us/trackers/most-important-issues-facing-the-us
2025-04-01,all_rv,Jobs and the economy,0.11,1180.0,two_step,YouGov/Economist,https://yougov.com/en-us/trackers/most-important-issues-facing-the-us
2025-04-01,all_rv,Medicare,0.0,1180.0,two_step,YouGov/Economist,https://yougov.com/en-us/trackers/most-important-issues-facing-the-us
2025-04-01,all_rv,National Security and foreign policy,0.08,1180.0,two_step,YouGov/Economist,https://yougov.com/en-us/trackers/most-important-issues-facing-the-us
2025-04-01,all_rv,Social security,0.0,1180.0,two_step,YouGov/Economist,https://yougov.com/en-us/trackers/most-important-issues-facing-the-us
2025-04-01,all_rv,Taxes and government spending,0.09,1180.0,two_step,YouGov/Economist,https://yougov.com/en-us/trackers/most-important-issues-facing-the-us
2025-04-01,all_rv,Terrorism,0.0,1180.0,two_step,YouGov/Economist,https://yougov.com/en-us/trackers/most-important-issues-facing-the-us
2025-04-01,all_rv,The budget deficit,0.0,1180.0,two_step,YouGov/Economist,https://yougov.com/en-us/trackers/most-important-issues-facing-the-us
2025-04-01,all_rv,The war in Afghanistan,0.0,1180.0,two_step,YouGov/Economist,https://yougov.com/en-us/trackers/most-important-issues-facing-the-us
2025-04-01,all_rv,Inflation/prices,0.24,1180.0,two_step,YouGov/Economist,https://yougov.com/en-us/trackers/most-important-issues-facing-the-us
2025-04-07,all_rv,Abortion,0.03,1265.0,two_step,YouGov/Economist,https://yougov.com/en-us/trackers/most-important-issues-facing-the-us
2025-04-07,all_rv,Civil rights and civil liberties,0.13,1265.0,two_step,YouGov/Economist,https://yougov.com/en-us/trackers/most-important-issues-facing-the-us
2025-04-07,all_rv,Climate change and the environment,0.06,1265.0,two_step,YouGov/Economist,https://yougov.com/en-us/trackers/most-important-issues-facing-the-us
2025-04-07,all_rv,Crime and criminal justice reform,0.04,1265.0,two_step,YouGov/Economist,https://yougov.com/en-us/trackers/most-important-issues-facing-the-us
2025-04-07,all_rv,Education,0.03,1265.0,two_step,YouGov/Economist,https://yougov.com/en-us/trackers/most-important-issues-facing-the-us
2025-04-07,all_rv,Gay rights,0.0,1265.0,two_step,YouGov/Economist,https://yougov.com/en-us/trackers/most-important-issues-facing-the-us
2025-04-07,all_rv,Gun control,0.03,1265.0,two_step,YouGov/Economist,https://yougov.com/en-us/trackers/most-important-issues-facing-the-us
2025-04-07,all_rv,Health care,0.11,1265.0,two_step,YouGov/Economist,https://yougov.com/en-us/trackers/most-important-issues-facing-the-us
2025-04-07,all_rv,Immigration,0.07,1265.0,two_step,YouGov/Economist,https://yougov.com/en-us/trackers/most-important-issues-facing-the-us
2025-04-07,all_rv,Jobs and the economy,0.12,1265.0,two_step,YouGov/Economist,https://yougov.com/en-us/trackers/most-important-issues-facing-the-us
2025-04-07,all_rv,Medicare,0.0,1265.0,two_step,YouGov/Economist,https://yougov.com/en-us/trackers/most-important-issues-facing-the-us
2025-04-07,all_rv,National Security and foreign policy,0.07,1265.0,two_step,YouGov/Economist,https://yougov.com/en-us/trackers/most-important-issues-facing-the-us
2025-04-07,all_rv,Social security,0.0,1265.0,two_step,YouGov/Economist,https://yougov.com/en-us/trackers/most-important-issues-facing-the-us
2025-04-07,all_rv,Taxes and government spending,0.09,1265.0,two_step,YouGov/Economist,https://yougov.com/en-us/trackers/most-important-issues-facing-the-us
2025-04-07,all_rv,Terrorism,0.0,1265.0,two_step,YouGov/Economist,https://yougov.com/en-us/trackers/most-important-issues-facing-the-us
2025-04-07,all_rv,The budget deficit,0.0,1265.0,two_step,YouGov/Economist,https://yougov.com/en-us/trackers/most-important-issues-facing-the-us
2025-04-07,all_rv,The war in Afghanistan,0.0,1265.0,two_step,YouGov/Economist,https://yougov.com/en-us/trackers/most-important-issues-facing-the-us
2025-04-07,all_rv,Inflation/prices,0.22,1265.0,two_step,YouGov/Economist,https://yougov.com/en-us/trackers/most-important-issues-facing-the-us
2025-04-14,all_rv,Abortion,0.04,1100.0,two_step,YouGov/Economist,https://yougov.com/en-us/trackers/most-important-issues-facing-the-us
2025-04-14,all_rv,Civil rights and civil liberties,0.13,1100.0,two_step,YouGov/Economist,https://yougov.com/en-us/trackers/most-important-issues-facing-the-us
2025-04-14,all_rv,Climate change and the environment,0.07,1100.0,two_step,YouGov/Economist,https://yougov.com/en-us/trackers/most-important-issues-facing-the-us
2025-04-14,all_rv,Crime and criminal justice reform,0.02,1100.0,two_step,YouGov/Economist,https://yougov.com/en-us/trackers/most-important-issues-facing-the-us
2025-04-14,all_rv,Education,0.03,1100.0,two_step,YouGov/Economist,https://yougov.com/en-us/trackers/most-important-issues-facing-the-us
2025-04-14,all_rv,Gay rights,0.0,1100.0,two_step,YouGov/Economist,https://yougov.com/en-us/trackers/most-important-issues-facing-the-us
2025-04-14,all_rv,Gun control,0.02,1100.0,two_step,YouGov/Economist,https://yougov.com/en-us/trackers/most-important-issues-facing-the-us
2025-04-14,all_rv,Health care,0.1,1100.0,two_step,YouGov/Economist,https://yougov.com/en-us/trackers/most-important-issues-facing-the-us
2025-04-14,all_rv,Immigration,0.08,1100.0,two_step,YouGov/Economist,https://yougov.com/en-us/trackers/most-important-issues-facing-the-us
2025-04-14,all_rv,Jobs and the economy,0.11,1100.0,two_step,YouGov/Economist,https://yougov.com/en-us/trackers/most-important-issues-facing-the-us
2025-04-14,all_rv,Medicare,0.0,1100.0,two_step,YouGov/Economist,https://yougov.com/en-us/trackers/most-important-issues-facing-the-us
2025-04-14,all_rv,National Security and foreign policy,0.06,1100.0,two_step,YouGov/Economist,https://yougov.com/en-us/trackers/most-important-issues-facing-the-us
2025-04-14,all_rv,Social security,0.0,1100.0,two_step,YouGov/Economist,https://yougov.com/en-us/trackers/most-important-issues-facing-the-us
2025-04-14,all_rv,Taxes and government spending,0.09,1100.0,two_step,YouGov/Economist,https://yougov.com/en-us/trackers/most-important-issues-facing-the-us
2025-04-14,all_rv,Terrorism,0.0,1100.0,two_step,YouGov/Economist,https://yougov.com/en-us/trackers/most-important-issues-facing-the-us
2025-04-14,all_rv,The budget deficit,0.0,1100.0,two_step,YouGov/Economist,https://yougov.com/en-us/trackers/most-important-issues-facing-the-us
2025-04-14,all_rv,The war in Afghanistan,0.0,1100.0,two_step,YouGov/Economist,https://yougov.com/en-us/trackers/most-important-issues-facing-the-us
2025-04-14,all_rv,Inflation/prices,0.25,1100.0,two_step,YouGov/Economist,https://yougov.com/en-us/trackers/most-important-issues-facing-the-us
2025-04-22,all_rv,Abortion,0.04,1184.0,two_step,YouGov/Economist,https://yougov.com/en-us/trackers/most-important-issues-facing-the-us
2025-04-22,all_rv,Civil rights and civil liberties,0.17,1184.0,two_step,YouGov/Economist,https://yougov.com/en-us/trackers/most-important-issues-facing-the-us
2025-04-22,all_rv,Climate change and the environment,0.06,1184.0,two_step,YouGov/Economist,https://yougov.com/en-us/trackers/most-important-issues-facing-the-us
2025-04-22,all_rv,Crime and criminal justice reform,0.03,1184.0,two_step,YouGov/Economist,https://yougov.com/en-us/trackers/most-important-issues-facing-the-us
2025-04-22,all_rv,Education,0.03,1184.0,two_step,YouGov/Economist,https://yougov.com/en-us/trackers/most-important-issues-facing-the-us
2025-04-22,all_rv,Gay rights,0.0,1184.0,two_step,YouGov/Economist,https://yougov.com/en-us/trackers/most-important-issues-facing-the-us
2025-04-22,all_rv,Gun control,0.02,1184.0,two_step,YouGov/Economist,https://yougov.com/en-us/trackers/most-important-issues-facing-the-us
2025-04-22,all_rv,Health care,0.07,1184.0,two_step,YouGov/Economist,https://yougov.com/en-us/trackers/most-important-issues-facing-the-us
2025-04-22,all_rv,Immigration,0.1,1184.0,two_step,YouGov/Economist,https://yougov.com/en-us/trackers/most-important-issues-facing-the-us
2025-04-22,all_rv,Jobs and the economy,0.11,1184.0,two_step,YouGov/Economist,https://yougov.com/en-us/trackers/most-important-issues-facing-the-us
2025-04-22,all_rv,Medicare,0.0,1184.0,two_step,YouGov/Economist,https://yougov.com/en-us/trackers/most-important-issues-facing-the-us
2025-04-22,all_rv,National Security and foreign policy,0.1,1184.0,two_step,YouGov/Economist,https://yougov.com/en-us/trackers/most-important-issues-facing-the-us
2025-04-22,all_rv,Social security,0.0,1184.0,two_step,YouGov/Economist,https://yougov.com/en-us/trackers/most-important-issues-facing-the-us
2025-04-22,all_rv,Taxes and government spending,0.08,1184.0,two_step,YouGov/Economist,https://yougov.com/en-us/trackers/most-important-issues-facing-the-us
2025-04-22,all_rv,Terrorism,0.0,1184.0,two_step,YouGov/Economist,https://yougov.com/en-us/trackers/most-important-issues-facing-the-us
2025-04-22,all_rv,The budget deficit,0.0,1184.0,two_step,YouGov/Economist,https://yougov.com/en-us/trackers/most-important-issues-facing-the-us
2025-04-22,all_rv,The war in Afghanistan,0.0,1184.0,two_step,YouGov/Economist,https://yougov.com/en-us/trackers/most-important-issues-facing-the-us
2025-04-22,all_rv,Inflation/prices,0.21,1184.0,two_step,YouGov/Economist,https://yougov.com/en-us/trackers/most-important-issues-facing-the-us
2025-04-28,all_rv,Abortion,0.03,1307.0,two_step,YouGov/Economist,https://yougov.com/en-us/trackers/most-important-issues-facing-the-us
2025-04-28,all_rv,Civil rights and civil liberties,0.15,1307.0,two_step,YouGov/Economist,https://yougov.com/en-us/trackers/most-important-issues-facing-the-us
2025-04-28,all_rv,Climate change and the environment,0.06,1307.0,two_step,YouGov/Economist,https://yougov.com/en-us/trackers/most-important-issues-facing-the-us
2025-04-28,all_rv,Crime and criminal justice reform,0.03,1307.0,two_step,YouGov/Economist,https://yougov.com/en-us/trackers/most-important-issues-facing-the-us
2025-04-28,all_rv,Education,0.02,1307.0,two_step,YouGov/Economist,https://yougov.com/en-us/trackers/most-important-issues-facing-the-us
2025-04-28,all_rv,Gay rights,0.0,1307.0,two_step,YouGov/Economist,https://yougov.com/en-us/trackers/most-important-issues-facing-the-us
2025-04-28,all_rv,Gun control,0.02,1307.0,two_step,YouGov/Economist,https://yougov.com/en-us/trackers/most-important-issues-facing-the-us
2025-04-28,all_rv,Health care,0.09,1307.0,two_step,YouGov/Economist,https://yougov.com/en-us/trackers/most-important-issues-facing-the-us
2025-04-28,all_rv,Immigration,0.08,1307.0,two_step,YouGov/Economist,https://yougov.com/en-us/trackers/most-important-issues-facing-the-us
2025-04-28,all_rv,Jobs and the economy,0.15,1307.0,two_step,YouGov/Economist,https://yougov.com/en-us/trackers/most-important-issues-facing-the-us
2025-04-28,all_rv,Medicare,0.0,1307.0,two_step,YouGov/Economist,https://yougov.com/en-us/trackers/most-important-issues-facing-the-us
2025-04-28,all_rv,National Security and foreign policy,0.07,1307.0,two_step,YouGov/Economist,https://yougov.com/en-us/trackers/most-important-issues-facing-the-us
2025-04-28,all_rv,Social security,0.0,1307.0,two_step,YouGov/Economist,https://yougov.com/en-us/trackers/most-important-issues-facing-the-us
2025-04-28,all_rv,Taxes and government spending,0.07,1307.0,two_step,YouGov/Economist,https://yougov.com/en-us/trackers/most-important-issues-facing-the-us
2025-04-28,all_rv,Terrorism,0.0,1307.0,two_step,YouGov/Economist,https://yougov.com/en-us/trackers/most-important-issues-facing-the-us
2025-04-28,all_rv,The budget deficit,0.0,1307.0,two_step,YouGov/Economist,https://yougov.com/en-us/trackers/most-important-issues-facing-the-us
2025-04-28,all_rv,The war in Afghanistan,0.0,1307.0,two_step,YouGov/Economist,https://yougov.com/en-us/trackers/most-important-issues-facing-the-us
2025-04-28,all_rv,Inflation/prices,0.21,1307.0,two_step,YouGov/Economist,https://yougov.com/en-us/trackers/most-important-issues-facing-the-us
2025-05-04,all_rv,Abortion,0.03,1351.0,two_step,YouGov/Economist,https://yougov.com/en-us/trackers/most-important-issues-facing-the-us
2025-05-04,all_rv,Civil rights and civil liberties,0.13,1351.0,two_step,YouGov/Economist,https://yougov.com/en-us/trackers/most-important-issues-facing-the-us
2025-05-04,all_rv,Climate change and the environment,0.07,1351.0,two_step,YouGov/Economist,https://yougov.com/en-us/trackers/most-important-issues-facing-the-us
2025-05-04,all_rv,Crime and criminal justice reform,0.04,1351.0,two_step,YouGov/Economist,https://yougov.com/en-us/trackers/most-important-issues-facing-the-us
2025-05-04,all_rv,Education,0.03,1351.0,two_step,YouGov/Economist,https://yougov.com/en-us/trackers/most-important-issues-facing-the-us
2025-05-04,all_rv,Gay rights,0.0,1351.0,two_step,YouGov/Economist,https://yougov.com/en-us/trackers/most-important-issues-facing-the-us
2025-05-04,all_rv,Gun control,0.02,1351.0,two_step,YouGov/Economist,https://yougov.com/en-us/trackers/most-important-issues-facing-the-us
2025-05-04,all_rv,Health care,0.09,1351.0,two_step,YouGov/Economist,https://yougov.com/en-us/trackers/most-important-issues-facing-the-us
2025-05-04,all_rv,Immigration,0.07,1351.0,two_step,YouGov/Economist,https://yougov.com/en-us/trackers/most-important-issues-facing-the-us
2025-05-04,all_rv,Jobs and the economy,0.13,1351.0,two_step,YouGov/Economist,https://yougov.com/en-us/trackers/most-important-issues-facing-the-us
2025-05-04,all_rv,Medicare,0.0,1351.0,two_step,YouGov/Economist,https://yougov.com/en-us/trackers/most-important-issues-facing-the-us
2025-05-04,all_rv,National Security and foreign policy,0.07,1351.0,two_step,YouGov/Economist,https://yougov.com/en-us/trackers/most-important-issues-facing-the-us
2025-05-04,all_rv,Social security,0.0,1351.0,two_step,YouGov/Economist,https://yougov.com/en-us/trackers/most-important-issues-facing-the-us
2025-05-04,all_rv,Taxes and government spending,0.08,1351.0,two_step,YouGov/Economist,https://yougov.com/en-us/trackers/most-important-issues-facing-the-us
2025-05-04,all_rv,Terrorism,0.0,1351.0,two_step,YouGov/Economist,https://yougov.com/en-us/trackers/most-important-issues-facing-the-us
2025-05-04,all_rv,The budget deficit,0.0,1351.0,two_step,YouGov/Economist,https://yougov.com/en-us/trackers/most-important-issues-facing-the-us
2025-05-04,all_rv,The war in Afghanistan,0.0,1351.0,two_step,YouGov/Economist,https://yougov.com/en-us/trackers/most-important-issues-facing-the-us
2025-05-04,all_rv,Inflation/prices,0.24,1351.0,two_step,YouGov/Economist,https://yougov.com/en-us/trackers/most-important-issues-facing-the-us
2025-05-12,all_rv,Abortion,0.02,1307.0,two_step,YouGov/Economist,https://yougov.com/en-us/trackers/most-important-issues-facing-the-us
2025-05-12,all_rv,Civil rights and civil liberties,0.13,1307.0,two_step,YouGov/Economist,https://yougov.com/en-us/trackers/most-important-issues-facing-the-us
2025-05-12,all_rv,Climate change and the environment,0.06,1307.0,two_step,YouGov/Economist,https://yougov.com/en-us/trackers/most-important-issues-facing-the-us
2025-05-12,all_rv,Crime and criminal justice reform,0.04,1307.0,two_step,YouGov/Economist,https://yougov.com/en-us/trackers/most-important-issues-facing-the-us
2025-05-12,all_rv,Education,0.04,1307.0,two_step,YouGov/Economist,https://yougov.com/en-us/trackers/most-important-issues-facing-the-us
2025-05-12,all_rv,Gay rights,0.0,1307.0,two_step,YouGov/Economist,https://yougov.com/en-us/trackers/most-important-issues-facing-the-us
2025-05-12,all_rv,Gun control,0.02,1307.0,two_step,YouGov/Economist,https://yougov.com/en-us/trackers/most-important-issues-facing-the-us
2025-05-12,all_rv,Health care,0.12,1307.0,two_step,YouGov/Economist,https://yougov.com/en-us/trackers/most-important-issues-facing-the-us
2025-05-12,all_rv,Immigration,0.08,1307.0,two_step,YouGov/Economist,https://yougov.com/en-us/trackers/most-important-issues-facing-the-us
2025-05-12,all_rv,Jobs and the economy,0.14,1307.0,two_step,YouGov/Economist,https://yougov.com/en-us/trackers/most-important-issues-facing-the-us
2025-05-12,all_rv,Medicare,0.0,1307.0,two_step,YouGov/Economist,https://yougov.com/en-us/trackers/most-important-issues-facing-the-us
2025-05-12,all_rv,National Security and foreign policy,0.07,1307.0,two_step,YouGov/Economist,https://yougov.com/en-us/trackers/most-important-issues-facing-the-us
2025-05-12,all_rv,Social security,0.0,1307.0,two_step,YouGov/Economist,https://yougov.com/en-us/trackers/most-important-issues-facing-the-us
2025-05-12,all_rv,Taxes and government spending,0.08,1307.0,two_step,YouGov/Economist,https://yougov.com/en-us/trackers/most-important-issues-facing-the-us
2025-05-12,all_rv,Terrorism,0.0,1307.0,two_step,YouGov/Economist,https://yougov.com/en-us/trackers/most-important-issues-facing-the-us
2025-05-12,all_rv,The budget deficit,0.0,1307.0,two_step,YouGov/Economist,https://yougov.com/en-us/trackers/most-important-issues-facing-the-us
2025-05-12,all_rv,The war in Afghanistan,0.0,1307.0,two_step,YouGov/Economist,https://yougov.com/en-us/trackers/most-important-issues-facing-the-us
2025-05-12,all_rv,Inflation/prices,0.2,1307.0,two_step,YouGov/Economist,https://yougov.com/en-us/trackers/most-important-issues-facing-the-us
2025-05-19,all_rv,Abortion,0.03,1253.0,two_step,YouGov/Economist,https://yougov.com/en-us/trackers/most-important-issues-facing-the-us
2025-05-19,all_rv,Civil rights and civil liberties,0.13,1253.0,two_step,YouGov/Economist,https://yougov.com/en-us/trackers/most-important-issues-facing-the-us
2025-05-19,all_rv,Climate change and the environment,0.08,1253.0,two_step,YouGov/Economist,https://yougov.com/en-us/trackers/most-important-issues-facing-the-us
2025-05-19,all_rv,Crime and criminal justice reform,0.03,1253.0,two_step,YouGov/Economist,https://yougov.com/en-us/trackers/most-important-issues-facing-the-us
2025-05-19,all_rv,Education,0.02,1253.0,two_step,YouGov/Economist,https://yougov.com/en-us/trackers/most-important-issues-facing-the-us
2025-05-19,all_rv,Gay rights,0.0,1253.0,two_step,YouGov/Economist,https://yougov.com/en-us/trackers/most-important-issues-facing-the-us
2025-05-19,all_rv,Gun control,0.02,1253.0,two_step,YouGov/Economist,https://yougov.com/en-us/trackers/most-important-issues-facing-the-us
2025-05-19,all_rv,Health care,0.11,1253.0,two_step,YouGov/Economist,https://yougov.com/en-us/trackers/most-important-issues-facing-the-us
2025-05-19,all_rv,Immigration,0.09,1253.0,two_step,YouGov/Economist,https://yougov.com/en-us/trackers/most-important-issues-facing-the-us
2025-05-19,all_rv,Jobs and the economy,0.13,1253.0,two_step,YouGov/Economist,https://yougov.com/en-us/trackers/most-important-issues-facing-the-us
2025-05-19,all_rv,Medicare,0.0,1253.0,two_step,YouGov/Economist,https://yougov.com/en-us/trackers/most-important-issues-facing-the-us
2025-05-19,all_rv,National Security and foreign policy,0.09,1253.0,two_step,YouGov/Economist,https://yougov.com/en-us/trackers/most-important-issues-facing-the-us
2025-05-19,all_rv,Social security,0.0,1253.0,two_step,YouGov/Economist,https://yougov.com/en-us/trackers/most-important-issues-facing-the-us
2025-05-19,all_rv,Taxes and government spending,0.07,1253.0,two_step,YouGov/Economist,https://yougov.com/en-us/trackers/most-important-issues-facing-the-us
2025-05-19,all_rv,Terrorism,0.0,1253.0,two_step,YouGov/Economist,https://yougov.com/en-us/trackers/most-important-issues-facing-the-us
2025-05-19,all_rv,The budget deficit,0.0,1253.0,two_step,YouGov/Economist,https://yougov.com/en-us/trackers/most-important-issues-facing-the-us
2025-05-19,all_rv,The war in Afghanistan,0.0,1253.0,two_step,YouGov/Economist,https://yougov.com/en-us/trackers/most-important-issues-facing-the-us
2025-05-19,all_rv,Inflation/prices,0.21,1253.0,two_step,YouGov/Economist,https://yougov.com/en-us/trackers/most-important-issues-facing-the-us
2025-05-26,all_rv,Abortion,0.03,1209.0,two_step,YouGov/Economist,https://yougov.com/en-us/trackers/most-important-issues-facing-the-us
2025-05-26,all_rv,Civil rights and civil liberties,0.14,1209.0,two_step,YouGov/Economist,https://yougov.com/en-us/trackers/most-important-issues-facing-the-us
2025-05-26,all_rv,Climate change and the environment,0.07,1209.0,two_step,YouGov/Economist,https://yougov.com/en-us/trackers/most-important-issues-facing-the-us
2025-05-26,all_rv,Crime and criminal justice reform,0.02,1209.0,two_step,YouGov/Economist,https://yougov.com/en-us/trackers/most-important-issues-facing-the-us
2025-05-26,all_rv,Education,0.03,1209.0,two_step,YouGov/Economist,https://yougov.com/en-us/trackers/most-important-issues-facing-the-us
2025-05-26,all_rv,Gay rights,0.0,1209.0,two_step,YouGov/Economist,https://yougov.com/en-us/trackers/most-important-issues-facing-the-us
2025-05-26,all_rv,Gun control,0.02,1209.0,two_step,YouGov/Economist,https://yougov.com/en-us/trackers/most-important-issues-facing-the-us
2025-05-26,all_rv,Health care,0.1,1209.0,two_step,YouGov/Economist,https://yougov.com/en-us/trackers/most-important-issues-facing-the-us
2025-05-26,all_rv,Immigration,0.08,1209.0,two_step,YouGov/Economist,https://yougov.com/en-us/trackers/most-important-issues-facing-the-us
2025-05-26,all_rv,Jobs and the economy,0.14,1209.0,two_step,YouGov/Economist,https://yougov.com/en-us/trackers/most-important-issues-facing-the-us
2025-05-26,all_rv,Medicare,0.0,1209.0,two_step,YouGov/Economist,https://yougov.com/en-us/trackers/most-important-issues-facing-the-us
2025-05-26,all_rv,National Security and foreign policy,0.07,1209.0,two_step,YouGov/Economist,https://yougov.com/en-us/trackers/most-important-issues-facing-the-us
2025-05-26,all_rv,Social security,0.0,1209.0,two_step,YouGov/Economist,https://yougov.com/en-us/trackers/most-important-issues-facing-the-us
2025-05-26,all_rv,Taxes and government spending,0.08,1209.0,two_step,YouGov/Economist,https://yougov.com/en-us/trackers/most-important-issues-facing-the-us
2025-05-26,all_rv,Terrorism,0.0,1209.0,two_step,YouGov/Economist,https://yougov.com/en-us/trackers/most-important-issues-facing-the-us
2025-05-26,all_rv,The budget deficit,0.0,1209.0,two_step,YouGov/Economist,https://yougov.com/en-us/trackers/most-important-issues-facing-the-us
2025-05-26,all_rv,The war in Afghanistan,0.0,1209.0,two_step,YouGov/Economist,https://yougov.com/en-us/trackers/most-important-issues-facing-the-us
2025-05-26,all_rv,Inflation/prices,0.23,1209.0,two_step,YouGov/Economist,https://yougov.com/en-us/trackers/most-important-issues-facing-the-us
2025-06-02,all_rv,Abortion,0.04,577.0,single_list,YouGov/Economist,https://yougov.com/en-us/trackers/most-important-issues-facing-the-us
2025-06-02,all_rv,Civil rights and civil liberties,0.13,577.0,single_list,YouGov/Economist,https://yougov.com/en-us/trackers/most-important-issues-facing-the-us
2025-06-02,all_rv,Climate change and the environment,0.06,577.0,single_list,YouGov/Economist,https://yougov.com/en-us/trackers/most-important-issues-facing-the-us
2025-06-02,all_rv,Crime and criminal justice reform,0.04,577.0,single_list,YouGov/Economist,https://yougov.com/en-us/trackers/most-important-issues-facing-the-us
2025-06-02,all_rv,Education,0.03,577.0,single_list,YouGov/Economist,https://yougov.com/en-us/trackers/most-important-issues-facing-the-us
2025-06-02,all_rv,Gay rights,0.0,577.0,single_list,YouGov/Economist,https://yougov.com/en-us/trackers/most-important-issues-facing-the-us
2025-06-02,all_rv,Gun control,0.02,577.0,single_list,YouGov/Economist,https://yougov.com/en-us/trackers/most-important-issues-facing-the-us
2025-06-02,all_rv,Health care,0.1,577.0,single_list,YouGov/Economist,https://yougov.com/en-us/trackers/most-important-issues-facing-the-us
2025-06-02,all_rv,Immigration,0.1,577.0,single_list,YouGov/Economist,https://yougov.com/en-us/trackers/most-important-issues-facing-the-us
2025-06-02,all_rv,Jobs and the economy,0.14,577.0,single_list,YouGov/Economist,https://yougov.com/en-us/trackers/most-important-issues-facing-the-us
2025-06-02,all_rv,Medicare,0.0,577.0,single_list,YouGov/Economist,https://yougov.com/en-us/trackers/most-important-issues-facing-the-us
2025-06-02,all_rv,National Security and foreign policy,0.06,577.0,single_list,YouGov/Economist,https://yougov.com/en-us/trackers/most-important-issues-facing-the-us
2025-06-02,all_rv,Social security,0.0,577.0,single_list,YouGov/Economist,https://yougov.com/en-us/trackers/most-important-issues-facing-the-us
2025-06-02,all_rv,Taxes and government spending,0.08,577.0,single_list,YouGov/Economist,https://yougov.com/en-us/trackers/most-important-issues-facing-the-us
2025-06-02,all_rv,Terrorism,0.0,577.0,single_list,YouGov/Economist,https://yougov.com/en-us/trackers/most-important-issues-facing-the-us
2025-06-02,all_rv,The budget deficit,0.0,577.0,single_list,YouGov/Economist,https://yougov.com/en-us/trackers/most-important-issues-facing-the-us
2025-06-02,all_rv,The war in Afghanistan,0.0,577.0,single_list,YouGov/Economist,https://yougov.com/en-us/trackers/most-important-issues-facing-the-us
2025-06-02,all_rv,Inflation/prices,0.2,577.0,single_list,YouGov/Economist,https://yougov.com/en-us/trackers/most-important-issues-facing-the-us
2025-06-09,all_rv,Abortion,0.03,1122.0,single_list,YouGov/Economist,https://yougov.com/en-us/trackers/most-important-issues-facing-the-us
2025-06-09,all_rv,Civil rights and civil liberties,0.14,1122.0,single_list,YouGov/Economist,https://yougov.com/en-us/trackers/most-important-issues-facing-the-us
2025-06-09,all_rv,Climate change and the environment,0.06,1122.0,single_list,YouGov/Economist,https://yougov.com/en-us/trackers/most-important-issues-facing-the-us
2025-06-09,all_rv,Crime and criminal justice reform,0.03,1122.0,single_list,YouGov/Economist,https://yougov.com/en-us/trackers/most-important-issues-facing-the-us
2025-06-09,all_rv,Education,0.02,1122.0,single_list,YouGov/Economist,https://yougov.com/en-us/trackers/most-important-issues-facing-the-us
2025-06-09,all_rv,Gay rights,0.0,1122.0,single_list,YouGov/Economist,https://yougov.com/en-us/trackers/most-important-issues-facing-the-us
2025-06-09,all_rv,Gun control,0.02,1122.0,single_list,YouGov/Economist,https://yougov.com/en-us/trackers/most-important-issues-facing-the-us
2025-06-09,all_rv,Health care,0.09,1122.0,single_list,YouGov/Economist,https://yougov.com/en-us/trackers/most-important-issues-facing-the-us
2025-06-09,all_rv,Immigration,0.1,1122.0,single_list,YouGov/Economist,https://yougov.com/en-us/trackers/most-important-issues-facing-the-us
2025-06-09,all_rv,Jobs and the economy,0.13,1122.0,single_list,YouGov/Economist,https://yougov.com/en-us/trackers/most-important-issues-facing-the-us
2025-06-09,all_rv,Medicare,0.0,1122.0,single_list,YouGov/Economist,https://yougov.com/en-us/trackers/most-important-issues-facing-the-us
2025-06-09,all_rv,National Security and foreign policy,0.08,1122.0,single_list,YouGov/Economist,https://yougov.com/en-us/trackers/most-important-issues-facing-the-us
2025-06-09,all_rv,Social security,0.0,1122.0,single_list,YouGov/Economist,https://yougov.com/en-us/trackers/most-important-issues-facing-the-us
2025-06-09,all_rv,Taxes and government spending,0.08,1122.0,single_list,YouGov/Economist,https://yougov.com/en-us/trackers/most-important-issues-facing-the-us
2025-06-09,all_rv,Terrorism,0.0,1122.0,single_list,YouGov/Economist,https://yougov.com/en-us/trackers/most-important-issues-facing-the-us
2025-06-09,all_rv,The budget deficit,0.0,1122.0,single_list,YouGov/Economist,https://yougov.com/en-us/trackers/most-important-issues-facing-the-us
2025-06-09,all_rv,The war in Afghanistan,0.0,1122.0,single_list,YouGov/Economist,https://yougov.com/en-us/trackers/most-important-issues-facing-the-us
2025-06-09,all_rv,Inflation/prices,0.22,1122.0,single_list,YouGov/Economist,https://yougov.com/en-us/trackers/most-important-issues-facing-the-us
2025-06-16,all_rv,Abortion,0.04,1108.0,single_list,YouGov/Economist,https://yougov.com/en-us/trackers/most-important-issues-facing-the-us
2025-06-16,all_rv,Civil rights and civil liberties,0.18,1108.0,single_list,YouGov/Economist,https://yougov.com/en-us/trackers/most-important-issues-facing-the-us
2025-06-16,all_rv,Climate change and the environment,0.07,1108.0,single_list,YouGov/Economist,https://yougov.com/en-us/trackers/most-important-issues-facing-the-us
2025-06-16,all_rv,Crime and criminal justice reform,0.03,1108.0,single_list,YouGov/Economist,https://yougov.com/en-us/trackers/most-important-issues-facing-the-us
2025-06-16,all_rv,Education,0.03,1108.0,single_list,YouGov/Economist,https://yougov.com/en-us/trackers/most-important-issues-facing-the-us
2025-06-16,all_rv,Gay rights,0.0,1108.0,single_list,YouGov/Economist,https://yougov.com/en-us/trackers/most-important-issues-facing-the-us
2025-06-16,all_rv,Gun control,0.01,1108.0,single_list,YouGov/Economist,https://yougov.com/en-us/trackers/most-important-issues-facing-the-us
2025-06-16,all_rv,Health care,0.08,1108.0,single_list,YouGov/Economist,https://yougov.com/en-us/trackers/most-important-issues-facing-the-us
2025-06-16,all_rv,Immigration,0.11,1108.0,single_list,YouGov/Economist,https://yougov.com/en-us/trackers/most-important-issues-facing-the-us
2025-06-16,all_rv,Jobs and the economy,0.13,1108.0,single_list,YouGov/Economist,https://yougov.com/en-us/trackers/most-important-issues-facing-the-us
2025-06-16,all_rv,Medicare,0.0,1108.0,single_list,YouGov/Economist,https://yougov.com/en-us/trackers/most-important-issues-facing-the-us
2025-06-16,all_rv,National Security and foreign policy,0.09,1108.0,single_list,YouGov/Economist,https://yougov.com/en-us/trackers/most-important-issues-facing-the-us
2025-06-16,all_rv,Social security,0.0,1108.0,single_list,YouGov/Economist,https://yougov.com/en-us/trackers/most-important-issues-facing-the-us
2025-06-16,all_rv,Taxes and government spending,0.06,1108.0,single_list,YouGov/Economist,https://yougov.com/en-us/trackers/most-important-issues-facing-the-us
2025-06-16,all_rv,Terrorism,0.0,1108.0,single_list,YouGov/Economist,https://yougov.com/en-us/trackers/most-important-issues-facing-the-us
2025-06-16,all_rv,The budget deficit,0.0,1108.0,single_list,YouGov/Economist,https://yougov.com/en-us/trackers/most-important-issues-facing-the-us
2025-06-16,all_rv,The war in Afghanistan,0.0,1108.0,single_list,YouGov/Economist,https://yougov.com/en-us/trackers/most-important-issues-facing-the-us
2025-06-16,all_rv,Inflation/prices,0.16,1108.0,single_list,YouGov/Economist,https://yougov.com/en-us/trackers/most-important-issues-facing-the-us
2025-06-23,all_rv,Abortion,0.03,1157.0,single_list,YouGov/Economist,https://yougov.com/en-us/trackers/most-important-issues-facing-the-us
2025-06-23,all_rv,Civil rights and civil liberties,0.15,1157.0,single_list,YouGov/Economist,https://yougov.com/en-us/trackers/most-important-issues-facing-the-us
2025-06-23,all_rv,Climate change and the environment,0.06,1157.0,single_list,YouGov/Economist,https://yougov.com/en-us/trackers/most-important-issues-facing-the-us
2025-06-23,all_rv,Crime and criminal justice reform,0.03,1157.0,single_list,YouGov/Economist,https://yougov.com/en-us/trackers/most-important-issues-facing-the-us
2025-06-23,all_rv,Education,0.02,1157.0,single_list,YouGov/Economist,https://yougov.com/en-us/trackers/most-important-issues-facing-the-us
2025-06-23,all_rv,Gay rights,0.0,1157.0,single_list,YouGov/Economist,https://yougov.com/en-us/trackers/most-important-issues-facing-the-us
2025-06-23,all_rv,Gun control,0.02,1157.0,single_list,YouGov/Economist,https://yougov.com/en-us/trackers/most-important-issues-facing-the-us
2025-06-23,all_rv,Health care,0.08,1157.0,single_list,YouGov/Economist,https://yougov.com/en-us/trackers/most-important-issues-facing-the-us
2025-06-23,all_rv,Immigration,0.12,1157.0,single_list,YouGov/Economist,https://yougov.com/en-us/trackers/most-important-issues-facing-the-us
2025-06-23,all_rv,Jobs and the economy,0.12,1157.0,single_list,YouGov/Economist,https://yougov.com/en-us/trackers/most-important-issues-facing-the-us
2025-06-23,all_rv,Medicare,0.0,1157.0,single_list,YouGov/Economist,https://yougov.com/en-us/trackers/most-important-issues-facing-the-us
2025-06-23,all_rv,National Security and foreign policy,0.1,1157.0,single_list,YouGov/Economist,https://yougov.com/en-us/trackers/most-important-issues-facing-the-us
2025-06-23,all_rv,Social security,0.0,1157.0,single_list,YouGov/Economist,https://yougov.com/en-us/trackers/most-important-issues-facing-the-us
2025-06-23,all_rv,Taxes and government spending,0.09,1157.0,single_list,YouGov/Economist,https://yougov.com/en-us/trackers/most-important-issues-facing-the-us
2025-06-23,all_rv,Terrorism,0.0,1157.0,single_list,YouGov/Economist,https://yougov.com/en-us/trackers/most-important-issues-facing-the-us
2025-06-23,all_rv,The budget deficit,0.0,1157.0,single_list,YouGov/Economist,https://yougov.com/en-us/trackers/most-important-issues-facing-the-us
2025-06-23,all_rv,The war in Afghanistan,0.0,1157.0,single_list,YouGov/Economist,https://yougov.com/en-us/trackers/most-important-issues-facing-the-us
2025-06-23,all_rv,Inflation/prices,0.17,1157.0,single_list,YouGov/Economist,https://yougov.com/en-us/trackers/most-important-issues-facing-the-us
2025-06-30,all_rv,Abortion,0.04,1222.0,single_list,YouGov/Economist,https://yougov.com/en-us/trackers/most-important-issues-facing-the-us
2025-06-30,all_rv,Civil rights and civil liberties,0.2,1222.0,single_list,YouGov/Economist,https://yougov.com/en-us/trackers/most-important-issues-facing-the-us
2025-06-30,all_rv,Climate change and the environment,0.06,1222.0,single_list,YouGov/Economist,https://yougov.com/en-us/trackers/most-important-issues-facing-the-us
2025-06-30,all_rv,Crime and criminal justice reform,0.04,1222.0,single_list,YouGov/Economist,https://yougov.com/en-us/trackers/most-important-issues-facing-the-us
2025-06-30,all_rv,Education,0.02,1222.0,single_list,YouGov/Economist,https://yougov.com/en-us/trackers/most-important-issues-facing-the-us
2025-06-30,all_rv,Gay rights,0.0,1222.0,single_list,YouGov/Economist,https://yougov.com/en-us/trackers/most-important-issues-facing-the-us
2025-06-30,all_rv,Gun control,0.02,1222.0,single_list,YouGov/Economist,https://yougov.com/en-us/trackers/most-important-issues-facing-the-us
2025-06-30,all_rv,Health care,0.08,1222.0,single_list,YouGov/Economist,https://yougov.com/en-us/trackers/most-important-issues-facing-the-us
2025-06-30,all_rv,Immigration,0.1,1222.0,single_list,YouGov/Economist,https://yougov.com/en-us/trackers/most-important-issues-facing-the-us
2025-06-30,all_rv,Jobs and the economy,0.11,1222.0,single_list,YouGov/Economist,https://yougov.com/en-us/trackers/most-important-issues-facing-the-us
2025-06-30,all_rv,Medicare,0.0,1222.0,single_list,YouGov/Economist,https://yougov.com/en-us/trackers/most-important-issues-facing-the-us
2025-06-30,all_rv,National Security and foreign policy,0.09,1222.0,single_list,YouGov/Economist,https://yougov.com/en-us/trackers/most-important-issues-facing-the-us
2025-06-30,all_rv,Social security,0.0,1222.0,single_list,YouGov/Economist,https://yougov.com/en-us/trackers/most-important-issues-facing-the-us
2025-06-30,all_rv,Taxes and government spending,0.09,1222.0,single_list,YouGov/Economist,https://yougov.com/en-us/trackers/most-important-issues-facing-the-us
2025-06-30,all_rv,Terrorism,0.0,1222.0,single_list,YouGov/Economist,https://yougov.com/en-us/trackers/most-important-issues-facing-the-us
2025-06-30,all_rv,The budget deficit,0.0,1222.0,single_list,YouGov/Economist,https://yougov.com/en-us/trackers/most-important-issues-facing-the-us
2025-06-30,all_rv,The war in Afghanistan,0.0,1222.0,single_list,YouGov/Economist,https://yougov.com/en-us/trackers/most-important-issues-facing-the-us
2025-06-30,all_rv,Inflation/prices,0.16,1222.0,single_list,YouGov/Economist,https://yougov.com/en-us/trackers/most-important-issues-facing-the-us
2025-07-07,all_rv,Abortion,0.03,1137.0,single_list,YouGov/Economist,https://yougov.com/en-us/trackers/most-important-issues-facing-the-us
2025-07-07,all_rv,Civil rights and civil liberties,0.16,1137.0,single_list,YouGov/Economist,https://yougov.com/en-us/trackers/most-important-issues-facing-the-us
2025-07-07,all_rv,Climate change and the environment,0.07,1137.0,single_list,YouGov/Economist,https://yougov.com/en-us/trackers/most-important-issues-facing-the-us
2025-07-07,all_rv,Crime and criminal justice reform,0.04,1137.0,single_list,YouGov/Economist,https://yougov.com/en-us/trackers/most-important-issues-facing-the-us
2025-07-07,all_rv,Education,0.04,1137.0,single_list,YouGov/Economist,https://yougov.com/en-us/trackers/most-important-issues-facing-the-us
2025-07-07,all_rv,Gay rights,0.0,1137.0,single_list,YouGov/Economist,https://yougov.com/en-us/trackers/most-important-issues-facing-the-us
2025-07-07,all_rv,Gun control,0.01,1137.0,single_list,YouGov/Economist,https://yougov.com/en-us/trackers/most-important-issues-facing-the-us
2025-07-07,all_rv,Health care,0.11,1137.0,single_list,YouGov/Economist,https://yougov.com/en-us/trackers/most-important-issues-facing-the-us
2025-07-07,all_rv,Immigration,0.12,1137.0,single_list,YouGov/Economist,https://yougov.com/en-us/trackers/most-important-issues-facing-the-us
2025-07-07,all_rv,Jobs and the economy,0.11,1137.0,single_list,YouGov/Economist,https://yougov.com/en-us/trackers/most-important-issues-facing-the-us
2025-07-07,all_rv,Medicare,0.0,1137.0,single_list,YouGov/Economist,https://yougov.com/en-us/trackers/most-important-issues-facing-the-us
2025-07-07,all_rv,National Security and foreign policy,0.06,1137.0,single_list,YouGov/Economist,https://yougov.com/en-us/trackers/most-important-issues-facing-the-us
2025-07-07,all_rv,Social security,0.0,1137.0,single_list,YouGov/Economist,https://yougov.com/en-us/trackers/most-important-issues-facing-the-us
2025-07-07,all_rv,Taxes and government spending,0.07,1137.0,single_list,YouGov/Economist,https://yougov.com/en-us/trackers/most-important-issues-facing-the-us
2025-07-07,all_rv,Terrorism,0.0,1137.0,single_list,YouGov/Economist,https://yougov.com/en-us/trackers/most-important-issues-facing-the-us
2025-07-07,all_rv,The budget deficit,0.0,1137.0,single_list,YouGov/Economist,https://yougov.com/en-us/trackers/most-important-issues-facing-the-us
2025-07-07,all_rv,The war in Afghanistan,0.0,1137.0,single_list,YouGov/Economist,https://yougov.com/en-us/trackers/most-important-issues-facing-the-us
2025-07-07,all_rv,Inflation/prices,0.19,1137.0,single_list,YouGov/Economist,https://yougov.com/en-us/trackers/most-important-issues-facing-the-us
2025-07-14,all_rv,Abortion,0.02,1249.0,single_list,YouGov/Economist,https://yougov.com/en-us/trackers/most-important-issues-facing-the-us
2025-07-14,all_rv,Civil rights and civil liberties,0.15,1249.0,single_list,YouGov/Economist,https://yougov.com/en-us/trackers/most-important-issues-facing-the-us
2025-07-14,all_rv,Climate change and the environment,0.06,1249.0,single_list,YouGov/Economist,https://yougov.com/en-us/trackers/most-important-issues-facing-the-us
2025-07-14,all_rv,Crime and criminal justice reform,0.03,1249.0,single_list,YouGov/Economist,https://yougov.com/en-us/trackers/most-important-issues-facing-the-us
2025-07-14,all_rv,Education,0.03,1249.0,single_list,YouGov/Economist,https://yougov.com/en-us/trackers/most-important-issues-facing-the-us
2025-07-14,all_rv,Gay rights,0.0,1249.0,single_list,YouGov/Economist,https://yougov.com/en-us/trackers/most-important-issues-facing-the-us
2025-07-14,all_rv,Gun control,0.02,1249.0,single_list,YouGov/Economist,https://yougov.com/en-us/trackers/most-important-issues-facing-the-us
2025-07-14,all_rv,Health care,0.1,1249.0,single_list,YouGov/Economist,https://yougov.com/en-us/trackers/most-important-issues-facing-the-us
2025-07-14,all_rv,Immigration,0.11,1249.0,single_list,YouGov/Economist,https://yougov.com/en-us/trackers/most-important-issues-facing-the-us
2025-07-14,all_rv,Jobs and the economy,0.13,1249.0,single_list,YouGov/Economist,https://yougov.com/en-us/trackers/most-important-issues-facing-the-us
2025-07-14,all_rv,Medicare,0.0,1249.0,single_list,YouGov/Economist,https://yougov.com/en-us/trackers/most-important-issues-facing-the-us
2025-07-14,all_rv,National Security and foreign policy,0.07,1249.0,single_list,YouGov/Economist,https://yougov.com/en-us/trackers/most-important-issues-facing-the-us
2025-07-14,all_rv,Social security,0.0,1249.0,single_list,YouGov/Economist,https://yougov.com/en-us/trackers/most-important-issues-facing-the-us
2025-07-14,all_rv,Taxes and government spending,0.08,1249.0,single_list,YouGov/Economist,https://yougov.com/en-us/trackers/most-important-issues-facing-the-us
2025-07-14,all_rv,Terrorism,0.0,1249.0,single_list,YouGov/Economist,https://yougov.com/en-us/trackers/most-important-issues-facing-the-us
2025-07-14,all_rv,The budget deficit,0.0,1249.0,single_list,YouGov/Economist,https://yougov.com/en-us/trackers/most-important-issues-facing-the-us
2025-07-14,all_rv,The war in Afghanistan,0.0,1249.0,single_list,YouGov/Economist,https://yougov.com/en-us/trackers/most-important-issues-facing-the-us
2025-07-14,all_rv,Inflation/prices,0.21,1249.0,single_list,YouGov/Economist,https://yougov.com/en-us/trackers/most-important-issues-facing-the-us
2025-07-21,all_rv,Abortion,0.04,1274.0,single_list,YouGov/Economist,https://yougov.com/en-us/trackers/most-important-issues-facing-the-us
2025-07-21,all_rv,Civil rights and civil liberties,0.15,1274.0,single_list,YouGov/Economist,https://yougov.com/en-us/trackers/most-important-issues-facing-the-us
2025-07-21,all_rv,Climate change and the environment,0.07,1274.0,single_list,YouGov/Economist,https://yougov.com/en-us/trackers/most-important-issues-facing-the-us
2025-07-21,all_rv,Crime and criminal justice reform,0.03,1274.0,single_list,YouGov/Economist,https://yougov.com/en-us/trackers/most-important-issues-facing-the-us
2025-07-21,all_rv,Education,0.03,1274.0,single_list,YouGov/Economist,https://yougov.com/en-us/trackers/most-important-issues-facing-the-us
2025-07-21,all_rv,Gay rights,0.0,1274.0,single_list,YouGov/Economist,https://yougov.com/en-us/trackers/most-important-issues-facing-the-us
2025-07-21,all_rv,Gun control,0.01,1274.0,single_list,YouGov/Economist,https://yougov.com/en-us/trackers/most-important-issues-facing-the-us
2025-07-21,all_rv,Health care,0.1,1274.0,single_list,YouGov/Economist,https://yougov.com/en-us/trackers/most-important-issues-facing-the-us
2025-07-21,all_rv,Immigration,0.09,1274.0,single_list,YouGov/Economist,https://yougov.com/en-us/trackers/most-important-issues-facing-the-us
2025-07-21,all_rv,Jobs and the economy,0.13,1274.0,single_list,YouGov/Economist,https://yougov.com/en-us/trackers/most-important-issues-facing-the-us
2025-07-21,all_rv,Medicare,0.0,1274.0,single_list,YouGov/Economist,https://yougov.com/en-us/trackers/most-important-issues-facing-the-us
2025-07-21,all_rv,National Security and foreign policy,0.08,1274.0,single_list,YouGov/Economist,https://yougov.com/en-us/trackers/most-important-issues-facing-the-us
2025-07-21,all_rv,Social security,0.0,1274.0,single_list,YouGov/Economist,https://yougov.com/en-us/trackers/most-important-issues-facing-the-us
2025-07-21,all_rv,Taxes and government spending,0.08,1274.0,single_list,YouGov/Economist,https://yougov.com/en-us/trackers/most-important-issues-facing-the-us
2025-07-21,all_rv,Terrorism,0.0,1274.0,single_list,YouGov/Economist,https://yougov.com/en-us/trackers/most-important-issues-facing-the-us
2025-07-21,all_rv,The budget deficit,0.0,1274.0,single_list,YouGov/Economist,https://yougov.com/en-us/trackers/most-important-issues-facing-the-us
2025-07-21,all_rv,The war in Afghanistan,0.0,1274.0,single_list,YouGov/Economist,https://yougov.com/en-us/trackers/most-important-issues-facing-the-us
2025-07-21,all_rv,Inflation/prices,0.19,1274.0,single_list,YouGov/Economist,https://yougov.com/en-us/trackers/most-important-issues-facing-the-us
2025-07-28,all_rv,Abortion,0.03,1314.0,single_list,YouGov/Economist,https://yougov.com/en-us/trackers/most-important-issues-facing-the-us
2025-07-28,all_rv,Civil rights and civil liberties,0.15,1314.0,single_list,YouGov/Economist,https://yougov.com/en-us/trackers/most-important-issues-facing-the-us
2025-07-28,all_rv,Climate change and the environment,0.07,1314.0,single_list,YouGov/Economist,https://yougov.com/en-us/trackers/most-important-issues-facing-the-us
2025-07-28,all_rv,Crime and criminal justice reform,0.03,1314.0,single_list,YouGov/Economist,https://yougov.com/en-us/trackers/most-important-issues-facing-the-us
2025-07-28,all_rv,Education,0.03,1314.0,single_list,YouGov/Economist,https://yougov.com/en-us/trackers/most-important-issues-facing-the-us
2025-07-28,all_rv,Gay rights,0.0,1314.0,single_list,YouGov/Economist,https://yougov.com/en-us/trackers/most-important-issues-facing-the-us
2025-07-28,all_rv,Gun control,0.01,1314.0,single_list,YouGov/Economist,https://yougov.com/en-us/trackers/most-important-issues-facing-the-us
2025-07-28,all_rv,Health care,0.1,1314.0,single_list,YouGov/Economist,https://yougov.com/en-us/trackers/most-important-issues-facing-the-us
2025-07-28,all_rv,Immigration,0.08,1314.0,single_list,YouGov/Economist,https://yougov.com/en-us/trackers/most-important-issues-facing-the-us
2025-07-28,all_rv,Jobs and the economy,0.11,1314.0,single_list,YouGov/Economist,https://yougov.com/en-us/trackers/most-important-issues-facing-the-us
2025-07-28,all_rv,Medicare,0.0,1314.0,single_list,YouGov/Economist,https://yougov.com/en-us/trackers/most-important-issues-facing-the-us
2025-07-28,all_rv,National Security and foreign policy,0.08,1314.0,single_list,YouGov/Economist,https://yougov.com/en-us/trackers/most-important-issues-facing-the-us
2025-07-28,all_rv,Social security,0.0,1314.0,single_list,YouGov/Economist,https://yougov.com/en-us/trackers/most-important-issues-facing-the-us
2025-07-28,all_rv,Taxes and government spending,0.09,1314.0,single_list,YouGov/Economist,https://yougov.com/en-us/trackers/most-important-issues-facing-the-us
2025-07-28,all_rv,Terrorism,0.0,1314.0,single_list,YouGov/Economist,https://yougov.com/en-us/trackers/most-important-issues-facing-the-us
2025-07-28,all_rv,The budget deficit,0.0,1314.0,single_list,YouGov/Economist,https://yougov.com/en-us/trackers/most-important-issues-facing-the-us
2025-07-28,all_rv,The war in Afghanistan,0.0,1314.0,single_list,YouGov/Economist,https://yougov.com/en-us/trackers/most-important-issues-facing-the-us
2025-07-28,all_rv,Inflation/prices,0.22,1314.0,single_list,YouGov/Economist,https://yougov.com/en-us/trackers/most-important-issues-facing-the-us
2025-08-04,all_rv,Abortion,0.03,1257.0,single_list,YouGov/Economist,https://yougov.com/en-us/trackers/most-important-issues-facing-the-us
2025-08-04,all_rv,Civil rights and civil liberties,0.14,1257.0,single_list,YouGov/Economist,https://yougov.com/en-us/trackers/most-important-issues-facing-the-us
2025-08-04,all_rv,Climate change and the environment,0.06,1257.0,single_list,YouGov/Economist,https://yougov.com/en-us/trackers/most-important-issues-facing-the-us
2025-08-04,all_rv,Crime and criminal justice reform,0.05,1257.0,single_list,YouGov/Economist,https://yougov.com/en-us/trackers/most-important-issues-facing-the-us
2025-08-04,all_rv,Education,0.02,1257.0,single_list,YouGov/Economist,https://yougov.com/en-us/trackers/most-important-issues-facing-the-us
2025-08-04,all_rv,Gay rights,0.0,1257.0,single_list,YouGov/Economist,https://yougov.com/en-us/trackers/most-important-issues-facing-the-us
2025-08-04,all_rv,Gun control,0.01,1257.0,single_list,YouGov/Economist,https://yougov.com/en-us/trackers/most-important-issues-facing-the-us
2025-08-04,all_rv,Health care,0.11,1257.0,single_list,YouGov/Economist,https://yougov.com/en-us/trackers/most-important-issues-facing-the-us
2025-08-04,all_rv,Immigration,0.08,1257.0,single_list,YouGov/Economist,https://yougov.com/en-us/trackers/most-important-issues-facing-the-us
2025-08-04,all_rv,Jobs and the economy,0.14,1257.0,single_list,YouGov/Economist,https://yougov.com/en-us/trackers/most-important-issues-facing-the-us
2025-08-04,all_rv,Medicare,0.0,1257.0,single_list,YouGov/Economist,https://yougov.com/en-us/trackers/most-important-issues-facing-the-us
2025-08-04,all_rv,National Security and foreign policy,0.06,1257.0,single_list,YouGov/Economist,https://yougov.com/en-us/trackers/most-important-issues-facing-the-us
2025-08-04,all_rv,Social security,0.0,1257.0,single_list,YouGov/Economist,https://yougov.com/en-us/trackers/most-important-issues-facing-the-us
2025-08-04,all_rv,Taxes and government spending,0.09,1257.0,single_list,YouGov/Economist,https://yougov.com/en-us/trackers/most-important-issues-facing-the-us
2025-08-04,all_rv,Terrorism,0.0,1257.0,single_list,YouGov/Economist,https://yougov.com/en-us/trackers/most-important-issues-facing-the-us
2025-08-04,all_rv,The budget deficit,0.0,1257.0,single_list,YouGov/Economist,https://yougov.com/en-us/trackers/most-important-issues-facing-the-us
2025-08-04,all_rv,The war in Afghanistan,0.0,1257.0,single_list,YouGov/Economist,https://yougov.com/en-us/trackers/most-important-issues-facing-the-us
2025-08-04,all_rv,Inflation/prices,0.21,1257.0,single_list,YouGov/Economist,https://yougov.com/en-us/trackers/most-important-issues-facing-the-us
2025-08-11,all_rv,Abortion,0.03,1205.0,single_list,YouGov/Economist,https://yougov.com/en-us/trackers/most-important-issues-facing-the-us
2025-08-11,all_rv,Civil rights and civil liberties,0.16,1205.0,single_list,YouGov/Economist,https://yougov.com/en-us/trackers/most-important-issues-facing-the-us
2025-08-11,all_rv,Climate change and the environment,0.06,1205.0,single_list,YouGov/Economist,https://yougov.com/en-us/trackers/most-important-issues-facing-the-us
2025-08-11,all_rv,Crime and criminal justice reform,0.03,1205.0,single_list,YouGov/Economist,https://yougov.com/en-us/trackers/most-important-issues-facing-the-us
2025-08-11,all_rv,Education,0.02,1205.0,single_list,YouGov/Economist,https://yougov.com/en-us/trackers/most-important-issues-facing-the-us
2025-08-11,all_rv,Gay rights,0.0,1205.0,single_list,YouGov/Economist,https://yougov.com/en-us/trackers/most-important-issues-facing-the-us
2025-08-11,all_rv,Gun control,0.02,1205.0,single_list,YouGov/Economist,https://yougov.com/en-us/trackers/most-important-issues-facing-the-us
2025-08-11,all_rv,Health care,0.09,1205.0,single_list,YouGov/Economist,https://yougov.com/en-us/trackers/most-important-issues-facing-the-us
2025-08-11,all_rv,Immigration,0.09,1205.0,single_list,YouGov/Economist,https://yougov.com/en-us/trackers/most-important-issues-facing-the-us
2025-08-11,all_rv,Jobs and the economy,0.14,1205.0,single_list,YouGov/Economist,https://yougov.com/en-us/trackers/most-important-issues-facing-the-us
2025-08-11,all_rv,Medicare,0.0,1205.0,single_list,YouGov/Economist,https://yougov.com/en-us/trackers/most-important-issues-facing-the-us
2025-08-11,all_rv,National Security and foreign policy,0.07,1205.0,single_list,YouGov/Economist,https://yougov.com/en-us/trackers/most-important-issues-facing-the-us
2025-08-11,all_rv,Social security,0.0,1205.0,single_list,YouGov/Economist,https://yougov.com/en-us/trackers/most-important-issues-facing-the-us
2025-08-11,all_rv,Taxes and government spending,0.07,1205.0,single_list,YouGov/Economist,https://yougov.com/en-us/trackers/most-important-issues-facing-the-us
2025-08-11,all_rv,Terrorism,0.0,1205.0,single_list,YouGov/Economist,https://yougov.com/en-us/trackers/most-important-issues-facing-the-us
2025-08-11,all_rv,The budget deficit,0.0,1205.0,single_list,YouGov/Economist,https://yougov.com/en-us/trackers/most-important-issues-facing-the-us
2025-08-11,all_rv,The war in Afghanistan,0.0,1205.0,single_list,YouGov/Economist,https://yougov.com/en-us/trackers/most-important-issues-facing-the-us
2025-08-11,all_rv,Inflation/prices,0.21,1205.0,single_list,YouGov/Economist,https://yougov.com/en-us/trackers/most-important-issues-facing-the-us
2025-08-18,all_rv,Abortion,0.03,1165.0,single_list,YouGov/Economist,https://yougov.com/en-us/trackers/most-important-issues-facing-the-us
2025-08-18,all_rv,Civil rights and civil liberties,0.18,1165.0,single_list,YouGov/Economist,https://yougov.com/en-us/trackers/most-important-issues-facing-the-us
2025-08-18,all_rv,Climate change and the environment,0.06,1165.0,single_list,YouGov/Economist,https://yougov.com/en-us/trackers/most-important-issues-facing-the-us
2025-08-18,all_rv,Crime and criminal justice reform,0.04,1165.0,single_list,YouGov/Economist,https://yougov.com/en-us/trackers/most-important-issues-facing-the-us
2025-08-18,all_rv,Education,0.03,1165.0,single_list,YouGov/Economist,https://yougov.com/en-us/trackers/most-important-issues-facing-the-us
2025-08-18,all_rv,Gay rights,0.0,1165.0,single_list,YouGov/Economist,https://yougov.com/en-us/trackers/most-important-issues-facing-the-us
2025-08-18,all_rv,Gun control,0.02,1165.0,single_list,YouGov/Economist,https://yougov.com/en-us/trackers/most-important-issues-facing-the-us
2025-08-18,all_rv,Health care,0.09,1165.0,single_list,YouGov/Economist,https://yougov.com/en-us/trackers/most-important-issues-facing-the-us
2025-08-18,all_rv,Immigration,0.09,1165.0,single_list,YouGov/Economist,https://yougov.com/en-us/trackers/most-important-issues-facing-the-us
2025-08-18,all_rv,Jobs and the economy,0.12,1165.0,single_list,YouGov/Economist,https://yougov.com/en-us/trackers/most-important-issues-facing-the-us
2025-08-18,all_rv,Medicare,0.0,1165.0,single_list,YouGov/Economist,https://yougov.com/en-us/trackers/most-important-issues-facing-the-us
2025-08-18,all_rv,National Security and foreign policy,0.06,1165.0,single_list,YouGov/Economist,https://yougov.com/en-us/trackers/most-important-issues-facing-the-us
2025-08-18,all_rv,Social security,0.0,1165.0,single_list,YouGov/Economist,https://yougov.com/en-us/trackers/most-important-issues-facing-the-us
2025-08-18,all_rv,Taxes and government spending,0.08,1165.0,single_list,YouGov/Economist,https://yougov.com/en-us/trackers/most-important-issues-facing-the-us
2025-08-18,all_rv,Terrorism,0.0,1165.0,single_list,YouGov/Economist,https://yougov.com/en-us/trackers/most-important-issues-facing-the-us
2025-08-18,all_rv,The budget deficit,0.0,1165.0,single_list,YouGov/Economist,https://yougov.com/en-us/trackers/most-important-issues-facing-the-us
2025-08-18,all_rv,The war in Afghanistan,0.0,1165.0,single_list,YouGov/Economist,https://yougov.com/en-us/trackers/most-important-issues-facing-the-us
2025-08-18,all_rv,Inflation/prices,0.19,1165.0,single_list,YouGov/Economist,https://yougov.com/en-us/trackers/most-important-issues-facing-the-us
2025-08-25,all_rv,Abortion,0.03,1121.0,single_list,YouGov/Economist,https://yougov.com/en-us/trackers/most-important-issues-facing-the-us
2025-08-25,all_rv,Civil rights and civil liberties,0.15,1121.0,single_list,YouGov/Economist,https://yougov.com/en-us/trackers/most-important-issues-facing-the-us
2025-08-25,all_rv,Climate change and the environment,0.07,1121.0,single_list,YouGov/Economist,https://yougov.com/en-us/trackers/most-important-issues-facing-the-us
2025-08-25,all_rv,Crime and criminal justice reform,0.04,1121.0,single_list,YouGov/Economist,https://yougov.com/en-us/trackers/most-important-issues-facing-the-us
2025-08-25,all_rv,Education,0.03,1121.0,single_list,YouGov/Economist,https://yougov.com/en-us/trackers/most-important-issues-facing-the-us
2025-08-25,all_rv,Gay rights,0.0,1121.0,single_list,YouGov/Economist,https://yougov.com/en-us/trackers/most-important-issues-facing-the-us
2025-08-25,all_rv,Gun control,0.02,1121.0,single_list,YouGov/Economist,https://yougov.com/en-us/trackers/most-important-issues-facing-the-us
2025-08-25,all_rv,Health care,0.08,1121.0,single_list,YouGov/Economist,https://yougov.com/en-us/trackers/most-important-issues-facing-the-us
2025-08-25,all_rv,Immigration,0.1,1121.0,single_list,YouGov/Economist,https://yougov.com/en-us/trackers/most-important-issues-facing-the-us
2025-08-25,all_rv,Jobs and the economy,0.11,1121.0,single_list,YouGov/Economist,https://yougov.com/en-us/trackers/most-important-issues-facing-the-us
2025-08-25,all_rv,Medicare,0.0,1121.0,single_list,YouGov/Economist,https://yougov.com/en-us/trackers/most-important-issues-facing-the-us
2025-08-25,all_rv,National Security and foreign policy,0.07,1121.0,single_list,YouGov/Economist,https://yougov.com/en-us/trackers/most-important-issues-facing-the-us
2025-08-25,all_rv,Social security,0.0,1121.0,single_list,YouGov/Economist,https://yougov.com/en-us/trackers/most-important-issues-facing-the-us
2025-08-25,all_rv,Taxes and government spending,0.08,1121.0,single_list,YouGov/Economist,https://yougov.com/en-us/trackers/most-important-issues-facing-the-us
2025-08-25,all_rv,Terrorism,0.0,1121.0,single_list,YouGov/Economist,https://yougov.com/en-us/trackers/most-important-issues-facing-the-us
2025-08-25,all_rv,The budget deficit,0.0,1121.0,single_list,YouGov/Economist,https://yougov.com/en-us/trackers/most-important-issues-facing-the-us
2025-08-25,all_rv,The war in Afghanistan,0.0,1121.0,single_list,YouGov/Economist,https://yougov.com/en-us/trackers/most-important-issues-facing-the-us
2025-08-25,all_rv,Inflation/prices,0.22,1121.0,single_list,YouGov/Economist,https://yougov.com/en-us/trackers/most-important-issues-facing-the-us
2025-09-02,all_rv,Abortion,0.03,1249.0,single_list,YouGov/Economist,https://yougov.com/en-us/trackers/most-important-issues-facing-the-us
2025-09-02,all_rv,Civil rights and civil liberties,0.13,1249.0,single_list,YouGov/Economist,https://yougov.com/en-us/trackers/most-important-issues-facing-the-us
2025-09-02,all_rv,Climate change and the environment,0.06,1249.0,single_list,YouGov/Economist,https://yougov.com/en-us/trackers/most-important-issues-facing-the-us
2025-09-02,all_rv,Crime and criminal justice reform,0.05,1249.0,single_list,YouGov/Economist,https://yougov.com/en-us/trackers/most-important-issues-facing-the-us
2025-09-02,all_rv,Education,0.03,1249.0,single_list,YouGov/Economist,https://yougov.com/en-us/trackers/most-important-issues-facing-the-us
2025-09-02,all_rv,Gay rights,0.0,1249.0,single_list,YouGov/Economist,https://yougov.com/en-us/trackers/most-important-issues-facing-the-us
2025-09-02,all_rv,Gun control,0.03,1249.0,single_list,YouGov/Economist,https://yougov.com/en-us/trackers/most-important-issues-facing-the-us
2025-09-02,all_rv,Health care,0.09,1249.0,single_list,YouGov/Economist,https://yougov.com/en-us/trackers/most-important-issues-facing-the-us
2025-09-02,all_rv,Immigration,0.08,1249.0,single_list,YouGov/Economist,https://yougov.com/en-us/trackers/most-important-issues-facing-the-us
2025-09-02,all_rv,Jobs and the economy,0.13,1249.0,single_list,YouGov/Economist,https://yougov.com/en-us/trackers/most-important-issues-facing-the-us
2025-09-02,all_rv,Medicare,0.0,1249.0,single_list,YouGov/Economist,https://yougov.com/en-us/trackers/most-important-issues-facing-the-us
2025-09-02,all_rv,National Security and foreign policy,0.08,1249.0,single_list,YouGov/Economist,https://yougov.com/en-us/trackers/most-important-issues-facing-the-us
2025-09-02,all_rv,Social security,0.0,1249.0,single_list,YouGov/Economist,https://yougov.com/en-us/trackers/most-important-issues-facing-the-us
2025-09-02,all_rv,Taxes and government spending,0.07,1249.0,single_list,YouGov/Economist,https://yougov.com/en-us/trackers/most-important-issues-facing-the-us
2025-09-02,all_rv,Terrorism,0.0,1249.0,single_list,YouGov/Economist,https://yougov.com/en-us/trackers/most-important-issues-facing-the-us
2025-09-02,all_rv,The budget deficit,0.0,1249.0,single_list,YouGov/Economist,https://yougov.com/en-us/trackers/most-important-issues-facing-the-us
2025-09-02,all_rv,The war in Afghanistan,0.0,1249.0,single_list,YouGov/Economist,https://yougov.com/en-us/trackers/most-important-issues-facing-the-us
2025-09-02,all_rv,Inflation/prices,0.23,1249.0,single_list,YouGov/Economist,https://yougov.com/en-us/trackers/most-important-issues-facing-the-us
2025-09-08,all_rv,Abortion,0.02,1215.0,single_list,YouGov/Economist,https://yougov.com/en-us/trackers/most-important-issues-facing-the-us
2025-09-08,all_rv,Civil rights and civil liberties,0.14,1215.0,single_list,YouGov/Economist,https://yougov.com/en-us/trackers/most-important-issues-facing-the-us
2025-09-08,all_rv,Climate change and the environment,0.05,1215.0,single_list,YouGov/Economist,https://yougov.com/en-us/trackers/most-important-issues-facing-the-us
2025-09-08,all_rv,Crime and criminal justice reform,0.04,1215.0,single_list,YouGov/Economist,https://yougov.com/en-us/trackers/most-important-issues-facing-the-us
2025-09-08,all_rv,Education,0.03,1215.0,single_list,YouGov/Economist,https://yougov.com/en-us/trackers/most-important-issues-facing-the-us
2025-09-08,all_rv,Gay rights,0.0,1215.0,single_list,YouGov/Economist,https://yougov.com/en-us/trackers/most-important-issues-facing-the-us
2025-09-08,all_rv,Gun control,0.03,1215.0,single_list,YouGov/Economist,https://yougov.com/en-us/trackers/most-important-issues-facing-the-us
2025-09-08,all_rv,Health care,0.11,1215.0,single_list,YouGov/Economist,https://yougov.com/en-us/trackers/most-important-issues-facing-the-us
2025-09-08,all_rv,Immigration,0.1,1215.0,single_list,YouGov/Economist,https://yougov.com/en-us/trackers/most-important-issues-facing-the-us
2025-09-08,all_rv,Jobs and the economy,0.14,1215.0,single_list,YouGov/Economist,https://yougov.com/en-us/trackers/most-important-issues-facing-the-us
2025-09-08,all_rv,Medicare,0.0,1215.0,single_list,YouGov/Economist,https://yougov.com/en-us/trackers/most-important-issues-facing-the-us
2025-09-08,all_rv,National Security and foreign policy,0.09,1215.0,single_list,YouGov/Economist,https://yougov.com/en-us/trackers/most-important-issues-facing-the-us
2025-09-08,all_rv,Social security,0.0,1215.0,single_list,YouGov/Economist,https://yougov.com/en-us/trackers/most-important-issues-facing-the-us
2025-09-08,all_rv,Taxes and government spending,0.05,1215.0,single_list,YouGov/Economist,https://yougov.com/en-us/trackers/most-important-issues-facing-the-us
2025-09-08,all_rv,Terrorism,0.0,1215.0,single_list,YouGov/Economist,https://yougov.com/en-us/trackers/most-important-issues-facing-the-us
2025-09-08,all_rv,The budget deficit,0.0,1215.0,single_list,YouGov/Economist,https://yougov.com/en-us/trackers/most-important-issues-facing-the-us
2025-09-08,all_rv,The war in Afghanistan,0.0,1215.0,single_list,YouGov/Economist,https://yougov.com/en-us/trackers/most-important-issues-facing-the-us
2025-09-08,all_rv,Inflation/prices,0.22,1215.0,single_list,YouGov/Economist,https://yougov.com/en-us/trackers/most-important-issues-facing-the-us
2025-09-15,all_rv,Abortion,0.03,1150.0,single_list,YouGov/Economist,https://yougov.com/en-us/trackers/most-important-issues-facing-the-us
2025-09-15,all_rv,Civil rights and civil liberties,0.14,1150.0,single_list,YouGov/Economist,https://yougov.com/en-us/trackers/most-important-issues-facing-the-us
2025-09-15,all_rv,Climate change and the environment,0.06,1150.0,single_list,YouGov/Economist,https://yougov.com/en-us/trackers/most-important-issues-facing-the-us
2025-09-15,all_rv,Crime and criminal justice reform,0.06,1150.0,single_list,YouGov/Economist,https://yougov.com/en-us/trackers/most-important-issues-facing-the-us
2025-09-15,all_rv,Education,0.02,1150.0,single_list,YouGov/Economist,https://yougov.com/en-us/trackers/most-important-issues-facing-the-us
2025-09-15,all_rv,Gay rights,0.0,1150.0,single_list,YouGov/Economist,https://yougov.com/en-us/trackers/most-important-issues-facing-the-us
2025-09-15,all_rv,Gun control,0.03,1150.0,single_list,YouGov/Economist,https://yougov.com/en-us/trackers/most-important-issues-facing-the-us
2025-09-15,all_rv,Health care,0.08,1150.0,single_list,YouGov/Economist,https://yougov.com/en-us/trackers/most-important-issues-facing-the-us
2025-09-15,all_rv,Immigration,0.09,1150.0,single_list,YouGov/Economist,https://yougov.com/en-us/trackers/most-important-issues-facing-the-us
2025-09-15,all_rv,Jobs and the economy,0.11,1150.0,single_list,YouGov/Economist,https://yougov.com/en-us/trackers/most-important-issues-facing-the-us
2025-09-15,all_rv,Medicare,0.0,1150.0,single_list,YouGov/Economist,https://yougov.com/en-us/trackers/most-important-issues-facing-the-us
2025-09-15,all_rv,National Security and foreign policy,0.08,1150.0,single_list,YouGov/Economist,https://yougov.com/en-us/trackers/most-important-issues-facing-the-us
2025-09-15,all_rv,Social security,0.0,1150.0,single_list,YouGov/Economist,https://yougov.com/en-us/trackers/most-important-issues-facing-the-us
2025-09-15,all_rv,Taxes and government spending,0.06,1150.0,single_list,YouGov/Economist,https://yougov.com/en-us/trackers/most-important-issues-facing-the-us
2025-09-15,all_rv,Terrorism,0.0,1150.0,single_list,YouGov/Economist,https://yougov.com/en-us/trackers/most-important-issues-facing-the-us
2025-09-15,all_rv,The budget deficit,0.0,1150.0,single_list,YouGov/Economist,https://yougov.com/en-us/trackers/most-important-issues-facing-the-us
2025-09-15,all_rv,The war in Afghanistan,0.0,1150.0,single_list,YouGov/Economist,https://yougov.com/en-us/trackers/most-important-issues-facing-the-us
2025-09-15,all_rv,Inflation/prices,0.23,1150.0,single_list,YouGov/Economist,https://yougov.com/en-us/trackers/most-important-issues-facing-the-us
2025-09-22,all_rv,Abortion,0.03,1144.0,single_list,YouGov/Economist,https://yougov.com/en-us/trackers/most-important-issues-facing-the-us
2025-09-22,all_rv,Civil rights and civil liberties,0.2,1144.0,single_list,YouGov/Economist,https://yougov.com/en-us/trackers/most-important-issues-facing-the-us
2025-09-22,all_rv,Climate change and the environment,0.06,1144.0,single_list,YouGov/Economist,https://yougov.com/en-us/trackers/most-important-issues-facing-the-us
2025-09-22,all_rv,Crime and criminal justice reform,0.06,1144.0,single_list,YouGov/Economist,https://yougov.com/en-us/trackers/most-important-issues-facing-the-us
2025-09-22,all_rv,Education,0.03,1144.0,single_list,YouGov/Economist,https://yougov.com/en-us/trackers/most-important-issues-facing-the-us
2025-09-22,all_rv,Gay rights,0.0,1144.0,single_list,YouGov/Economist,https://yougov.com/en-us/trackers/most-important-issues-facing-the-us
2025-09-22,all_rv,Gun control,0.04,1144.0,single_list,YouGov/Economist,https://yougov.com/en-us/trackers/most-important-issues-facing-the-us
2025-09-22,all_rv,Health care,0.08,1144.0,single_list,YouGov/Economist,https://yougov.com/en-us/trackers/most-important-issues-facing-the-us
2025-09-22,all_rv,Immigration,0.09,1144.0,single_list,YouGov/Economist,https://yougov.com/en-us/trackers/most-important-issues-facing-the-us
2025-09-22,all_rv,Jobs and the economy,0.11,1144.0,single_list,YouGov/Economist,https://yougov.com/en-us/trackers/most-important-issues-facing-the-us
2025-09-22,all_rv,Medicare,0.0,1144.0,single_list,YouGov/Economist,https://yougov.com/en-us/trackers/most-important-issues-facing-the-us
2025-09-22,all_rv,National Security and foreign policy,0.06,1144.0,single_list,YouGov/Economist,https://yougov.com/en-us/trackers/most-important-issues-facing-the-us
2025-09-22,all_rv,Social security,0.0,1144.0,single_list,YouGov/Economist,https://yougov.com/en-us/trackers/most-important-issues-facing-the-us
2025-09-22,all_rv,Taxes and government spending,0.07,1144.0,single_list,YouGov/Economist,https://yougov.com/en-us/trackers/most-important-issues-facing-the-us
2025-09-22,all_rv,Terrorism,0.0,1144.0,single_list,YouGov/Economist,https://yougov.com/en-us/trackers/most-important-issues-facing-the-us
2025-09-22,all_rv,The budget deficit,0.0,1144.0,single_list,YouGov/Economist,https://yougov.com/en-us/trackers/most-important-issues-facing-the-us
2025-09-22,all_rv,The war in Afghanistan,0.0,1144.0,single_list,YouGov/Economist,https://yougov.com/en-us/trackers/most-important-issues-facing-the-us
2025-09-22,all_rv,Inflation/prices,0.2,1144.0,single_list,YouGov/Economist,https://yougov.com/en-us/trackers/most-important-issues-facing-the-us
2025-09-29,all_rv,Abortion,0.03,1230.0,single_list,YouGov/Economist,https://yougov.com/en-us/trackers/most-important-issues-facing-the-us
2025-09-29,all_rv,Civil rights and civil liberties,0.16,1230.0,single_list,YouGov/Economist,https://yougov.com/en-us/trackers/most-important-issues-facing-the-us
2025-09-29,all_rv,Climate change and the environment,0.06,1230.0,single_list,YouGov/Economist,https://yougov.com/en-us/trackers/most-important-issues-facing-the-us
2025-09-29,all_rv,Crime and criminal justice reform,0.05,1230.0,single_list,YouGov/Economist,https://yougov.com/en-us/trackers/most-important-issues-facing-the-us
2025-09-29,all_rv,Education,0.02,1230.0,single_list,YouGov/Economist,https://yougov.com/en-us/trackers/most-important-issues-facing-the-us
2025-09-29,all_rv,Gay rights,0.0,1230.0,single_list,YouGov/Economist,https://yougov.com/en-us/trackers/most-important-issues-facing-the-us
2025-09-29,all_rv,Gun control,0.02,1230.0,single_list,YouGov/Economist,https://yougov.com/en-us/trackers/most-important-issues-facing-the-us
2025-09-29,all_rv,Health care,0.09,1230.0,single_list,YouGov/Economist,https://yougov.com/en-us/trackers/most-important-issues-facing-the-us
2025-09-29,all_rv,Immigration,0.09,1230.0,single_list,YouGov/Economist,https://yougov.com/en-us/trackers/most-important-issues-facing-the-us
2025-09-29,all_rv,Jobs and the economy,0.14,1230.0,single_list,YouGov/Economist,https://yougov.com/en-us/trackers/most-important-issues-facing-the-us
2025-09-29,all_rv,Medicare,0.0,1230.0,single_list,YouGov/Economist,https://yougov.com/en-us/trackers/most-important-issues-facing-the-us
2025-09-29,all_rv,National Security and foreign policy,0.07,1230.0,single_list,YouGov/Economist,https://yougov.com/en-us/trackers/most-important-issues-facing-the-us
2025-09-29,all_rv,Social security,0.0,1230.0,single_list,YouGov/Economist,https://yougov.com/en-us/trackers/most-important-issues-facing-the-us
2025-09-29,all_rv,Taxes and government spending,0.07,1230.0,single_list,YouGov/Economist,https://yougov.com/en-us/trackers/most-important-issues-facing-the-us
2025-09-29,all_rv,Terrorism,0.0,1230.0,single_list,YouGov/Economist,https://yougov.com/en-us/trackers/most-important-issues-facing-the-us
2025-09-29,all_rv,The budget deficit,0.0,1230.0,single_list,YouGov/Economist,https://yougov.com/en-us/trackers/most-important-issues-facing-the-us
2025-09-29,all_rv,The war in Afghanistan,0.0,1230.0,single_list,YouGov/Economist,https://yougov.com/en-us/trackers/most-important-issues-facing-the-us
2025-09-29,all_rv,Inflation/prices,0.21,1230.0,single_list,YouGov/Economist,https://yougov.com/en-us/trackers/most-important-issues-facing-the-us
2025-10-06,all_rv,Abortion,0.01,1224.0,single_list,YouGov/Economist,https://yougov.com/en-us/trackers/most-important-issues-facing-the-us
2025-10-06,all_rv,Civil rights and civil liberties,0.16,1224.0,single_list,YouGov/Economist,https://yougov.com/en-us/trackers/most-important-issues-facing-the-us
2025-10-06,all_rv,Climate change and the environment,0.04,1224.0,single_list,YouGov/Economist,https://yougov.com/en-us/trackers/most-important-issues-facing-the-us
2025-10-06,all_rv,Crime and criminal justice reform,0.07,1224.0,single_list,YouGov/Economist,https://yougov.com/en-us/trackers/most-important-issues-facing-the-us
2025-10-06,all_rv,Education,0.02,1224.0,single_list,YouGov/Economist,https://yougov.com/en-us/trackers/most-important-issues-facing-the-us
2025-10-06,all_rv,Gay rights,0.0,1224.0,single_list,YouGov/Economist,https://yougov.com/en-us/trackers/most-important-issues-facing-the-us
2025-10-06,all_rv,Gun control,0.02,1224.0,single_list,YouGov/Economist,https://yougov.com/en-us/trackers/most-important-issues-facing-the-us
2025-10-06,all_rv,Health care,0.12,1224.0,single_list,YouGov/Economist,https://yougov.com/en-us/trackers/most-important-issues-facing-the-us
2025-10-06,all_rv,Immigration,0.1,1224.0,single_list,YouGov/Economist,https://yougov.com/en-us/trackers/most-important-issues-facing-the-us
2025-10-06,all_rv,Jobs and the economy,0.12,1224.0,single_list,YouGov/Economist,https://yougov.com/en-us/trackers/most-important-issues-facing-the-us
2025-10-06,all_rv,Medicare,0.0,1224.0,single_list,YouGov/Economist,https://yougov.com/en-us/trackers/most-important-issues-facing-the-us
2025-10-06,all_rv,National Security and foreign policy,0.06,1224.0,single_list,YouGov/Economist,https://yougov.com/en-us/trackers/most-important-issues-facing-the-us
2025-10-06,all_rv,Social security,0.0,1224.0,single_list,YouGov/Economist,https://yougov.com/en-us/trackers/most-important-issues-facing-the-us
2025-10-06,all_rv,Taxes and government spending,0.07,1224.0,single_list,YouGov/Economist,https://yougov.com/en-us/trackers/most-important-issues-facing-the-us
2025-10-06,all_rv,Terrorism,0.0,1224.0,single_list,YouGov/Economist,https://yougov.com/en-us/trackers/most-important-issues-facing-the-us
2025-10-06,all_rv,The budget deficit,0.0,1224.0,single_list,YouGov/Economist,https://yougov.com/en-us/trackers/most-important-issues-facing-the-us
2025-10-06,all_rv,The war in Afghanistan,0.0,1224.0,single_list,YouGov/Economist,https://yougov.com/en-us/trackers/most-important-issues-facing-the-us
2025-10-06,all_rv,Inflation/prices,0.22,1224.0,single_list,YouGov/Economist,https://yougov.com/en-us/trackers/most-important-issues-facing-the-us
2025-10-13,all_rv,Abortion,0.03,1200.0,single_list,YouGov/Economist,https://yougov.com/en-us/trackers/most-important-issues-facing-the-us
2025-10-13,all_rv,Civil rights and civil liberties,0.15,1200.0,single_list,YouGov/Economist,https://yougov.com/en-us/trackers/most-important-issues-facing-the-us
2025-10-13,all_rv,Climate change and the environment,0.05,1200.0,single_list,YouGov/Economist,https://yougov.com/en-us/trackers/most-important-issues-facing-the-us
2025-10-13,all_rv,Crime and criminal justice reform,0.05,1200.0,single_list,YouGov/Economist,https://yougov.com/en-us/trackers/most-important-issues-facing-the-us
2025-10-13,all_rv,Education,0.02,1200.0,single_list,YouGov/Economist,https://yougov.com/en-us/trackers/most-important-issues-facing-the-us
2025-10-13,all_rv,Gay rights,0.0,1200.0,single_list,YouGov/Economist,https://yougov.com/en-us/trackers/most-important-issues-facing-the-us
2025-10-13,all_rv,Gun control,0.02,1200.0,single_list,YouGov/Economist,https://yougov.com/en-us/trackers/most-important-issues-facing-the-us
2025-10-13,all_rv,Health care,0.09,1200.0,single_list,YouGov/Economist,https://yougov.com/en-us/trackers/most-important-issues-facing-the-us
2025-10-13,all_rv,Immigration,0.08,1200.0,single_list,YouGov/Economist,https://yougov.com/en-us/trackers/most-important-issues-facing-the-us
2025-10-13,all_rv,Jobs and the economy,0.12,1200.0,single_list,YouGov/Economist,https://yougov.com/en-us/trackers/most-important-issues-facing-the-us
2025-10-13,all_rv,Medicare,0.0,1200.0,single_list,YouGov/Economist,https://yougov.com/en-us/trackers/most-important-issues-facing-the-us
2025-10-13,all_rv,National Security and foreign policy,0.07,1200.0,single_list,YouGov/Economist,https://yougov.com/en-us/trackers/most-important-issues-facing-the-us
2025-10-13,all_rv,Social security,0.0,1200.0,single_list,YouGov/Economist,https://yougov.com/en-us/trackers/most-important-issues-facing-the-us
2025-10-13,all_rv,Taxes and government spending,0.09,1200.0,single_list,YouGov/Economist,https://yougov.com/en-us/trackers/most-important-issues-facing-the-us
2025-10-13,all_rv,Terrorism,0.0,1200.0,single_list,YouGov/Economist,https://yougov.com/en-us/trackers/most-important-issues-facing-the-us
2025-10-13,all_rv,The budget deficit,0.0,1200.0,single_list,YouGov/Economist,https://yougov.com/en-us/trackers/most-important-issues-facing-the-us
2025-10-13,all_rv,The war in Afghanistan,0.0,1200.0,single_list,YouGov/Economist,https://yougov.com/en-us/trackers/most-important-issues-facing-the-us
2025-10-13,all_rv,Inflation/prices,0.22,1200.0,single_list,YouGov/Economist,https://yougov.com/en-us/trackers/most-important-issues-facing-the-us
2025-10-20,all_rv,Abortion,0.03,1203.0,single_list,YouGov/Economist,https://yougov.com/en-us/trackers/most-important-issues-facing-the-us
2025-10-20,all_rv,Civil rights and civil liberties,0.14,1203.0,single_list,YouGov/Economist,https://yougov.com/en-us/trackers/most-important-issues-facing-the-us
2025-10-20,all_rv,Climate change and the environment,0.05,1203.0,single_list,YouGov/Economist,https://yougov.com/en-us/trackers/most-important-issues-facing-the-us
2025-10-20,all_rv,Crime and criminal justice reform,0.05,1203.0,single_list,YouGov/Economist,https://yougov.com/en-us/trackers/most-important-issues-facing-the-us
2025-10-20,all_rv,Education,0.02,1203.0,single_list,YouGov/Economist,https://yougov.com/en-us/trackers/most-important-issues-facing-the-us
2025-10-20,all_rv,Gay rights,0.0,1203.0,single_list,YouGov/Economist,https://yougov.com/en-us/trackers/most-important-issues-facing-the-us
2025-10-20,all_rv,Gun control,0.02,1203.0,single_list,YouGov/Economist,https://yougov.com/en-us/trackers/most-important-issues-facing-the-us
2025-10-20,all_rv,Health care,0.1,1203.0,single_list,YouGov/Economist,https://yougov.com/en-us/trackers/most-important-issues-facing-the-us
2025-10-20,all_rv,Immigration,0.07,1203.0,single_list,YouGov/Economist,https://yougov.com/en-us/trackers/most-important-issues-facing-the-us
2025-10-20,all_rv,Jobs and the economy,0.15,1203.0,single_list,YouGov/Economist,https://yougov.com/en-us/trackers/most-important-issues-facing-the-us
2025-10-20,all_rv,Medicare,0.0,1203.0,single_list,YouGov/Economist,https://yougov.com/en-us/trackers/most-important-issues-facing-the-us
2025-10-20,all_rv,National Security and foreign policy,0.06,1203.0,single_list,YouGov/Economist,https://yougov.com/en-us/trackers/most-important-issues-facing-the-us
2025-10-20,all_rv,Social security,0.0,1203.0,single_list,YouGov/Economist,https://yougov.com/en-us/trackers/most-important-issues-facing-the-us
2025-10-20,all_rv,Taxes and government spending,0.08,1203.0,single_list,YouGov/Economist,https://yougov.com/en-us/trackers/most-important-issues-facing-the-us
2025-10-20,all_rv,Terrorism,0.0,1203.0,single_list,YouGov/Economist,https://yougov.com/en-us/trackers/most-important-issues-facing-the-us
2025-10-20,all_rv,The budget deficit,0.0,1203.0,single_list,YouGov/Economist,https://yougov.com/en-us/trackers/most-important-issues-facing-the-us
2025-10-20,all_rv,The war in Afghanistan,0.0,1203.0,single_list,YouGov/Economist,https://yougov.com/en-us/trackers/most-important-issues-facing-the-us
2025-10-20,all_rv,Inflation/prices,0.24,1203.0,single_list,YouGov/Economist,https://yougov.com/en-us/trackers/most-important-issues-facing-the-us
2025-10-27,all_rv,Abortion,0.03,1195.0,single_list,YouGov/Economist,https://yougov.com/en-us/trackers/most-important-issues-facing-the-us
2025-10-27,all_rv,Civil rights and civil liberties,0.13,1195.0,single_list,YouGov/Economist,https://yougov.com/en-us/trackers/most-important-issues-facing-the-us
2025-10-27,all_rv,Climate change and the environment,0.05,1195.0,single_list,YouGov/Economist,https://yougov.com/en-us/trackers/most-important-issues-facing-the-us
2025-10-27,all_rv,Crime and criminal justice reform,0.04,1195.0,single_list,YouGov/Economist,https://yougov.com/en-us/trackers/most-important-issues-facing-the-us
2025-10-27,all_rv,Education,0.02,1195.0,single_list,YouGov/Economist,https://yougov.com/en-us/trackers/most-important-issues-facing-the-us
2025-10-27,all_rv,Gay rights,0.0,1195.0,single_list,YouGov/Economist,https://yougov.com/en-us/trackers/most-important-issues-facing-the-us
2025-10-27,all_rv,Gun control,0.02,1195.0,single_list,YouGov/Economist,https://yougov.com/en-us/trackers/most-important-issues-facing-the-us
2025-10-27,all_rv,Health care,0.1,1195.0,single_list,YouGov/Economist,https://yougov.com/en-us/trackers/most-important-issues-facing-the-us
2025-10-27,all_rv,Immigration,0.09,1195.0,single_list,YouGov/Economist,https://yougov.com/en-us/trackers/most-important-issues-facing-the-us
2025-10-27,all_rv,Jobs and the economy,0.13,1195.0,single_list,YouGov/Economist,https://yougov.com/en-us/trackers/most-important-issues-facing-the-us
2025-10-27,all_rv,Medicare,0.0,1195.0,single_list,YouGov/Economist,https://yougov.com/en-us/trackers/most-important-issues-facing-the-us
2025-10-27,all_rv,National Security and foreign policy,0.06,1195.0,single_list,YouGov/Economist,https://yougov.com/en-us/trackers/most-important-issues-facing-the-us
2025-10-27,all_rv,Social security,0.0,1195.0,single_list,YouGov/Economist,https://yougov.com/en-us/trackers/most-important-issues-facing-the-us
2025-10-27,all_rv,Taxes and government spending,0.08,1195.0,single_list,YouGov/Economist,https://yougov.com/en-us/trackers/most-important-issues-facing-the-us
2025-10-27,all_rv,Terrorism,0.0,1195.0,single_list,YouGov/Economist,https://yougov.com/en-us/trackers/most-important-issues-facing-the-us
2025-10-27,all_rv,The budget deficit,0.0,1195.0,single_list,YouGov/Economist,https://yougov.com/en-us/trackers/most-important-issues-facing-the-us
2025-10-27,all_rv,The war in Afghanistan,0.0,1195.0,single_list,YouGov/Economist,https://yougov.com/en-us/trackers/most-important-issues-facing-the-us
2025-10-27,all_rv,Inflation/prices,0.24,1195.0,single_list,YouGov/Economist,https://yougov.com/en-us/trackers/most-important-issues-facing-the-us
2025-11-03,all_rv,Abortion,0.02,1222.0,single_list,YouGov/Economist,https://yougov.com/en-us/trackers/most-important-issues-facing-the-us
2025-11-03,all_rv,Civil rights and civil liberties,0.15,1222.0,single_list,YouGov/Economist,https://yougov.com/en-us/trackers/most-important-issues-facing-the-us
2025-11-03,all_rv,Climate change and the environment,0.03,1222.0,single_list,YouGov/Economist,https://yougov.com/en-us/trackers/most-important-issues-facing-the-us
2025-11-03,all_rv,Crime and criminal justice reform,0.04,1222.0,single_list,YouGov/Economist,https://yougov.com/en-us/trackers/most-important-issues-facing-the-us
2025-11-03,all_rv,Education,0.02,1222.0,single_list,YouGov/Economist,https://yougov.com/en-us/trackers/most-important-issues-facing-the-us
2025-11-03,all_rv,Gay rights,0.0,1222.0,single_list,YouGov/Economist,https://yougov.com/en-us/trackers/most-important-issues-facing-the-us
2025-11-03,all_rv,Gun control,0.02,1222.0,single_list,YouGov/Economist,https://yougov.com/en-us/trackers/most-important-issues-facing-the-us
2025-11-03,all_rv,Health care,0.1,1222.0,single_list,YouGov/Economist,https://yougov.com/en-us/trackers/most-important-issues-facing-the-us
2025-11-03,all_rv,Immigration,0.09,1222.0,single_list,YouGov/Economist,https://yougov.com/en-us/trackers/most-important-issues-facing-the-us
2025-11-03,all_rv,Jobs and the economy,0.15,1222.0,single_list,YouGov/Economist,https://yougov.com/en-us/trackers/most-important-issues-facing-the-us
2025-11-03,all_rv,Medicare,0.0,1222.0,single_list,YouGov/Economist,https://yougov.com/en-us/trackers/most-important-issues-facing-the-us
2025-11-03,all_rv,National Security and foreign policy,0.06,1222.0,single_list,YouGov/Economist,https://yougov.com/en-us/trackers/most-important-issues-facing-the-us
2025-11-03,all_rv,Social security,0.0,1222.0,single_list,YouGov/Economist,https://yougov.com/en-us/trackers/most-important-issues-facing-the-us
2025-11-03,all_rv,Taxes and government spending,0.08,1222.0,single_list,YouGov/Economist,https://yougov.com/en-us/trackers/most-important-issues-facing-the-us
2025-11-03,all_rv,Terrorism,0.0,1222.0,single_list,YouGov/Economist,https://yougov.com/en-us/trackers/most-important-issues-facing-the-us
2025-11-03,all_rv,The budget deficit,0.0,1222.0,single_list,YouGov/Economist,https://yougov.com/en-us/trackers/most-important-issues-facing-the-us
2025-11-03,all_rv,The war in Afghanistan,0.0,1222.0,single_list,YouGov/Economist,https://yougov.com/en-us/trackers/most-important-issues-facing-the-us
2025-11-03,all_rv,Inflation/prices,0.24,1222.0,single_list,YouGov/Economist,https://yougov.com/en-us/trackers/most-important-issues-facing-the-us
2025-11-10,all_rv,Abortion,0.02,2444.0,single_list,YouGov/Economist,https://yougov.com/en-us/trackers/most-important-issues-facing-the-us
2025-11-10,all_rv,Civil rights and civil liberties,0.14,2444.0,single_list,YouGov/Economist,https://yougov.com/en-us/trackers/most-important-issues-facing-the-us
2025-11-10,all_rv,Climate change and the environment,0.05,2444.0,single_list,YouGov/Economist,https://yougov.com/en-us/trackers/most-important-issues-facing-the-us
2025-11-10,all_rv,Crime and criminal justice reform,0.03,2444.0,single_list,YouGov/Economist,https://yougov.com/en-us/trackers/most-important-issues-facing-the-us
2025-11-10,all_rv,Education,0.02,2444.0,single_list,YouGov/Economist,https://yougov.com/en-us/trackers/most-important-issues-facing-the-us
2025-11-10,all_rv,Gay rights,0.0,2444.0,single_list,YouGov/Economist,https://yougov.com/en-us/trackers/most-important-issues-facing-the-us
2025-11-10,all_rv,Gun control,0.02,2444.0,single_list,YouGov/Economist,https://yougov.com/en-us/trackers/most-important-issues-facing-the-us
2025-11-10,all_rv,Health care,0.11,2444.0,single_list,YouGov/Economist,https://yougov.com/en-us/trackers/most-important-issues-facing-the-us
2025-11-10,all_rv,Immigration,0.07,2444.0,single_list,YouGov/Economist,https://yougov.com/en-us/trackers/most-important-issues-facing-the-us
2025-11-10,all_rv,Jobs and the economy,0.15,2444.0,single_list,YouGov/Economist,https://yougov.com/en-us/trackers/most-important-issues-facing-the-us
2025-11-10,all_rv,Medicare,0.0,2444.0,single_list,YouGov/Economist,https://yougov.com/en-us/trackers/most-important-issues-facing-the-us
2025-11-10,all_rv,National Security and foreign policy,0.06,2444.0,single_list,YouGov/Economist,https://yougov.com/en-us/trackers/most-important-issues-facing-the-us
2025-11-10,all_rv,Social security,0.0,2444.0,single_list,YouGov/Economist,https://yougov.com/en-us/trackers/most-important-issues-facing-the-us
2025-11-10,all_rv,Taxes and government spending,0.09,2444.0,single_list,YouGov/Economist,https://yougov.com/en-us/trackers/most-important-issues-facing-the-us
2025-11-10,all_rv,Terrorism,0.0,2444.0,single_list,YouGov/Economist,https://yougov.com/en-us/trackers/most-important-issues-facing-the-us
2025-11-10,all_rv,The budget deficit,0.0,2444.0,single_list,YouGov/Economist,https://yougov.com/en-us/trackers/most-important-issues-facing-the-us
2025-11-10,all_rv,The war in Afghanistan,0.0,2444.0,single_list,YouGov/Economist,https://yougov.com/en-us/trackers/most-important-issues-facing-the-us
2025-11-10,all_rv,Inflation/prices,0.24,2444.0,single_list,YouGov/Economist,https://yougov.com/en-us/trackers/most-important-issues-facing-the-us
2025-11-17,all_rv,Abortion,0.02,1132.0,single_list,YouGov/Economist,https://yougov.com/en-us/trackers/most-important-issues-facing-the-us
2025-11-17,all_rv,Civil rights and civil liberties,0.13,1132.0,single_list,YouGov/Economist,https://yougov.com/en-us/trackers/most-important-issues-facing-the-us
2025-11-17,all_rv,Climate change and the environment,0.05,1132.0,single_list,YouGov/Economist,https://yougov.com/en-us/trackers/most-important-issues-facing-the-us
2025-11-17,all_rv,Crime and criminal justice reform,0.05,1132.0,single_list,YouGov/Economist,https://yougov.com/en-us/trackers/most-important-issues-facing-the-us
2025-11-17,all_rv,Education,0.01,1132.0,single_list,YouGov/Economist,https://yougov.com/en-us/trackers/most-important-issues-facing-the-us
2025-11-17,all_rv,Gay rights,0.0,1132.0,single_list,YouGov/Economist,https://yougov.com/en-us/trackers/most-important-issues-facing-the-us
2025-11-17,all_rv,Gun control,0.01,1132.0,single_list,YouGov/Economist,https://yougov.com/en-us/trackers/most-important-issues-facing-the-us
2025-11-17,all_rv,Health care,0.12,1132.0,single_list,YouGov/Economist,https://yougov.com/en-us/trackers/most-important-issues-facing-the-us
2025-11-17,all_rv,Immigration,0.07,1132.0,single_list,YouGov/Economist,https://yougov.com/en-us/trackers/most-important-issues-facing-the-us
2025-11-17,all_rv,Jobs and the economy,0.15,1132.0,single_list,YouGov/Economist,https://yougov.com/en-us/trackers/most-important-issues-facing-the-us
2025-11-17,all_rv,Medicare,0.0,1132.0,single_list,YouGov/Economist,https://yougov.com/en-us/trackers/most-important-issues-facing-the-us
2025-11-17,all_rv,National Security and foreign policy,0.05,1132.0,single_list,YouGov/Economist,https://yougov.com/en-us/trackers/most-important-issues-facing-the-us
2025-11-17,all_rv,Social security,0.0,1132.0,single_list,YouGov/Economist,https://yougov.com/en-us/trackers/most-important-issues-facing-the-us
2025-11-17,all_rv,Taxes and government spending,0.09,1132.0,single_list,YouGov/Economist,https://yougov.com/en-us/trackers/most-important-issues-facing-the-us
2025-11-17,all_rv,Terrorism,0.0,1132.0,single_list,YouGov/Economist,https://yougov.com/en-us/trackers/most-important-issues-facing-the-us
2025-11-17,all_rv,The budget deficit,0.0,1132.0,single_list,YouGov/Economist,https://yougov.com/en-us/trackers/most-important-issues-facing-the-us
2025-11-17,all_rv,The war in Afghanistan,0.0,1132.0,single_list,YouGov/Economist,https://yougov.com/en-us/trackers/most-important-issues-facing-the-us
2025-11-17,all_rv,Inflation/prices,0.23,1132.0,single_list,YouGov/Economist,https://yougov.com/en-us/trackers/most-important-issues-facing-the-us
2025-11-24,all_rv,Abortion,0.03,1244.0,single_list,YouGov/Economist,https://yougov.com/en-us/trackers/most-important-issues-facing-the-us
2025-11-24,all_rv,Civil rights and civil liberties,0.12,1244.0,single_list,YouGov/Economist,https://yougov.com/en-us/trackers/most-important-issues-facing-the-us
2025-11-24,all_rv,Climate change and the environment,0.06,1244.0,single_list,YouGov/Economist,https://yougov.com/en-us/trackers/most-important-issues-facing-the-us
2025-11-24,all_rv,Crime and criminal justice reform,0.04,1244.0,single_list,YouGov/Economist,https://yougov.com/en-us/trackers/most-important-issues-facing-the-us
2025-11-24,all_rv,Education,0.03,1244.0,single_list,YouGov/Economist,https://yougov.com/en-us/trackers/most-important-issues-facing-the-us
2025-11-24,all_rv,Gay rights,0.0,1244.0,single_list,YouGov/Economist,https://yougov.com/en-us/trackers/most-important-issues-facing-the-us
2025-11-24,all_rv,Gun control,0.02,1244.0,single_list,YouGov/Economist,https://yougov.com/en-us/trackers/most-important-issues-facing-the-us
2025-11-24,all_rv,Health care,0.1,1244.0,single_list,YouGov/Economist,https://yougov.com/en-us/trackers/most-important-issues-facing-the-us
2025-11-24,all_rv,Immigration,0.07,1244.0,single_list,YouGov/Economist,https://yougov.com/en-us/trackers/most-important-issues-facing-the-us
2025-11-24,all_rv,Jobs and the economy,0.16,1244.0,single_list,YouGov/Economist,https://yougov.com/en-us/trackers/most-important-issues-facing-the-us
2025-11-24,all_rv,Medicare,0.0,1244.0,single_list,YouGov/Economist,https://yougov.com/en-us/trackers/most-important-issues-facing-the-us
2025-11-24,all_rv,National Security and foreign policy,0.06,1244.0,single_list,YouGov/Economist,https://yougov.com/en-us/trackers/most-important-issues-facing-the-us
2025-11-24,all_rv,Social security,0.0,1244.0,single_list,YouGov/Economist,https://yougov.com/en-us/trackers/most-important-issues-facing-the-us
2025-11-24,all_rv,Taxes and government spending,0.08,1244.0,single_list,YouGov/Economist,https://yougov.com/en-us/trackers/most-important-issues-facing-the-us
2025-11-24,all_rv,Terrorism,0.0,1244.0,single_list,YouGov/Economist,https://yougov.com/en-us/trackers/most-important-issues-facing-the-us
2025-11-24,all_rv,The budget deficit,0.0,1244.0,single_list,YouGov/Economist,https://yougov.com/en-us/trackers/most-important-issues-facing-the-us
2025-11-24,all_rv,The war in Afghanistan,0.0,1244.0,single_list,YouGov/Economist,https://yougov.com/en-us/trackers/most-important-issues-facing-the-us
2025-11-24,all_rv,Inflation/prices,0.23,1244.0,single_list,YouGov/Economist,https://yougov.com/en-us/trackers/most-important-issues-facing-the-us
2025-12-01,all_rv,Abortion,0.03,1198.0,single_list,YouGov/Economist,https://yougov.com/en-us/trackers/most-important-issues-facing-the-us
2025-12-01,all_rv,Civil rights and civil liberties,0.11,1198.0,single_list,YouGov/Economist,https://yougov.com/en-us/trackers/most-important-issues-facing-the-us
2025-12-01,all_rv,Climate change and the environment,0.05,1198.0,single_list,YouGov/Economist,https://yougov.com/en-us/trackers/most-important-issues-facing-the-us
2025-12-01,all_rv,Crime and criminal justice reform,0.04,1198.0,single_list,YouGov/Economist,https://yougov.com/en-us/trackers/most-important-issues-facing-the-us
2025-12-01,all_rv,Education,0.02,1198.0,single_list,YouGov/Economist,https://yougov.com/en-us/trackers/most-important-issues-facing-the-us
2025-12-01,all_rv,Gay rights,0.0,1198.0,single_list,YouGov/Economist,https://yougov.com/en-us/trackers/most-important-issues-facing-the-us
2025-12-01,all_rv,Gun control,0.03,1198.0,single_list,YouGov/Economist,https://yougov.com/en-us/trackers/most-important-issues-facing-the-us
2025-12-01,all_rv,Health care,0.1,1198.0,single_list,YouGov/Economist,https://yougov.com/en-us/trackers/most-important-issues-facing-the-us
2025-12-01,all_rv,Immigration,0.1,1198.0,single_list,YouGov/Economist,https://yougov.com/en-us/trackers/most-important-issues-facing-the-us
2025-12-01,all_rv,Jobs and the economy,0.15,1198.0,single_list,YouGov/Economist,https://yougov.com/en-us/trackers/most-important-issues-facing-the-us
2025-12-01,all_rv,Medicare,0.0,1198.0,single_list,YouGov/Economist,https://yougov.com/en-us/trackers/most-important-issues-facing-the-us
2025-12-01,all_rv,National Security and foreign policy,0.06,1198.0,single_list,YouGov/Economist,https://yougov.com/en-us/trackers/most-important-issues-facing-the-us
2025-12-01,all_rv,Social security,0.0,1198.0,single_list,YouGov/Economist,https://yougov.com/en-us/trackers/most-important-issues-facing-the-us
2025-12-01,all_rv,Taxes and government spending,0.07,1198.0,single_list,YouGov/Economist,https://yougov.com/en-us/trackers/most-important-issues-facing-the-us
2025-12-01,all_rv,Terrorism,0.0,1198.0,single_list,YouGov/Economist,https://yougov.com/en-us/trackers/most-important-issues-facing-the-us
2025-12-01,all_rv,The budget deficit,0.0,1198.0,single_list,YouGov/Economist,https://yougov.com/en-us/trackers/most-important-issues-facing-the-us
2025-12-01,all_rv,The war in Afghanistan,0.0,1198.0,single_list,YouGov/Economist,https://yougov.com/en-us/trackers/most-important-issues-facing-the-us
2025-12-01,all_rv,Inflation/prices,0.23,1198.0,single_list,YouGov/Economist,https://yougov.com/en-us/trackers/most-important-issues-facing-the-us
2025-12-08,all_rv,Abortion,0.03,1124.0,single_list,YouGov/Economist,https://yougov.com/en-us/trackers/most-important-issues-facing-the-us
2025-12-08,all_rv,Civil rights and civil liberties,0.09,1124.0,single_list,YouGov/Economist,https://yougov.com/en-us/trackers/most-important-issues-facing-the-us
2025-12-08,all_rv,Climate change and the environment,0.06,1124.0,single_list,YouGov/Economist,https://yougov.com/en-us/trackers/most-important-issues-facing-the-us
2025-12-08,all_rv,Crime and criminal justice reform,0.04,1124.0,single_list,YouGov/Economist,https://yougov.com/en-us/trackers/most-important-issues-facing-the-us
2025-12-08,all_rv,Education,0.02,1124.0,single_list,YouGov/Economist,https://yougov.com/en-us/trackers/most-important-issues-facing-the-us
2025-12-08,all_rv,Gay rights,0.0,1124.0,single_list,YouGov/Economist,https://yougov.com/en-us/trackers/most-important-issues-facing-the-us
2025-12-08,all_rv,Gun control,0.02,1124.0,single_list,YouGov/Economist,https://yougov.com/en-us/trackers/most-important-issues-facing-the-us
2025-12-08,all_rv,Health care,0.12,1124.0,single_list,YouGov/Economist,https://yougov.com/en-us/trackers/most-important-issues-facing-the-us
2025-12-08,all_rv,Immigration,0.09,1124.0,single_list,YouGov/Economist,https://yougov.com/en-us/trackers/most-important-issues-facing-the-us
2025-12-08,all_rv,Jobs and the economy,0.12,1124.0,single_list,YouGov/Economist,https://yougov.com/en-us/trackers/most-important-issues-facing-the-us
2025-12-08,all_rv,Medicare,0.0,1124.0,single_list,YouGov/Economist,https://yougov.com/en-us/trackers/most-important-issues-facing-the-us
2025-12-08,all_rv,National Security and foreign policy,0.05,1124.0,single_list,YouGov/Economist,https://yougov.com/en-us/trackers/most-important-issues-facing-the-us
2025-12-08,all_rv,Social security,0.0,1124.0,single_list,YouGov/Economist,https://yougov.com/en-us/trackers/most-important-issues-facing-the-us
2025-12-08,all_rv,Taxes and government spending,0.07,1124.0,single_list,YouGov/Economist,https://yougov.com/en-us/trackers/most-important-issues-facing-the-us
2025-12-08,all_rv,Terrorism,0.0,1124.0,single_list,YouGov/Economist,https://yougov.com/en-us/trackers/most-important-issues-facing-the-us
2025-12-08,all_rv,The budget deficit,0.0,1124.0,single_list,YouGov/Economist,https://yougov.com/en-us/trackers/most-important-issues-facing-the-us
2025-12-08,all_rv,The war in Afghanistan,0.0,1124.0,single_list,YouGov/Economist,https://yougov.com/en-us/trackers/most-important-issues-facing-the-us
2025-12-08,all_rv,Inflation/prices,0.29,1124.0,single_list,YouGov/Economist,https://yougov.com/en-us/trackers/most-important-issues-facing-the-us
2025-12-15,all_rv,Abortion,0.03,1206.0,single_list,YouGov/Economist,https://yougov.com/en-us/trackers/most-important-issues-facing-the-us
2025-12-15,all_rv,Civil rights and civil liberties,0.11,1206.0,single_list,YouGov/Economist,https://yougov.com/en-us/trackers/most-important-issues-facing-the-us
2025-12-15,all_rv,Climate change and the environment,0.07,1206.0,single_list,YouGov/Economist,https://yougov.com/en-us/trackers/most-important-issues-facing-the-us
2025-12-15,all_rv,Crime and criminal justice reform,0.04,1206.0,single_list,YouGov/Economist,https://yougov.com/en-us/trackers/most-important-issues-facing-the-us
2025-12-15,all_rv,Education,0.03,1206.0,single_list,YouGov/Economist,https://yougov.com/en-us/trackers/most-important-issues-facing-the-us
2025-12-15,all_rv,Gay rights,0.0,1206.0,single_list,YouGov/Economist,https://yougov.com/en-us/trackers/most-important-issues-facing-the-us
2025-12-15,all_rv,Gun control,0.02,1206.0,single_list,YouGov/Economist,https://yougov.com/en-us/trackers/most-important-issues-facing-the-us
2025-12-15,all_rv,Health care,0.13,1206.0,single_list,YouGov/Economist,https://yougov.com/en-us/trackers/most-important-issues-facing-the-us
2025-12-15,all_rv,Immigration,0.1,1206.0,single_list,YouGov/Economist,https://yougov.com/en-us/trackers/most-important-issues-facing-the-us
2025-12-15,all_rv,Jobs and the economy,0.11,1206.0,single_list,YouGov/Economist,https://yougov.com/en-us/trackers/most-important-issues-facing-the-us
2025-12-15,all_rv,Medicare,0.0,1206.0,single_list,YouGov/Economist,https://yougov.com/en-us/trackers/most-important-issues-facing-the-us
2025-12-15,all_rv,National Security and foreign policy,0.07,1206.0,single_list,YouGov/Economist,https://yougov.com/en-us/trackers/most-important-issues-facing-the-us
2025-12-15,all_rv,Social security,0.0,1206.0,single_list,YouGov/Economist,https://yougov.com/en-us/trackers/most-important-issues-facing-the-us
2025-12-15,all_rv,Taxes and government spending,0.07,1206.0,single_list,YouGov/Economist,https://yougov.com/en-us/trackers/most-important-issues-facing-the-us
2025-12-15,all_rv,Terrorism,0.0,1206.0,single_list,YouGov/Economist,https://yougov.com/en-us/trackers/most-important-issues-facing-the-us
2025-12-15,all_rv,The budget deficit,0.0,1206.0,single_list,YouGov/Economist,https://yougov.com/en-us/trackers/most-important-issues-facing-the-us
2025-12-15,all_rv,The war in Afghanistan,0.0,1206.0,single_list,YouGov/Economist,https://yougov.com/en-us/trackers/most-important-issues-facing-the-us
2025-12-15,all_rv,Inflation/prices,0.23,1206.0,single_list,YouGov/Economist,https://yougov.com/en-us/trackers/most-important-issues-facing-the-us
2025-12-22,all_rv,Abortion,0.03,1179.0,single_list,YouGov/Economist,https://yougov.com/en-us/trackers/most-important-issues-facing-the-us
2025-12-22,all_rv,Civil rights and civil liberties,0.12,1179.0,single_list,YouGov/Economist,https://yougov.com/en-us/trackers/most-important-issues-facing-the-us
2025-12-22,all_rv,Climate change and the environment,0.04,1179.0,single_list,YouGov/Economist,https://yougov.com/en-us/trackers/most-important-issues-facing-the-us
2025-12-22,all_rv,Crime and criminal justice reform,0.04,1179.0,single_list,YouGov/Economist,https://yougov.com/en-us/trackers/most-important-issues-facing-the-us
2025-12-22,all_rv,Education,0.02,1179.0,single_list,YouGov/Economist,https://yougov.com/en-us/trackers/most-important-issues-facing-the-us
2025-12-22,all_rv,Gay rights,0.0,1179.0,single_list,YouGov/Economist,https://yougov.com/en-us/trackers/most-important-issues-facing-the-us
2025-12-22,all_rv,Gun control,0.02,1179.0,single_list,YouGov/Economist,https://yougov.com/en-us/trackers/most-important-issues-facing-the-us
2025-12-22,all_rv,Health care,0.12,1179.0,single_list,YouGov/Economist,https://yougov.com/en-us/trackers/most-important-issues-facing-the-us
2025-12-22,all_rv,Immigration,0.1,1179.0,single_list,YouGov/Economist,https://yougov.com/en-us/trackers/most-important-issues-facing-the-us
2025-12-22,all_rv,Jobs and the economy,0.15,1179.0,single_list,YouGov/Economist,https://yougov.com/en-us/trackers/most-important-issues-facing-the-us
2025-12-22,all_rv,Medicare,0.0,1179.0,single_list,YouGov/Economist,https://yougov.com/en-us/trackers/most-important-issues-facing-the-us
2025-12-22,all_rv,National Security and foreign policy,0.06,1179.0,single_list,YouGov/Economist,https://yougov.com/en-us/trackers/most-important-issues-facing-the-us
2025-12-22,all_rv,Social security,0.0,1179.0,single_list,YouGov/Economist,https://yougov.com/en-us/trackers/most-important-issues-facing-the-us
2025-12-22,all_rv,Taxes and government spending,0.07,1179.0,single_list,YouGov/Economist,https://yougov.com/en-us/trackers/most-important-issues-facing-the-us
2025-12-22,all_rv,Terrorism,0.0,1179.0,single_list,YouGov/Economist,https://yougov.com/en-us/trackers/most-important-issues-facing-the-us
2025-12-22,all_rv,The budget deficit,0.0,1179.0,single_list,YouGov/Economist,https://yougov.com/en-us/trackers/most-important-issues-facing-the-us
2025-12-22,all_rv,The war in Afghanistan,0.0,1179.0,single_list,YouGov/Economist,https://yougov.com/en-us/trackers/most-important-issues-facing-the-us
2025-12-22,all_rv,Inflation/prices,0.22,1179.0,single_list,YouGov/Economist,https://yougov.com/en-us/trackers/most-important-issues-facing-the-us
2026-01-05,all_rv,Abortion,0.03,1138.0,single_list,YouGov/Economist,https://yougov.com/en-us/trackers/most-important-issues-facing-the-us
2026-01-05,all_rv,Civil rights and civil liberties,0.09,1138.0,single_list,YouGov/Economist,https://yougov.com/en-us/trackers/most-important-issues-facing-the-us
2026-01-05,all_rv,Climate change and the environment,0.05,1138.0,single_list,YouGov/Economist,https://yougov.com/en-us/trackers/most-important-issues-facing-the-us
2026-01-05,all_rv,Crime and criminal justice reform,0.04,1138.0,single_list,YouGov/Economist,https://yougov.com/en-us/trackers/most-important-issues-facing-the-us
2026-01-05,all_rv,Education,0.02,1138.0,single_list,YouGov/Economist,https://yougov.com/en-us/trackers/most-important-issues-facing-the-us
2026-01-05,all_rv,Gay rights,0.0,1138.0,single_list,YouGov/Economist,https://yougov.com/en-us/trackers/most-important-issues-facing-the-us
2026-01-05,all_rv,Gun control,0.01,1138.0,single_list,YouGov/Economist,https://yougov.com/en-us/trackers/most-important-issues-facing-the-us
2026-01-05,all_rv,Health care,0.12,1138.0,single_list,YouGov/Economist,https://yougov.com/en-us/trackers/most-important-issues-facing-the-us
2026-01-05,all_rv,Immigration,0.1,1138.0,single_list,YouGov/Economist,https://yougov.com/en-us/trackers/most-important-issues-facing-the-us
2026-01-05,all_rv,Jobs and the economy,0.11,1138.0,single_list,YouGov/Economist,https://yougov.com/en-us/trackers/most-important-issues-facing-the-us
2026-01-05,all_rv,Medicare,0.0,1138.0,single_list,YouGov/Economist,https://yougov.com/en-us/trackers/most-important-issues-facing-the-us
2026-01-05,all_rv,National Security and foreign policy,0.07,1138.0,single_list,YouGov/Economist,https://yougov.com/en-us/trackers/most-important-issues-facing-the-us
2026-01-05,all_rv,Social security,0.0,1138.0,single_list,YouGov/Economist,https://yougov.com/en-us/trackers/most-important-issues-facing-the-us
2026-01-05,all_rv,Taxes and government spending,0.08,1138.0,single_list,YouGov/Economist,https://yougov.com/en-us/trackers/most-important-issues-facing-the-us
2026-01-05,all_rv,Terrorism,0.0,1138.0,single_list,YouGov/Economist,https://yougov.com/en-us/trackers/most-important-issues-facing-the-us
2026-01-05,all_rv,The budget deficit,0.0,1138.0,single_list,YouGov/Economist,https://yougov.com/en-us/trackers/most-important-issues-facing-the-us
2026-01-05,all_rv,The war in Afghanistan,0.0,1138.0,single_list,YouGov/Economist,https://yougov.com/en-us/trackers/most-important-issues-facing-the-us
2026-01-05,all_rv,Inflation/prices,0.26,1138.0,single_list,YouGov/Economist,https://yougov.com/en-us/trackers/most-important-issues-facing-the-us
2026-01-12,all_rv,Abortion,0.02,1178.0,single_list,YouGov/Economist,https://yougov.com/en-us/trackers/most-important-issues-facing-the-us
2026-01-12,all_rv,Civil rights and civil liberties,0.16,1178.0,single_list,YouGov/Economist,https://yougov.com/en-us/trackers/most-important-issues-facing-the-us
2026-01-12,all_rv,Climate change and the environment,0.04,1178.0,single_list,YouGov/Economist,https://yougov.com/en-us/trackers/most-important-issues-facing-the-us
2026-01-12,all_rv,Crime and criminal justice reform,0.05,1178.0,single_list,YouGov/Economist,https://yougov.com/en-us/trackers/most-important-issues-facing-the-us
2026-01-12,all_rv,Education,0.01,1178.0,single_list,YouGov/Economist,https://yougov.com/en-us/trackers/most-important-issues-facing-the-us
2026-01-12,all_rv,Gay rights,0.0,1178.0,single_list,YouGov/Economist,https://yougov.com/en-us/trackers/most-important-issues-facing-the-us
2026-01-12,all_rv,Gun control,0.01,1178.0,single_list,YouGov/Economist,https://yougov.com/en-us/trackers/most-important-issues-facing-the-us
2026-01-12,all_rv,Health care,0.1,1178.0,single_list,YouGov/Economist,https://yougov.com/en-us/trackers/most-important-issues-facing-the-us
2026-01-12,all_rv,Immigration,0.08,1178.0,single_list,YouGov/Economist,https://yougov.com/en-us/trackers/most-important-issues-facing-the-us
2026-01-12,all_rv,Jobs and the economy,0.13,1178.0,single_list,YouGov/Economist,https://yougov.com/en-us/trackers/most-important-issues-facing-the-us
2026-01-12,all_rv,Medicare,0.0,1178.0,single_list,YouGov/Economist,https://yougov.com/en-us/trackers/most-important-issues-facing-the-us
2026-01-12,all_rv,National Security and foreign policy,0.07,1178.0,single_list,YouGov/Economist,https://yougov.com/en-us/trackers/most-important-issues-facing-the-us
2026-01-12,all_rv,Social security,0.0,1178.0,single_list,YouGov/Economist,https://yougov.com/en-us/trackers/most-important-issues-facing-the-us
2026-01-12,all_rv,Taxes and government spending,0.09,1178.0,single_list,YouGov/Economist,https://yougov.com/en-us/trackers/most-important-issues-facing-the-us
2026-01-12,all_rv,Terrorism,0.0,1178.0,single_list,YouGov/Economist,https://yougov.com/en-us/trackers/most-important-issues-facing-the-us
2026-01-12,all_rv,The budget deficit,0.0,1178.0,single_list,YouGov/Economist,https://yougov.com/en-us/trackers/most-important-issues-facing-the-us
2026-01-12,all_rv,The war in Afghanistan,0.0,1178.0,single_list,YouGov/Economist,https://yougov.com/en-us/trackers/most-important-issues-facing-the-us
2026-01-12,all_rv,Inflation/prices,0.24,1178.0,single_list,YouGov/Economist,https://yougov.com/en-us/trackers/most-important-issues-facing-the-us
2026-01-19,all_rv,Abortion,0.03,1267.0,single_list,YouGov/Economist,https://yougov.com/en-us/trackers/most-important-issues-facing-the-us
2026-01-19,all_rv,Civil rights and civil liberties,0.14,1267.0,single_list,YouGov/Economist,https://yougov.com/en-us/trackers/most-important-issues-facing-the-us
2026-01-19,all_rv,Climate change and the environment,0.04,1267.0,single_list,YouGov/Economist,https://yougov.com/en-us/trackers/most-important-issues-facing-the-us
2026-01-19,all_rv,Crime and criminal justice reform,0.05,1267.0,single_list,YouGov/Economist,https://yougov.com/en-us/trackers/most-important-issues-facing-the-us
2026-01-19,all_rv,Education,0.02,1267.0,single_list,YouGov/Economist,https://yougov.com/en-us/trackers/most-important-issues-facing-the-us
2026-01-19,all_rv,Gay rights,0.0,1267.0,single_list,YouGov/Economist,https://yougov.com/en-us/trackers/most-important-issues-facing-the-us
2026-01-19,all_rv,Gun control,0.02,1267.0,single_list,YouGov/Economist,https://yougov.com/en-us/trackers/most-important-issues-facing-the-us
2026-01-19,all_rv,Health care,0.12,1267.0,single_list,YouGov/Economist,https://yougov.com/en-us/trackers/most-important-issues-facing-the-us
2026-01-19,all_rv,Immigration,0.13,1267.0,single_list,YouGov/Economist,https://yougov.com/en-us/trackers/most-important-issues-facing-the-us
2026-01-19,all_rv,Jobs and the economy,0.13,1267.0,single_list,YouGov/Economist,https://yougov.com/en-us/trackers/most-important-issues-facing-the-us
2026-01-19,all_rv,Medicare,0.0,1267.0,single_list,YouGov/Economist,https://yougov.com/en-us/trackers/most-important-issues-facing-the-us
2026-01-19,all_rv,National Security and foreign policy,0.07,1267.0,single_list,YouGov/Economist,https://yougov.com/en-us/trackers/most-important-issues-facing-the-us
2026-01-19,all_rv,Social security,0.0,1267.0,single_list,YouGov/Economist,https://yougov.com/en-us/trackers/most-important-issues-facing-the-us
2026-01-19,all_rv,Taxes and government spending,0.06,1267.0,single_list,YouGov/Economist,https://yougov.com/en-us/trackers/most-important-issues-facing-the-us
2026-01-19,all_rv,Terrorism,0.0,1267.0,single_list,YouGov/Economist,https://yougov.com/en-us/trackers/most-important-issues-facing-the-us
2026-01-19,all_rv,The budget deficit,0.0,1267.0,single_list,YouGov/Economist,https://yougov.com/en-us/trackers/most-important-issues-facing-the-us
2026-01-19,all_rv,The war in Afghanistan,0.0,1267.0,single_list,YouGov/Economist,https://yougov.com/en-us/trackers/most-important-issues-facing-the-us
2026-01-19,all_rv,Inflation/prices,0.2,1267.0,single_list,YouGov/Economist,https://yougov.com/en-us/trackers/most-important-issues-facing-the-us
2026-01-26,all_rv,Abortion,0.02,1228.0,single_list,YouGov/Economist,https://yougov.com/en-us/trackers/most-important-issues-facing-the-us
2026-01-26,all_rv,Civil rights and civil liberties,0.15,1228.0,single_list,YouGov/Economist,https://yougov.com/en-us/trackers/most-important-issues-facing-the-us
2026-01-26,all_rv,Climate change and the environment,0.05,1228.0,single_list,YouGov/Economist,https://yougov.com/en-us/trackers/most-important-issues-facing-the-us
2026-01-26,all_rv,Crime and criminal justice reform,0.04,1228.0,single_list,YouGov/Economist,https://yougov.com/en-us/trackers/most-important-issues-facing-the-us
2026-01-26,all_rv,Education,0.03,1228.0,single_list,YouGov/Economist,https://yougov.com/en-us/trackers/most-important-issues-facing-the-us
2026-01-26,all_rv,Gay rights,0.0,1228.0,single_list,YouGov/Economist,https://yougov.com/en-us/trackers/most-important-issues-facing-the-us
2026-01-26,all_rv,Gun control,0.02,1228.0,single_list,YouGov/Economist,https://yougov.com/en-us/trackers/most-important-issues-facing-the-us
2026-01-26,all_rv,Health care,0.09,1228.0,single_list,YouGov/Economist,https://yougov.com/en-us/trackers/most-important-issues-facing-the-us
2026-01-26,all_rv,Immigration,0.1,1228.0,single_list,YouGov/Economist,https://yougov.com/en-us/trackers/most-important-issues-facing-the-us
2026-01-26,all_rv,Jobs and the economy,0.12,1228.0,single_list,YouGov/Economist,https://yougov.com/en-us/trackers/most-important-issues-facing-the-us
2026-01-26,all_rv,Medicare,0.0,1228.0,single_list,YouGov/Economist,https://yougov.com/en-us/trackers/most-important-issues-facing-the-us
2026-01-26,all_rv,National Security and foreign policy,0.08,1228.0,single_list,YouGov/Economist,https://yougov.com/en-us/trackers/most-important-issues-facing-the-us
2026-01-26,all_rv,Social security,0.0,1228.0,single_list,YouGov/Economist,https://yougov.com/en-us/trackers/most-important-issues-facing-the-us
2026-01-26,all_rv,Taxes and government spending,0.08,1228.0,single_list,YouGov/Economist,https://yougov.com/en-us/trackers/most-important-issues-facing-the-us
2026-01-26,all_rv,Terrorism,0.0,1228.0,single_list,YouGov/Economist,https://yougov.com/en-us/trackers/most-important-issues-facing-the-us
2026-01-26,all_rv,The budget deficit,0.0,1228.0,single_list,YouGov/Economist,https://yougov.com/en-us/trackers/most-important-issues-facing-the-us
2026-01-26,all_rv,The war in Afghanistan,0.0,1228.0,single_list,YouGov/Economist,https://yougov.com/en-us/trackers/most-important-issues-facing-the-us
2026-01-26,all_rv,Inflation/prices,0.21,1228.0,single_list,YouGov/Economist,https://yougov.com/en-us/trackers/most-important-issues-facing-the-us
2026-02-02,all_rv,Abortion,0.02,1225.0,single_list,YouGov/Economist,https://yougov.com/en-us/trackers/most-important-issues-facing-the-us
2026-02-02,all_rv,Civil rights and civil liberties,0.17,1225.0,single_list,YouGov/Economist,https://yougov.com/en-us/trackers/most-important-issues-facing-the-us
2026-02-02,all_rv,Climate change and the environment,0.05,1225.0,single_list,YouGov/Economist,https://yougov.com/en-us/trackers/most-important-issues-facing-the-us
2026-02-02,all_rv,Crime and criminal justice reform,0.05,1225.0,single_list,YouGov/Economist,https://yougov.com/en-us/trackers/most-important-issues-facing-the-us
2026-02-02,all_rv,Education,0.02,1225.0,single_list,YouGov/Economist,https://yougov.com/en-us/trackers/most-important-issues-facing-the-us
2026-02-02,all_rv,Gay rights,0.0,1225.0,single_list,YouGov/Economist,https://yougov.com/en-us/trackers/most-important-issues-facing-the-us
2026-02-02,all_rv,Gun control,0.01,1225.0,single_list,YouGov/Economist,https://yougov.com/en-us/trackers/most-important-issues-facing-the-us
2026-02-02,all_rv,Health care,0.09,1225.0,single_list,YouGov/Economist,https://yougov.com/en-us/trackers/most-important-issues-facing-the-us
2026-02-02,all_rv,Immigration,0.1,1225.0,single_list,YouGov/Economist,https://yougov.com/en-us/trackers/most-important-issues-facing-the-us
2026-02-02,all_rv,Jobs and the economy,0.13,1225.0,single_list,YouGov/Economist,https://yougov.com/en-us/trackers/most-important-issues-facing-the-us
2026-02-02,all_rv,Medicare,0.0,1225.0,single_list,YouGov/Economist,https://yougov.com/en-us/trackers/most-important-issues-facing-the-us
2026-02-02,all_rv,National Security and foreign policy,0.07,1225.0,single_list,YouGov/Economist,https://yougov.com/en-us/trackers/most-important-issues-facing-the-us
2026-02-02,all_rv,Social security,0.0,1225.0,single_list,YouGov/Economist,https://yougov.com/en-us/trackers/most-important-issues-facing-the-us
2026-02-02,all_rv,Taxes and government spending,0.06,1225.0,single_list,YouGov/Economist,https://yougov.com/en-us/trackers/most-important-issues-facing-the-us
2026-02-02,all_rv,Terrorism,0.0,1225.0,single_list,YouGov/Economist,https://yougov.com/en-us/trackers/most-important-issues-facing-the-us
2026-02-02,all_rv,The budget deficit,0.0,1225.0,single_list,YouGov/Economist,https://yougov.com/en-us/trackers/most-important-issues-facing-the-us
2026-02-02,all_rv,The war in Afghanistan,0.0,1225.0,single_list,YouGov/Economist,https://yougov.com/en-us/trackers/most-important-issues-facing-the-us
2026-02-02,all_rv,Inflation/prices,0.22,1225.0,single_list,YouGov/Economist,https://yougov.com/en-us/trackers/most-important-issues-facing-the-us
2026-02-09,all_rv,Abortion,0.03,1167.0,single_list,YouGov/Economist,https://yougov.com/en-us/trackers/most-important-issues-facing-the-us
2026-02-09,all_rv,Civil rights and civil liberties,0.12,1167.0,single_list,YouGov/Economist,https://yougov.com/en-us/trackers/most-important-issues-facing-the-us
2026-02-09,all_rv,Climate change and the environment,0.06,1167.0,single_list,YouGov/Economist,https://yougov.com/en-us/trackers/most-important-issues-facing-the-us
2026-02-09,all_rv,Crime and criminal justice reform,0.03,1167.0,single_list,YouGov/Economist,https://yougov.com/en-us/trackers/most-important-issues-facing-the-us
2026-02-09,all_rv,Education,0.02,1167.0,single_list,YouGov/Economist,https://yougov.com/en-us/trackers/most-important-issues-facing-the-us
2026-02-09,all_rv,Gay rights,0.0,1167.0,single_list,YouGov/Economist,https://yougov.com/en-us/trackers/most-important-issues-facing-the-us
2026-02-09,all_rv,Gun control,0.02,1167.0,single_list,YouGov/Economist,https://yougov.com/en-us/trackers/most-important-issues-facing-the-us
2026-02-09,all_rv,Health care,0.11,1167.0,single_list,YouGov/Economist,https://yougov.com/en-us/trackers/most-important-issues-facing-the-us
2026-02-09,all_rv,Immigration,0.1,1167.0,single_list,YouGov/Economist,https://yougov.com/en-us/trackers/most-important-issues-facing-the-us
2026-02-09,all_rv,Jobs and the economy,0.1,1167.0,single_list,YouGov/Economist,https://yougov.com/en-us/trackers/most-important-issues-facing-the-us
2026-02-09,all_rv,Medicare,0.0,1167.0,single_list,YouGov/Economist,https://yougov.com/en-us/trackers/most-important-issues-facing-the-us
2026-02-09,all_rv,National Security and foreign policy,0.06,1167.0,single_list,YouGov/Economist,https://yougov.com/en-us/trackers/most-important-issues-facing-the-us
2026-02-09,all_rv,Social security,0.0,1167.0,single_list,YouGov/Economist,https://yougov.com/en-us/trackers/most-important-issues-facing-the-us
2026-02-09,all_rv,Taxes and government spending,0.09,1167.0,single_list,YouGov/Economist,https://yougov.com/en-us/trackers/most-important-issues-facing-the-us
2026-02-09,all_rv,Terrorism,0.0,1167.0,single_list,YouGov/Economist,https://yougov.com/en-us/trackers/most-important-issues-facing-the-us
2026-02-09,all_rv,The budget deficit,0.0,1167.0,single_list,YouGov/Economist,https://yougov.com/en-us/trackers/most-important-issues-facing-the-us
2026-02-09,all_rv,The war in Afghanistan,0.0,1167.0,single_list,YouGov/Economist,https://yougov.com/en-us/trackers/most-important-issues-facing-the-us
2026-02-09,all_rv,Inflation/prices,0.26,1167.0,single_list,YouGov/Economist,https://yougov.com/en-us/trackers/most-important-issues-facing-the-us
2026-02-16,all_rv,Abortion,0.03,1225.0,single_list,YouGov/Economist,https://yougov.com/en-us/trackers/most-important-issues-facing-the-us
2026-02-16,all_rv,Civil rights and civil liberties,0.14,1225.0,single_list,YouGov/Economist,https://yougov.com/en-us/trackers/most-important-issues-facing-the-us
2026-02-16,all_rv,Climate change and the environment,0.05,1225.0,single_list,YouGov/Economist,https://yougov.com/en-us/trackers/most-important-issues-facing-the-us
2026-02-16,all_rv,Crime and criminal justice reform,0.04,1225.0,single_list,YouGov/Economist,https://yougov.com/en-us/trackers/most-important-issues-facing-the-us
2026-02-16,all_rv,Education,0.02,1225.0,single_list,YouGov/Economist,https://yougov.com/en-us/trackers/most-important-issues-facing-the-us
2026-02-16,all_rv,Gay rights,0.0,1225.0,single_list,YouGov/Economist,https://yougov.com/en-us/trackers/most-important-issues-facing-the-us
2026-02-16,all_rv,Gun control,0.02,1225.0,single_list,YouGov/Economist,https://yougov.com/en-us/trackers/most-important-issues-facing-the-us
2026-02-16,all_rv,Health care,0.1,1225.0,single_list,YouGov/Economist,https://yougov.com/en-us/trackers/most-important-issues-facing-the-us
2026-02-16,all_rv,Immigration,0.1,1225.0,single_list,YouGov/Economist,https://yougov.com/en-us/trackers/most-important-issues-facing-the-us
2026-02-16,all_rv,Jobs and the economy,0.14,1225.0,single_list,YouGov/Economist,https://yougov.com/en-us/trackers/most-important-issues-facing-the-us
2026-02-16,all_rv,Medicare,0.0,1225.0,single_list,YouGov/Economist,https://yougov.com/en-us/trackers/most-important-issues-facing-the-us
2026-02-16,all_rv,National Security and foreign policy,0.08,1225.0,single_list,YouGov/Economist,https://yougov.com/en-us/trackers/most-important-issues-facing-the-us
2026-02-16,all_rv,Social security,0.0,1225.0,single_list,YouGov/Economist,https://yougov.com/en-us/trackers/most-important-issues-facing-the-us
2026-02-16,all_rv,Taxes and government spending,0.08,1225.0,single_list,YouGov/Economist,https://yougov.com/en-us/trackers/most-important-issues-facing-the-us
2026-02-16,all_rv,Terrorism,0.0,1225.0,single_list,YouGov/Economist,https://yougov.com/en-us/trackers/most-important-issues-facing-the-us
2026-02-16,all_rv,The budget deficit,0.0,1225.0,single_list,YouGov/Economist,https://yougov.com/en-us/trackers/most-important-issues-facing-the-us
2026-02-16,all_rv,The war in Afghanistan,0.0,1225.0,single_list,YouGov/Economist,https://yougov.com/en-us/trackers/most-important-issues-facing-the-us
2026-02-16,all_rv,Inflation/prices,0.2,1225.0,single_list,YouGov/Economist,https://yougov.com/en-us/trackers/most-important-issues-facing-the-us
2026-02-23,all_rv,Abortion,0.03,1145.0,single_list,YouGov/Economist,https://yougov.com/en-us/trackers/most-important-issues-facing-the-us
2026-02-23,all_rv,Civil rights and civil liberties,0.13,1145.0,single_list,YouGov/Economist,https://yougov.com/en-us/trackers/most-important-issues-facing-the-us
2026-02-23,all_rv,Climate change and the environment,0.06,1145.0,single_list,YouGov/Economist,https://yougov.com/en-us/trackers/most-important-issues-facing-the-us
2026-02-23,all_rv,Crime and criminal justice reform,0.04,1145.0,single_list,YouGov/Economist,https://yougov.com/en-us/trackers/most-important-issues-facing-the-us
2026-02-23,all_rv,Education,0.01,1145.0,single_list,YouGov/Economist,https://yougov.com/en-us/trackers/most-important-issues-facing-the-us
2026-02-23,all_rv,Gay rights,0.0,1145.0,single_list,YouGov/Economist,https://yougov.com/en-us/trackers/most-important-issues-facing-the-us
2026-02-23,all_rv,Gun control,0.01,1145.0,single_list,YouGov/Economist,https://yougov.com/en-us/trackers/most-important-issues-facing-the-us
2026-02-23,all_rv,Health care,0.1,1145.0,single_list,YouGov/Economist,https://yougov.com/en-us/trackers/most-important-issues-facing-the-us
2026-02-23,all_rv,Immigration,0.1,1145.0,single_list,YouGov/Economist,https://yougov.com/en-us/trackers/most-important-issues-facing-the-us
2026-02-23,all_rv,Jobs and the economy,0.15,1145.0,single_list,YouGov/Economist,https://yougov.com/en-us/trackers/most-important-issues-facing-the-us
2026-02-23,all_rv,Medicare,0.0,1145.0,single_list,YouGov/Economist,https://yougov.com/en-us/trackers/most-important-issues-facing-the-us
2026-02-23,all_rv,National Security and foreign policy,0.08,1145.0,single_list,YouGov/Economist,https://yougov.com/en-us/trackers/most-important-issues-facing-the-us
2026-02-23,all_rv,Social security,0.0,1145.0,single_list,YouGov/Economist,https://yougov.com/en-us/trackers/most-important-issues-facing-the-us
2026-02-23,all_rv,Taxes and government spending,0.07,1145.0,single_list,YouGov/Economist,https://yougov.com/en-us/trackers/most-important-issues-facing-the-us
2026-02-23,all_rv,Terrorism,0.0,1145.0,single_list,YouGov/Economist,https://yougov.com/en-us/trackers/most-important-issues-facing-the-us
2026-02-23,all_rv,The budget deficit,0.0,1145.0,single_list,YouGov/Economist,https://yougov.com/en-us/trackers/most-important-issues-facing-the-us
2026-02-23,all_rv,The war in Afghanistan,0.0,1145.0,single_list,YouGov/Economist,https://yougov.com/en-us/trackers/most-important-issues-facing-the-us
2026-02-23,all_rv,Inflation/prices,0.21,1145.0,single_list,YouGov/Economist,https://yougov.com/en-us/trackers/most-important-issues-facing-the-us
2026-03-02,all_rv,Abortion,0.03,1126.0,single_list,YouGov/Economist,https://yougov.com/en-us/trackers/most-important-issues-facing-the-us
2026-03-02,all_rv,Civil rights and civil liberties,0.13,1126.0,single_list,YouGov/Economist,https://yougov.com/en-us/trackers/most-important-issues-facing-the-us
2026-03-02,all_rv,Climate change and the environment,0.06,1126.0,single_list,YouGov/Economist,https://yougov.com/en-us/trackers/most-important-issues-facing-the-us
2026-03-02,all_rv,Crime and criminal justice reform,0.04,1126.0,single_list,YouGov/Economist,https://yougov.com/en-us/trackers/most-important-issues-facing-the-us
2026-03-02,all_rv,Education,0.03,1126.0,single_list,YouGov/Economist,https://yougov.com/en-us/trackers/most-important-issues-facing-the-us
2026-03-02,all_rv,Gay rights,0.0,1126.0,single_list,YouGov/Economist,https://yougov.com/en-us/trackers/most-important-issues-facing-the-us
2026-03-02,all_rv,Gun control,0.02,1126.0,single_list,YouGov/Economist,https://yougov.com/en-us/trackers/most-important-issues-facing-the-us
2026-03-02,all_rv,Health care,0.1,1126.0,single_list,YouGov/Economist,https://yougov.com/en-us/trackers/most-important-issues-facing-the-us
2026-03-02,all_rv,Immigration,0.09,1126.0,single_list,YouGov/Economist,https://yougov.com/en-us/trackers/most-important-issues-facing-the-us
2026-03-02,all_rv,Jobs and the economy,0.13,1126.0,single_list,YouGov/Economist,https://yougov.com/en-us/trackers/most-important-issues-facing-the-us
2026-03-02,all_rv,Medicare,0.0,1126.0,single_list,YouGov/Economist,https://yougov.com/en-us/trackers/most-important-issues-facing-the-us
2026-03-02,all_rv,National Security and foreign policy,0.07,1126.0,single_list,YouGov/Economist,https://yougov.com/en-us/trackers/most-important-issues-facing-the-us
2026-03-02,all_rv,Social security,0.0,1126.0,single_list,YouGov/Economist,https://yougov.com/en-us/trackers/most-important-issues-facing-the-us
2026-03-02,all_rv,Taxes and government spending,0.08,1126.0,single_list,YouGov/Economist,https://yougov.com/en-us/trackers/most-important-issues-facing-the-us
2026-03-02,all_rv,Terrorism,0.0,1126.0,single_list,YouGov/Economist,https://yougov.com/en-us/trackers/most-important-issues-facing-the-us
2026-03-02,all_rv,The budget deficit,0.0,1126.0,single_list,YouGov/Economist,https://yougov.com/en-us/trackers/most-important-issues-facing-the-us
2026-03-02,all_rv,The war in Afghanistan,0.0,1126.0,single_list,YouGov/Economist,https://yougov.com/en-us/trackers/most-important-issues-facing-the-us
2026-03-02,all_rv,Inflation/prices,0.22,1126.0,single_list,YouGov/Economist,https://yougov.com/en-us/trackers/most-important-issues-facing-the-us
2026-03-09,all_rv,Abortion,0.04,1164.0,single_list,YouGov/Economist,https://yougov.com/en-us/trackers/most-important-issues-facing-the-us
2026-03-09,all_rv,Civil rights and civil liberties,0.12,1164.0,single_list,YouGov/Economist,https://yougov.com/en-us/trackers/most-important-issues-facing-the-us
2026-03-09,all_rv,Climate change and the environment,0.06,1164.0,single_list,YouGov/Economist,https://yougov.com/en-us/trackers/most-important-issues-facing-the-us
2026-03-09,all_rv,Crime and criminal justice reform,0.02,1164.0,single_list,YouGov/Economist,https://yougov.com/en-us/trackers/most-important-issues-facing-the-us
2026-03-09,all_rv,Education,0.02,1164.0,single_list,YouGov/Economist,https://yougov.com/en-us/trackers/most-important-issues-facing-the-us
2026-03-09,all_rv,Gay rights,0.0,1164.0,single_list,YouGov/Economist,https://yougov.com/en-us/trackers/most-important-issues-facing-the-us
2026-03-09,all_rv,Gun control,0.02,1164.0,single_list,YouGov/Economist,https://yougov.com/en-us/trackers/most-important-issues-facing-the-us
2026-03-09,all_rv,Health care,0.12,1164.0,single_list,YouGov/Economist,https://yougov.com/en-us/trackers/most-important-issues-facing-the-us
2026-03-09,all_rv,Immigration,0.1,1164.0,single_list,YouGov/Economist,https://yougov.com/en-us/trackers/most-important-issues-facing-the-us
2026-03-09,all_rv,Jobs and the economy,0.14,1164.0,single_list,YouGov/Economist,https://yougov.com/en-us/trackers/most-important-issues-facing-the-us
2026-03-09,all_rv,Medicare,0.0,1164.0,single_list,YouGov/Economist,https://yougov.com/en-us/trackers/most-important-issues-facing-the-us
2026-03-09,all_rv,National Security and foreign policy,0.1,1164.0,single_list,YouGov/Economist,https://yougov.com/en-us/trackers/most-important-issues-facing-the-us
2026-03-09,all_rv,Social security,0.0,1164.0,single_list,YouGov/Economist,https://yougov.com/en-us/trackers/most-important-issues-facing-the-us
2026-03-09,all_rv,Taxes and government spending,0.08,1164.0,single_list,YouGov/Economist,https://yougov.com/en-us/trackers/most-important-issues-facing-the-us
2026-03-09,all_rv,Terrorism,0.0,1164.0,single_list,YouGov/Economist,https://yougov.com/en-us/trackers/most-important-issues-facing-the-us
2026-03-09,all_rv,The budget deficit,0.0,1164.0,single_list,YouGov/Economist,https://yougov.com/en-us/trackers/most-important-issues-facing-the-us
2026-03-09,all_rv,The war in Afghanistan,0.0,1164.0,single_list,YouGov/Economist,https://yougov.com/en-us/trackers/most-important-issues-facing-the-us
2026-03-09,all_rv,Inflation/prices,0.2,1164.0,single_list,YouGov/Economist,https://yougov.com/en-us/trackers/most-important-issues-facing-the-us
2026-03-16,all_rv,Abortion,0.03,1183.0,single_list,YouGov/Economist,https://yougov.com/en-us/trackers/most-important-issues-facing-the-us
2026-03-16,all_rv,Civil rights and civil liberties,0.11,1183.0,single_list,YouGov/Economist,https://yougov.com/en-us/trackers/most-important-issues-facing-the-us
2026-03-16,all_rv,Climate change and the environment,0.05,1183.0,single_list,YouGov/Economist,https://yougov.com/en-us/trackers/most-important-issues-facing-the-us
2026-03-16,all_rv,Crime and criminal justice reform,0.04,1183.0,single_list,YouGov/Economist,https://yougov.com/en-us/trackers/most-important-issues-facing-the-us
2026-03-16,all_rv,Education,0.02,1183.0,single_list,YouGov/Economist,https://yougov.com/en-us/trackers/most-important-issues-facing-the-us
2026-03-16,all_rv,Gay rights,0.0,1183.0,single_list,YouGov/Economist,https://yougov.com/en-us/trackers/most-important-issues-facing-the-us
2026-03-16,all_rv,Gun control,0.01,1183.0,single_list,YouGov/Economist,https://yougov.com/en-us/trackers/most-important-issues-facing-the-us
2026-03-16,all_rv,Health care,0.12,1183.0,single_list,YouGov/Economist,https://yougov.com/en-us/trackers/most-important-issues-facing-the-us
2026-03-16,all_rv,Immigration,0.08,1183.0,single_list,YouGov/Economist,https://yougov.com/en-us/trackers/most-important-issues-facing-the-us
2026-03-16,all_rv,Jobs and the economy,0.13,1183.0,single_list,YouGov/Economist,https://yougov.com/en-us/trackers/most-important-issues-facing-the-us
2026-03-16,all_rv,Medicare,0.0,1183.0,single_list,YouGov/Economist,https://yougov.com/en-us/trackers/most-important-issues-facing-the-us
2026-03-16,all_rv,National Security and foreign policy,0.08,1183.0,single_list,YouGov/Economist,https://yougov.com/en-us/trackers/most-important-issues-facing-the-us
2026-03-16,all_rv,Social security,0.0,1183.0,single_list,YouGov/Economist,https://yougov.com/en-us/trackers/most-important-issues-facing-the-us
2026-03-16,all_rv,Taxes and government spending,0.1,1183.0,single_list,YouGov/Economist,https://yougov.com/en-us/trackers/most-important-issues-facing-the-us
2026-03-16,all_rv,Terrorism,0.0,1183.0,single_list,YouGov/Economist,https://yougov.com/en-us/trackers/most-important-issues-facing-the-us
2026-03-16,all_rv,The budget deficit,0.0,1183.0,single_list,YouGov/Economist,https://yougov.com/en-us/trackers/most-important-issues-facing-the-us
2026-03-16,all_rv,The war in Afghanistan,0.0,1183.0,single_list,YouGov/Economist,https://yougov.com/en-us/trackers/most-important-issues-facing-the-us
2026-03-16,all_rv,Inflation/prices,0.22,1183.0,single_list,YouGov/Economist,https://yougov.com/en-us/trackers/most-important-issues-facing-the-us
2026-03-23,all_rv,Abortion,0.03,1233.0,single_list,YouGov/Economist,https://yougov.com/en-us/trackers/most-important-issues-facing-the-us
2026-03-23,all_rv,Civil rights and civil liberties,0.1,1233.0,single_list,YouGov/Economist,https://yougov.com/en-us/trackers/most-important-issues-facing-the-us
2026-03-23,all_rv,Climate change and the environment,0.06,1233.0,single_list,YouGov/Economist,https://yougov.com/en-us/trackers/most-important-issues-facing-the-us
2026-03-23,all_rv,Crime and criminal justice reform,0.03,1233.0,single_list,YouGov/Economist,https://yougov.com/en-us/trackers/most-important-issues-facing-the-us
2026-03-23,all_rv,Education,0.02,1233.0,single_list,YouGov/Economist,https://yougov.com/en-us/trackers/most-important-issues-facing-the-us
2026-03-23,all_rv,Gay rights,0.0,1233.0,single_list,YouGov/Economist,https://yougov.com/en-us/trackers/most-important-issues-facing-the-us
2026-03-23,all_rv,Gun control,0.02,1233.0,single_list,YouGov/Economist,https://yougov.com/en-us/trackers/most-important-issues-facing-the-us
2026-03-23,all_rv,Health care,0.1,1233.0,single_list,YouGov/Economist,https://yougov.com/en-us/trackers/most-important-issues-facing-the-us
2026-03-23,all_rv,Immigration,0.09,1233.0,single_list,YouGov/Economist,https://yougov.com/en-us/trackers/most-important-issues-facing-the-us
2026-03-23,all_rv,Jobs and the economy,0.14,1233.0,single_list,YouGov/Economist,https://yougov.com/en-us/trackers/most-important-issues-facing-the-us
2026-03-23,all_rv,Medicare,0.0,1233.0,single_list,YouGov/Economist,https://yougov.com/en-us/trackers/most-important-issues-facing-the-us
2026-03-23,all_rv,National Security and foreign policy,0.1,1233.0,single_list,YouGov/Economist,https://yougov.com/en-us/trackers/most-important-issues-facing-the-us
2026-03-23,all_rv,Social security,0.0,1233.0,single_list,YouGov/Economist,https://yougov.com/en-us/trackers/most-important-issues-facing-the-us
2026-03-23,all_rv,Taxes and government spending,0.07,1233.0,single_list,YouGov/Economist,https://yougov.com/en-us/trackers/most-important-issues-facing-the-us
2026-03-23,all_rv,Terrorism,0.0,1233.0,single_list,YouGov/Economist,https://yougov.com/en-us/trackers/most-important-issues-facing-the-us
2026-03-23,all_rv,The budget deficit,0.0,1233.0,single_list,YouGov/Economist,https://yougov.com/en-us/trackers/most-important-issues-facing-the-us
2026-03-23,all_rv,The war in Afghanistan,0.0,1233.0,single_list,YouGov/Economist,https://yougov.com/en-us/trackers/most-important-issues-facing-the-us
2026-03-23,all_rv,Inflation/prices,0.25,1233.0,single_list,YouGov/Economist,https://yougov.com/en-us/trackers/most-important-issues-facing-the-us
2026-03-30,all_rv,Abortion,0.03,1243.0,single_list,YouGov/Economist,https://yougov.com/en-us/trackers/most-important-issues-facing-the-us
2026-03-30,all_rv,Civil rights and civil liberties,0.1,1243.0,single_list,YouGov/Economist,https://yougov.com/en-us/trackers/most-important-issues-facing-the-us
2026-03-30,all_rv,Climate change and the environment,0.06,1243.0,single_list,YouGov/Economist,https://yougov.com/en-us/trackers/most-important-issues-facing-the-us
2026-03-30,all_rv,Crime and criminal justice reform,0.04,1243.0,single_list,YouGov/Economist,https://yougov.com/en-us/trackers/most-important-issues-facing-the-us
2026-03-30,all_rv,Education,0.02,1243.0,single_list,YouGov/Economist,https://yougov.com/en-us/trackers/most-important-issues-facing-the-us
2026-03-30,all_rv,Gay rights,0.0,1243.0,single_list,YouGov/Economist,https://yougov.com/en-us/trackers/most-important-issues-facing-the-us
2026-03-30,all_rv,Gun control,0.02,1243.0,single_list,YouGov/Economist,https://yougov.com/en-us/trackers/most-important-issues-facing-the-us
2026-03-30,all_rv,Health care,0.11,1243.0,single_list,YouGov/Economist,https://yougov.com/en-us/trackers/most-important-issues-facing-the-us
2026-03-30,all_rv,Immigration,0.08,1243.0,single_list,YouGov/Economist,https://yougov.com/en-us/trackers/most-important-issues-facing-the-us
2026-03-30,all_rv,Jobs and the economy,0.15,1243.0,single_list,YouGov/Economist,https://yougov.com/en-us/trackers/most-important-issues-facing-the-us
2026-03-30,all_rv,Medicare,0.0,1243.0,single_list,YouGov/Economist,https://yougov.com/en-us/trackers/most-important-issues-facing-the-us
2026-03-30,all_rv,National Security and foreign policy,0.08,1243.0,single_list,YouGov/Economist,https://yougov.com/en-us/trackers/most-important-issues-facing-the-us
2026-03-30,all_rv,Social security,0.0,1243.0,single_list,YouGov/Economist,https://yougov.com/en-us/trackers/most-important-issues-facing-the-us
2026-03-30,all_rv,Taxes and government spending,0.07,1243.0,single_list,YouGov/Economist,https://yougov.com/en-us/trackers/most-important-issues-facing-the-us
2026-03-30,all_rv,Terrorism,0.0,1243.0,single_list,YouGov/Economist,https://yougov.com/en-us/trackers/most-important-issues-facing-the-us
2026-03-30,all_rv,The budget deficit,0.0,1243.0,single_list,YouGov/Economist,https://yougov.com/en-us/trackers/most-important-issues-facing-the-us
2026-03-30,all_rv,The war in Afghanistan,0.0,1243.0,single_list,YouGov/Economist,https://yougov.com/en-us/trackers/most-important-issues-facing-the-us
2026-03-30,all_rv,Inflation/prices,0.24,1243.0,single_list,YouGov/Economist,https://yougov.com/en-us/trackers/most-important-issues-facing-the-us
2026-04-06,all_rv,Abortion,0.02,1297.0,single_list,YouGov/Economist,https://yougov.com/en-us/trackers/most-important-issues-facing-the-us
2026-04-06,all_rv,Civil rights and civil liberties,0.11,1297.0,single_list,YouGov/Economist,https://yougov.com/en-us/trackers/most-important-issues-facing-the-us
2026-04-06,all_rv,Climate change and the environment,0.06,1297.0,single_list,YouGov/Economist,https://yougov.com/en-us/trackers/most-important-issues-facing-the-us
2026-04-06,all_rv,Crime and criminal justice reform,0.04,1297.0,single_list,YouGov/Economist,https://yougov.com/en-us/trackers/most-important-issues-facing-the-us
2026-04-06,all_rv,Education,0.03,1297.0,single_list,YouGov/Economist,https://yougov.com/en-us/trackers/most-important-issues-facing-the-us
2026-04-06,all_rv,Gay rights,0.0,1297.0,single_list,YouGov/Economist,https://yougov.com/en-us/trackers/most-important-issues-facing-the-us
2026-04-06,all_rv,Gun control,0.01,1297.0,single_list,YouGov/Economist,https://yougov.com/en-us/trackers/most-important-issues-facing-the-us
2026-04-06,all_rv,Health care,0.09,1297.0,single_list,YouGov/Economist,https://yougov.com/en-us/trackers/most-important-issues-facing-the-us
2026-04-06,all_rv,Immigration,0.07,1297.0,single_list,YouGov/Economist,https://yougov.com/en-us/trackers/most-important-issues-facing-the-us
2026-04-06,all_rv,Jobs and the economy,0.12,1297.0,single_list,YouGov/Economist,https://yougov.com/en-us/trackers/most-important-issues-facing-the-us
2026-04-06,all_rv,Medicare,0.0,1297.0,single_list,YouGov/Economist,https://yougov.com/en-us/trackers/most-important-issues-facing-the-us
2026-04-06,all_rv,National Security and foreign policy,0.07,1297.0,single_list,YouGov/Economist,https://yougov.com/en-us/trackers/most-important-issues-facing-the-us
2026-04-06,all_rv,Social security,0.0,1297.0,single_list,YouGov/Economist,https://yougov.com/en-us/trackers/most-important-issues-facing-the-us
2026-04-06,all_rv,Taxes and government spending,0.08,1297.0,single_list,YouGov/Economist,https://yougov.com/en-us/trackers/most-important-issues-facing-the-us
2026-04-06,all_rv,Terrorism,0.0,1297.0,single_list,YouGov/Economist,https://yougov.com/en-us/trackers/most-important-issues-facing-the-us
2026-04-06,all_rv,The budget deficit,0.0,1297.0,single_list,YouGov/Economist,https://yougov.com/en-us/trackers/most-important-issues-facing-the-us
2026-04-06,all_rv,The war in Afghanistan,0.0,1297.0,single_list,YouGov/Economist,https://yougov.com/en-us/trackers/most-important-issues-facing-the-us
2026-04-06,all_rv,Inflation/prices,0.31,1297.0,single_list,YouGov/Economist,https://yougov.com/en-us/trackers/most-important-issues-facing-the-us
2026-04-13,all_rv,Abortion,0.02,1288.0,single_list,YouGov/Economist,https://yougov.com/en-us/trackers/most-important-issues-facing-the-us
2026-04-13,all_rv,Civil rights and civil liberties,0.09,1288.0,single_list,YouGov/Economist,https://yougov.com/en-us/trackers/most-important-issues-facing-the-us
2026-04-13,all_rv,Climate change and the environment,0.06,1288.0,single_list,YouGov/Economist,https://yougov.com/en-us/trackers/most-important-issues-facing-the-us
2026-04-13,all_rv,Crime and criminal justice reform,0.03,1288.0,single_list,YouGov/Economist,https://yougov.com/en-us/trackers/most-important-issues-facing-the-us
2026-04-13,all_rv,Education,0.03,1288.0,single_list,YouGov/Economist,https://yougov.com/en-us/trackers/most-important-issues-facing-the-us
2026-04-13,all_rv,Gay rights,0.0,1288.0,single_list,YouGov/Economist,https://yougov.com/en-us/trackers/most-important-issues-facing-the-us
2026-04-13,all_rv,Gun control,0.01,1288.0,single_list,YouGov/Economist,https://yougov.com/en-us/trackers/most-important-issues-facing-the-us
2026-04-13,all_rv,Health care,0.12,1288.0,single_list,YouGov/Economist,https://yougov.com/en-us/trackers/most-important-issues-facing-the-us
2026-04-13,all_rv,Immigration,0.09,1288.0,single_list,YouGov/Economist,https://yougov.com/en-us/trackers/most-important-issues-facing-the-us
2026-04-13,all_rv,Jobs and the economy,0.13,1288.0,single_list,YouGov/Economist,https://yougov.com/en-us/trackers/most-important-issues-facing-the-us
2026-04-13,all_rv,Medicare,0.0,1288.0,single_list,YouGov/Economist,https://yougov.com/en-us/trackers/most-important-issues-facing-the-us
2026-04-13,all_rv,National Security and foreign policy,0.08,1288.0,single_list,YouGov/Economist,https://yougov.com/en-us/trackers/most-important-issues-facing-the-us
2026-04-13,all_rv,Social security,0.0,1288.0,single_list,YouGov/Economist,https://yougov.com/en-us/trackers/most-important-issues-facing-the-us
2026-04-13,all_rv,Taxes and government spending,0.07,1288.0,single_list,YouGov/Economist,https://yougov.com/en-us/trackers/most-important-issues-facing-the-us
2026-04-13,all_rv,Terrorism,0.0,1288.0,single_list,YouGov/Economist,https://yougov.com/en-us/trackers/most-important-issues-facing-the-us
2026-04-13,all_rv,The budget deficit,0.0,1288.0,single_list,YouGov/Economist,https://yougov.com/en-us/trackers/most-important-issues-facing-the-us
2026-04-13,all_rv,The war in Afghanistan,0.0,1288.0,single_list,YouGov/Economist,https://yougov.com/en-us/trackers/most-important-issues-facing-the-us
2026-04-13,all_rv,Inflation/prices,0.26,1288.0,single_list,YouGov/Economist,https://yougov.com/en-us/trackers/most-important-issues-facing-the-us
2026-04-20,all_rv,Abortion,0.01,1262.0,single_list,YouGov/Economist,https://yougov.com/en-us/trackers/most-important-issues-facing-the-us
2026-04-20,all_rv,Civil rights and civil liberties,0.08,1262.0,single_list,YouGov/Economist,https://yougov.com/en-us/trackers/most-important-issues-facing-the-us
2026-04-20,all_rv,Climate change and the environment,0.05,1262.0,single_list,YouGov/Economist,https://yougov.com/en-us/trackers/most-important-issues-facing-the-us
2026-04-20,all_rv,Crime and criminal justice reform,0.04,1262.0,single_list,YouGov/Economist,https://yougov.com/en-us/trackers/most-important-issues-facing-the-us
2026-04-20,all_rv,Education,0.02,1262.0,single_list,YouGov/Economist,https://yougov.com/en-us/trackers/most-important-issues-facing-the-us
2026-04-20,all_rv,Gay rights,0.0,1262.0,single_list,YouGov/Economist,https://yougov.com/en-us/trackers/most-important-issues-facing-the-us
2026-04-20,all_rv,Gun control,0.01,1262.0,single_list,YouGov/Economist,https://yougov.com/en-us/trackers/most-important-issues-facing-the-us
2026-04-20,all_rv,Health care,0.12,1262.0,single_list,YouGov/Economist,https://yougov.com/en-us/trackers/most-important-issues-facing-the-us
2026-04-20,all_rv,Immigration,0.08,1262.0,single_list,YouGov/Economist,https://yougov.com/en-us/trackers/most-important-issues-facing-the-us
2026-04-20,all_rv,Jobs and the economy,0.16,1262.0,single_list,YouGov/Economist,https://yougov.com/en-us/trackers/most-important-issues-facing-the-us
2026-04-20,all_rv,Medicare,0.0,1262.0,single_list,YouGov/Economist,https://yougov.com/en-us/trackers/most-important-issues-facing-the-us
2026-04-20,all_rv,National Security and foreign policy,0.08,1262.0,single_list,YouGov/Economist,https://yougov.com/en-us/trackers/most-important-issues-facing-the-us
2026-04-20,all_rv,Social security,0.0,1262.0,single_list,YouGov/Economist,https://yougov.com/en-us/trackers/most-important-issues-facing-the-us
2026-04-20,all_rv,Taxes and government spending,0.08,1262.0,single_list,YouGov/Economist,https://yougov.com/en-us/trackers/most-important-issues-facing-the-us
2026-04-20,all_rv,Terrorism,0.0,1262.0,single_list,YouGov/Economist,https://yougov.com/en-us/trackers/most-important-issues-facing-the-us
2026-04-20,all_rv,The budget deficit,0.0,1262.0,single_list,YouGov/Economist,https://yougov.com/en-us/trackers/most-important-issues-facing-the-us
2026-04-20,all_rv,The war in Afghanistan,0.0,1262.0,single_list,YouGov/Economist,https://yougov.com/en-us/trackers/most-important-issues-facing-the-us
2026-04-20,all_rv,Inflation/prices,0.27,1262.0,single_list,YouGov/Economist,https://yougov.com/en-us/trackers/most-important-issues-facing-the-us
2026-04-27,all_rv,Abortion,0.03,1357.0,single_list,YouGov/Economist,https://yougov.com/en-us/trackers/most-important-issues-facing-the-us
2026-04-27,all_rv,Civil rights and civil liberties,0.09,1357.0,single_list,YouGov/Economist,https://yougov.com/en-us/trackers/most-important-issues-facing-the-us
2026-04-27,all_rv,Climate change and the environment,0.05,1357.0,single_list,YouGov/Economist,https://yougov.com/en-us/trackers/most-important-issues-facing-the-us
2026-04-27,all_rv,Crime and criminal justice reform,0.04,1357.0,single_list,YouGov/Economist,https://yougov.com/en-us/trackers/most-important-issues-facing-the-us
2026-04-27,all_rv,Education,0.03,1357.0,single_list,YouGov/Economist,https://yougov.com/en-us/trackers/most-important-issues-facing-the-us
2026-04-27,all_rv,Gay rights,0.0,1357.0,single_list,YouGov/Economist,https://yougov.com/en-us/trackers/most-important-issues-facing-the-us
2026-04-27,all_rv,Gun control,0.02,1357.0,single_list,YouGov/Economist,https://yougov.com/en-us/trackers/most-important-issues-facing-the-us
2026-04-27,all_rv,Health care,0.09,1357.0,single_list,YouGov/Economist,https://yougov.com/en-us/trackers/most-important-issues-facing-the-us
2026-04-27,all_rv,Immigration,0.08,1357.0,single_list,YouGov/Economist,https://yougov.com/en-us/trackers/most-important-issues-facing-the-us
2026-04-27,all_rv,Jobs and the economy,0.15,1357.0,single_list,YouGov/Economist,https://yougov.com/en-us/trackers/most-important-issues-facing-the-us
2026-04-27,all_rv,Medicare,0.0,1357.0,single_list,YouGov/Economist,https://yougov.com/en-us/trackers/most-important-issues-facing-the-us
2026-04-27,all_rv,National Security and foreign policy,0.08,1357.0,single_list,YouGov/Economist,https://yougov.com/en-us/trackers/most-important-issues-facing-the-us
2026-04-27,all_rv,Social security,0.0,1357.0,single_list,YouGov/Economist,https://yougov.com/en-us/trackers/most-important-issues-facing-the-us
2026-04-27,all_rv,Taxes and government spending,0.08,1357.0,single_list,YouGov/Economist,https://yougov.com/en-us/trackers/most-important-issues-facing-the-us
2026-04-27,all_rv,Terrorism,0.0,1357.0,single_list,YouGov/Economist,https://yougov.com/en-us/trackers/most-important-issues-facing-the-us
2026-04-27,all_rv,The budget deficit,0.0,1357.0,single_list,YouGov/Economist,https://yougov.com/en-us/trackers/most-important-issues-facing-the-us
2026-04-27,all_rv,The war in Afghanistan,0.0,1357.0,single_list,YouGov/Economist,https://yougov.com/en-us/trackers/most-important-issues-facing-the-us
2026-04-27,all_rv,Inflation/prices,0.26,1357.0,single_list,YouGov/Economist,https://yougov.com/en-us/trackers/most-important-issues-facing-the-us
2026-05-04,all_rv,Abortion,0.02,1160.0,single_list,YouGov/Economist,https://yougov.com/en-us/trackers/most-important-issues-facing-the-us
2026-05-04,all_rv,Civil rights and civil liberties,0.09,1160.0,single_list,YouGov/Economist,https://yougov.com/en-us/trackers/most-important-issues-facing-the-us
2026-05-04,all_rv,Climate change and the environment,0.06,1160.0,single_list,YouGov/Economist,https://yougov.com/en-us/trackers/most-important-issues-facing-the-us
2026-05-04,all_rv,Crime and criminal justice reform,0.04,1160.0,single_list,YouGov/Economist,https://yougov.com/en-us/trackers/most-important-issues-facing-the-us
2026-05-04,all_rv,Education,0.02,1160.0,single_list,YouGov/Economist,https://yougov.com/en-us/trackers/most-important-issues-facing-the-us
2026-05-04,all_rv,Gay rights,0.0,1160.0,single_list,YouGov/Economist,https://yougov.com/en-us/trackers/most-important-issues-facing-the-us
2026-05-04,all_rv,Gun control,0.01,1160.0,single_list,YouGov/Economist,https://yougov.com/en-us/trackers/most-important-issues-facing-the-us
2026-05-04,all_rv,Health care,0.1,1160.0,single_list,YouGov/Economist,https://yougov.com/en-us/trackers/most-important-issues-facing-the-us
2026-05-04,all_rv,Immigration,0.08,1160.0,single_list,YouGov/Economist,https://yougov.com/en-us/trackers/most-important-issues-facing-the-us
2026-05-04,all_rv,Jobs and the economy,0.14,1160.0,single_list,YouGov/Economist,https://yougov.com/en-us/trackers/most-important-issues-facing-the-us
2026-05-04,all_rv,Medicare,0.0,1160.0,single_list,YouGov/Economist,https://yougov.com/en-us/trackers/most-important-issues-facing-the-us
2026-05-04,all_rv,National Security and foreign policy,0.06,1160.0,single_list,YouGov/Economist,https://yougov.com/en-us/trackers/most-important-issues-facing-the-us
2026-05-04,all_rv,Social security,0.0,1160.0,single_list,YouGov/Economist,https://yougov.com/en-us/trackers/most-important-issues-facing-the-us
2026-05-04,all_rv,Taxes and government spending,0.09,1160.0,single_list,YouGov/Economist,https://yougov.com/en-us/trackers/most-important-issues-facing-the-us
2026-05-04,all_rv,Terrorism,0.0,1160.0,single_list,YouGov/Economist,https://yougov.com/en-us/trackers/most-important-issues-facing-the-us
2026-05-04,all_rv,The budget deficit,0.0,1160.0,single_list,YouGov/Economist,https://yougov.com/en-us/trackers/most-important-issues-facing-the-us
2026-05-04,all_rv,The war in Afghanistan,0.0,1160.0,single_list,YouGov/Economist,https://yougov.com/en-us/trackers/most-important-issues-facing-the-us
2026-05-04,all_rv,Inflation/prices,0.3,1160.0,single_list,YouGov/Economist,https://yougov.com/en-us/trackers/most-important-issues-facing-the-us
2026-05-11,all_rv,Abortion,0.03,1146.0,single_list,YouGov/Economist,https://yougov.com/en-us/trackers/most-important-issues-facing-the-us
2026-05-11,all_rv,Civil rights and civil liberties,0.1,1146.0,single_list,YouGov/Economist,https://yougov.com/en-us/trackers/most-important-issues-facing-the-us
2026-05-11,all_rv,Climate change and the environment,0.04,1146.0,single_list,YouGov/Economist,https://yougov.com/en-us/trackers/most-important-issues-facing-the-us
2026-05-11,all_rv,Crime and criminal justice reform,0.04,1146.0,single_list,YouGov/Economist,https://yougov.com/en-us/trackers/most-important-issues-facing-the-us
2026-05-11,all_rv,Education,0.03,1146.0,single_list,YouGov/Economist,https://yougov.com/en-us/trackers/most-important-issues-facing-the-us
2026-05-11,all_rv,Gay rights,0.0,1146.0,single_list,YouGov/Economist,https://yougov.com/en-us/trackers/most-important-issues-facing-the-us
2026-05-11,all_rv,Gun control,0.01,1146.0,single_list,YouGov/Economist,https://yougov.com/en-us/trackers/most-important-issues-facing-the-us
2026-05-11,all_rv,Health care,0.09,1146.0,single_list,YouGov/Economist,https://yougov.com/en-us/trackers/most-important-issues-facing-the-us
2026-05-11,all_rv,Immigration,0.08,1146.0,single_list,YouGov/Economist,https://yougov.com/en-us/trackers/most-important-issues-facing-the-us
2026-05-11,all_rv,Jobs and the economy,0.14,1146.0,single_list,YouGov/Economist,https://yougov.com/en-us/trackers/most-important-issues-facing-the-us
2026-05-11,all_rv,Medicare,0.0,1146.0,single_list,YouGov/Economist,https://yougov.com/en-us/trackers/most-important-issues-facing-the-us
2026-05-11,all_rv,National Security and foreign policy,0.07,1146.0,single_list,YouGov/Economist,https://yougov.com/en-us/trackers/most-important-issues-facing-the-us
2026-05-11,all_rv,Social security,0.0,1146.0,single_list,YouGov/Economist,https://yougov.com/en-us/trackers/most-important-issues-facing-the-us
2026-05-11,all_rv,Taxes and government spending,0.08,1146.0,single_list,YouGov/Economist,https://yougov.com/en-us/trackers/most-important-issues-facing-the-us
2026-05-11,all_rv,Terrorism,0.0,1146.0,single_list,YouGov/Economist,https://yougov.com/en-us/trackers/most-important-issues-facing-the-us
2026-05-11,all_rv,The budget deficit,0.0,1146.0,single_list,YouGov/Economist,https://yougov.com/en-us/trackers/most-important-issues-facing-the-us
2026-05-11,all_rv,The war in Afghanistan,0.0,1146.0,single_list,YouGov/Economist,https://yougov.com/en-us/trackers/most-important-issues-facing-the-us
2026-05-11,all_rv,Inflation/prices,0.29,1146.0,single_list,YouGov/Economist,https://yougov.com/en-us/trackers/most-important-issues-facing-the-us
2026-05-18,all_rv,Abortion,0.03,1136.0,single_list,YouGov/Economist,https://yougov.com/en-us/trackers/most-important-issues-facing-the-us
2026-05-18,all_rv,Civil rights and civil liberties,0.11,1136.0,single_list,YouGov/Economist,https://yougov.com/en-us/trackers/most-important-issues-facing-the-us
2026-05-18,all_rv,Climate change and the environment,0.05,1136.0,single_list,YouGov/Economist,https://yougov.com/en-us/trackers/most-important-issues-facing-the-us
2026-05-18,all_rv,Crime and criminal justice reform,0.03,1136.0,single_list,YouGov/Economist,https://yougov.com/en-us/trackers/most-important-issues-facing-the-us
2026-05-18,all_rv,Education,0.02,1136.0,single_list,YouGov/Economist,https://yougov.com/en-us/trackers/most-important-issues-facing-the-us
2026-05-18,all_rv,Gay rights,0.0,1136.0,single_list,YouGov/Economist,https://yougov.com/en-us/trackers/most-important-issues-facing-the-us
2026-05-18,all_rv,Gun control,0.02,1136.0,single_list,YouGov/Economist,https://yougov.com/en-us/trackers/most-important-issues-facing-the-us
2026-05-18,all_rv,Health care,0.11,1136.0,single_list,YouGov/Economist,https://yougov.com/en-us/trackers/most-important-issues-facing-the-us
2026-05-18,all_rv,Immigration,0.06,1136.0,single_list,YouGov/Economist,https://yougov.com/en-us/trackers/most-important-issues-facing-the-us
2026-05-18,all_rv,Jobs and the economy,0.14,1136.0,single_list,YouGov/Economist,https://yougov.com/en-us/trackers/most-important-issues-facing-the-us
2026-05-18,all_rv,Medicare,0.0,1136.0,single_list,YouGov/Economist,https://yougov.com/en-us/trackers/most-important-issues-facing-the-us
2026-05-18,all_rv,National Security and foreign policy,0.07,1136.0,single_list,YouGov/Economist,https://yougov.com/en-us/trackers/most-important-issues-facing-the-us
2026-05-18,all_rv,Social security,0.0,1136.0,single_list,YouGov/Economist,https://yougov.com/en-us/trackers/most-important-issues-facing-the-us
2026-05-18,all_rv,Taxes and government spending,0.08,1136.0,single_list,YouGov/Economist,https://yougov.com/en-us/trackers/most-important-issues-facing-the-us
2026-05-18,all_rv,Terrorism,0.0,1136.0,single_list,YouGov/Economist,https://yougov.com/en-us/trackers/most-important-issues-facing-the-us
2026-05-18,all_rv,The budget deficit,0.0,1136.0,single_list,YouGov/Economist,https://yougov.com/en-us/trackers/most-important-issues-facing-the-us
2026-05-18,all_rv,The war in Afghanistan,0.0,1136.0,single_list,YouGov/Economist,https://yougov.com/en-us/trackers/most-important-issues-facing-the-us
2026-05-18,all_rv,Inflation/prices,0.29,1136.0,single_list,YouGov/Economist,https://yougov.com/en-us/trackers/most-important-issues-facing-the-us
2026-05-26,all_rv,Abortion,0.03,1120.0,single_list,YouGov/Economist,https://yougov.com/en-us/trackers/most-important-issues-facing-the-us
2026-05-26,all_rv,Civil rights and civil liberties,0.1,1120.0,single_list,YouGov/Economist,https://yougov.com/en-us/trackers/most-important-issues-facing-the-us
2026-05-26,all_rv,Climate change and the environment,0.05,1120.0,single_list,YouGov/Economist,https://yougov.com/en-us/trackers/most-important-issues-facing-the-us
2026-05-26,all_rv,Crime and criminal justice reform,0.05,1120.0,single_list,YouGov/Economist,https://yougov.com/en-us/trackers/most-important-issues-facing-the-us
2026-05-26,all_rv,Education,0.03,1120.0,single_list,YouGov/Economist,https://yougov.com/en-us/trackers/most-important-issues-facing-the-us
2026-05-26,all_rv,Gay rights,0.0,1120.0,single_list,YouGov/Economist,https://yougov.com/en-us/trackers/most-important-issues-facing-the-us
2026-05-26,all_rv,Gun control,0.02,1120.0,single_list,YouGov/Economist,https://yougov.com/en-us/trackers/most-important-issues-facing-the-us
2026-05-26,all_rv,Health care,0.08,1120.0,single_list,YouGov/Economist,https://yougov.com/en-us/trackers/most-important-issues-facing-the-us
2026-05-26,all_rv,Immigration,0.07,1120.0,single_list,YouGov/Economist,https://yougov.com/en-us/trackers/most-important-issues-facing-the-us
2026-05-26,all_rv,Jobs and the economy,0.13,1120.0,single_list,YouGov/Economist,https://yougov.com/en-us/trackers/most-important-issues-facing-the-us
2026-05-26,all_rv,Medicare,0.0,1120.0,single_list,YouGov/Economist,https://yougov.com/en-us/trackers/most-important-issues-facing-the-us
2026-05-26,all_rv,National Security and foreign policy,0.08,1120.0,single_list,YouGov/Economist,https://yougov.com/en-us/trackers/most-important-issues-facing-the-us
2026-05-26,all_rv,Social security,0.0,1120.0,single_list,YouGov/Economist,https://yougov.com/en-us/trackers/most-important-issues-facing-the-us
2026-05-26,all_rv,Taxes and government spending,0.09,1120.0,single_list,YouGov/Economist,https://yougov.com/en-us/trackers/most-important-issues-facing-the-us
2026-05-26,all_rv,Terrorism,0.0,1120.0,single_list,YouGov/Economist,https://yougov.com/en-us/trackers/most-important-issues-facing-the-us
2026-05-26,all_rv,The budget deficit,0.0,1120.0,single_list,YouGov/Economist,https://yougov.com/en-us/trackers/most-important-issues-facing-the-us
2026-05-26,all_rv,The war in Afghanistan,0.0,1120.0,single_list,YouGov/Economist,https://yougov.com/en-us/trackers/most-important-issues-facing-the-us
2026-05-26,all_rv,Inflation/prices,0.28,1120.0,single_list,YouGov/Economist,https://yougov.com/en-us/trackers/most-important-issues-facing-the-us
2026-06-01,all_rv,Abortion,0.03,1187.0,single_list,YouGov/Economist,https://yougov.com/en-us/trackers/most-important-issues-facing-the-us
2026-06-01,all_rv,Civil rights and civil liberties,0.1,1187.0,single_list,YouGov/Economist,https://yougov.com/en-us/trackers/most-important-issues-facing-the-us
2026-06-01,all_rv,Climate change and the environment,0.05,1187.0,single_list,YouGov/Economist,https://yougov.com/en-us/trackers/most-important-issues-facing-the-us
2026-06-01,all_rv,Crime and criminal justice reform,0.04,1187.0,single_list,YouGov/Economist,https://yougov.com/en-us/trackers/most-important-issues-facing-the-us
2026-06-01,all_rv,Education,0.03,1187.0,single_list,YouGov/Economist,https://yougov.com/en-us/trackers/most-important-issues-facing-the-us
2026-06-01,all_rv,Gay rights,0.0,1187.0,single_list,YouGov/Economist,https://yougov.com/en-us/trackers/most-important-issues-facing-the-us
2026-06-01,all_rv,Gun control,0.01,1187.0,single_list,YouGov/Economist,https://yougov.com/en-us/trackers/most-important-issues-facing-the-us
2026-06-01,all_rv,Health care,0.08,1187.0,single_list,YouGov/Economist,https://yougov.com/en-us/trackers/most-important-issues-facing-the-us
2026-06-01,all_rv,Immigration,0.08,1187.0,single_list,YouGov/Economist,https://yougov.com/en-us/trackers/most-important-issues-facing-the-us
2026-06-01,all_rv,Jobs and the economy,0.13,1187.0,single_list,YouGov/Economist,https://yougov.com/en-us/trackers/most-important-issues-facing-the-us
2026-06-01,all_rv,Medicare,0.0,1187.0,single_list,YouGov/Economist,https://yougov.com/en-us/trackers/most-important-issues-facing-the-us
2026-06-01,all_rv,National Security and foreign policy,0.06,1187.0,single_list,YouGov/Economist,https://yougov.com/en-us/trackers/most-important-issues-facing-the-us
2026-06-01,all_rv,Social security,0.0,1187.0,single_list,YouGov/Economist,https://yougov.com/en-us/trackers/most-important-issues-facing-the-us
2026-06-01,all_rv,Taxes and government spending,0.07,1187.0,single_list,YouGov/Economist,https://yougov.com/en-us/trackers/most-important-issues-facing-the-us
2026-06-01,all_rv,Terrorism,0.0,1187.0,single_list,YouGov/Economist,https://yougov.com/en-us/trackers/most-important-issues-facing-the-us
2026-06-01,all_rv,The budget deficit,0.0,1187.0,single_list,YouGov/Economist,https://yougov.com/en-us/trackers/most-important-issues-facing-the-us
2026-06-01,all_rv,The war in Afghanistan,0.0,1187.0,single_list,YouGov/Economist,https://yougov.com/en-us/trackers/most-important-issues-facing-the-us
2026-06-01,all_rv,Inflation/prices,0.33,1187.0,single_list,YouGov/Economist,https://yougov.com/en-us/trackers/most-important-issues-facing-the-us
2026-06-08,all_rv,Abortion,0.02,1146.0,single_list,YouGov/Economist,https://yougov.com/en-us/trackers/most-important-issues-facing-the-us
2026-06-08,all_rv,Civil rights and civil liberties,0.1,1146.0,single_list,YouGov/Economist,https://yougov.com/en-us/trackers/most-important-issues-facing-the-us
2026-06-08,all_rv,Climate change and the environment,0.05,1146.0,single_list,YouGov/Economist,https://yougov.com/en-us/trackers/most-important-issues-facing-the-us
2026-06-08,all_rv,Crime and criminal justice reform,0.04,1146.0,single_list,YouGov/Economist,https://yougov.com/en-us/trackers/most-important-issues-facing-the-us
2026-06-08,all_rv,Education,0.02,1146.0,single_list,YouGov/Economist,https://yougov.com/en-us/trackers/most-important-issues-facing-the-us
2026-06-08,all_rv,Gay rights,0.0,1146.0,single_list,YouGov/Economist,https://yougov.com/en-us/trackers/most-important-issues-facing-the-us
2026-06-08,all_rv,Gun control,0.01,1146.0,single_list,YouGov/Economist,https://yougov.com/en-us/trackers/most-important-issues-facing-the-us
2026-06-08,all_rv,Health care,0.09,1146.0,single_list,YouGov/Economist,https://yougov.com/en-us/trackers/most-important-issues-facing-the-us
2026-06-08,all_rv,Immigration,0.08,1146.0,single_list,YouGov/Economist,https://yougov.com/en-us/trackers/most-important-issues-facing-the-us
2026-06-08,all_rv,Jobs and the economy,0.11,1146.0,single_list,YouGov/Economist,https://yougov.com/en-us/trackers/most-important-issues-facing-the-us
2026-06-08,all_rv,Medicare,0.0,1146.0,single_list,YouGov/Economist,https://yougov.com/en-us/trackers/most-important-issues-facing-the-us
2026-06-08,all_rv,National Security and foreign policy,0.05,1146.0,single_list,YouGov/Economist,https://yougov.com/en-us/trackers/most-important-issues-facing-the-us
2026-06-08,all_rv,Social security,0.0,1146.0,single_list,YouGov/Economist,https://yougov.com/en-us/trackers/most-important-issues-facing-the-us
2026-06-08,all_rv,Taxes and government spending,0.09,1146.0,single_list,YouGov/Economist,https://yougov.com/en-us/trackers/most-important-issues-facing-the-us
2026-06-08,all_rv,Terrorism,0.0,1146.0,single_list,YouGov/Economist,https://yougov.com/en-us/trackers/most-important-issues-facing-the-us
2026-06-08,all_rv,The budget deficit,0.0,1146.0,single_list,YouGov/Economist,https://yougov.com/en-us/trackers/most-important-issues-facing-the-us
2026-06-08,all_rv,The war in Afghanistan,0.0,1146.0,single_list,YouGov/Economist,https://yougov.com/en-us/trackers/most-important-issues-facing-the-us
2026-06-08,all_rv,Inflation/prices,0.31,1146.0,single_list,YouGov/Economist,https://yougov.com/en-us/trackers/most-important-issues-facing-the-us
2026-06-15,all_rv,Abortion,0.02,1144.0,single_list,YouGov/Economist,https://yougov.com/en-us/trackers/most-important-issues-facing-the-us
2026-06-15,all_rv,Civil rights and civil liberties,0.11,1144.0,single_list,YouGov/Economist,https://yougov.com/en-us/trackers/most-important-issues-facing-the-us
2026-06-15,all_rv,Climate change and the environment,0.05,1144.0,single_list,YouGov/Economist,https://yougov.com/en-us/trackers/most-important-issues-facing-the-us
2026-06-15,all_rv,Crime and criminal justice reform,0.02,1144.0,single_list,YouGov/Economist,https://yougov.com/en-us/trackers/most-important-issues-facing-the-us
2026-06-15,all_rv,Education,0.02,1144.0,single_list,YouGov/Economist,https://yougov.com/en-us/trackers/most-important-issues-facing-the-us
2026-06-15,all_rv,Gay rights,0.0,1144.0,single_list,YouGov/Economist,https://yougov.com/en-us/trackers/most-important-issues-facing-the-us
2026-06-15,all_rv,Gun control,0.02,1144.0,single_list,YouGov/Economist,https://yougov.com/en-us/trackers/most-important-issues-facing-the-us
2026-06-15,all_rv,Health care,0.09,1144.0,single_list,YouGov/Economist,https://yougov.com/en-us/trackers/most-important-issues-facing-the-us
2026-06-15,all_rv,Immigration,0.09,1144.0,single_list,YouGov/Economist,https://yougov.com/en-us/trackers/most-important-issues-facing-the-us
2026-06-15,all_rv,Jobs and the economy,0.14,1144.0,single_list,YouGov/Economist,https://yougov.com/en-us/trackers/most-important-issues-facing-the-us
2026-06-15,all_rv,Medicare,0.0,1144.0,single_list,YouGov/Economist,https://yougov.com/en-us/trackers/most-important-issues-facing-the-us
2026-06-15,all_rv,National Security and foreign policy,0.07,1144.0,single_list,YouGov/Economist,https://yougov.com/en-us/trackers/most-important-issues-facing-the-us
2026-06-15,all_rv,Social security,0.0,1144.0,single_list,YouGov/Economist,https://yougov.com/en-us/trackers/most-important-issues-facing-the-us
2026-06-15,all_rv,Taxes and government spending,0.06,1144.0,single_list,YouGov/Economist,https://yougov.com/en-us/trackers/most-important-issues-facing-the-us
2026-06-15,all_rv,Terrorism,0.0,1144.0,single_list,YouGov/Economist,https://yougov.com/en-us/trackers/most-important-issues-facing-the-us
2026-06-15,all_rv,The budget deficit,0.0,1144.0,single_list,YouGov/Economist,https://yougov.com/en-us/trackers/most-important-issues-facing-the-us
2026-06-15,all_rv,The war in Afghanistan,0.0,1144.0,single_list,YouGov/Economist,https://yougov.com/en-us/trackers/most-important-issues-facing-the-us
2026-06-15,all_rv,Inflation/prices,0.31,1144.0,single_list,YouGov/Economist,https://yougov.com/en-us/trackers/most-important-issues-facing-the-us
2026-06-22,all_rv,Abortion,0.02,1235.0,single_list,YouGov/Economist,https://yougov.com/en-us/trackers/most-important-issues-facing-the-us
2026-06-22,all_rv,Civil rights and civil liberties,0.09,1235.0,single_list,YouGov/Economist,https://yougov.com/en-us/trackers/most-important-issues-facing-the-us
2026-06-22,all_rv,Climate change and the environment,0.06,1235.0,single_list,YouGov/Economist,https://yougov.com/en-us/trackers/most-important-issues-facing-the-us
2026-06-22,all_rv,Crime and criminal justice reform,0.03,1235.0,single_list,YouGov/Economist,https://yougov.com/en-us/trackers/most-important-issues-facing-the-us
2026-06-22,all_rv,Education,0.03,1235.0,single_list,YouGov/Economist,https://yougov.com/en-us/trackers/most-important-issues-facing-the-us
2026-06-22,all_rv,Gay rights,0.0,1235.0,single_list,YouGov/Economist,https://yougov.com/en-us/trackers/most-important-issues-facing-the-us
2026-06-22,all_rv,Gun control,0.01,1235.0,single_list,YouGov/Economist,https://yougov.com/en-us/trackers/most-important-issues-facing-the-us
2026-06-22,all_rv,Health care,0.09,1235.0,single_list,YouGov/Economist,https://yougov.com/en-us/trackers/most-important-issues-facing-the-us
2026-06-22,all_rv,Immigration,0.09,1235.0,single_list,YouGov/Economist,https://yougov.com/en-us/trackers/most-important-issues-facing-the-us
2026-06-22,all_rv,Jobs and the economy,0.13,1235.0,single_list,YouGov/Economist,https://yougov.com/en-us/trackers/most-important-issues-facing-the-us
2026-06-22,all_rv,Medicare,0.0,1235.0,single_list,YouGov/Economist,https://yougov.com/en-us/trackers/most-important-issues-facing-the-us
2026-06-22,all_rv,National Security and foreign policy,0.07,1235.0,single_list,YouGov/Economist,https://yougov.com/en-us/trackers/most-important-issues-facing-the-us
2026-06-22,all_rv,Social security,0.0,1235.0,single_list,YouGov/Economist,https://yougov.com/en-us/trackers/most-important-issues-facing-the-us
2026-06-22,all_rv,Taxes and government spending,0.08,1235.0,single_list,YouGov/Economist,https://yougov.com/en-us/trackers/most-important-issues-facing-the-us
2026-06-22,all_rv,Terrorism,0.0,1235.0,single_list,YouGov/Economist,https://yougov.com/en-us/trackers/most-important-issues-facing-the-us
2026-06-22,all_rv,The budget deficit,0.0,1235.0,single_list,YouGov/Economist,https://yougov.com/en-us/trackers/most-important-issues-facing-the-us
2026-06-22,all_rv,The war in Afghanistan,0.0,1235.0,single_list,YouGov/Economist,https://yougov.com/en-us/trackers/most-important-issues-facing-the-us
2026-06-22,all_rv,Inflation/prices,0.31,1235.0,single_list,YouGov/Economist,https://yougov.com/en-us/trackers/most-important-issues-facing-the-us
2026-06-29,all_rv,Abortion,0.03,1177.0,single_list,YouGov/Economist,https://yougov.com/en-us/trackers/most-important-issues-facing-the-us
2026-06-29,all_rv,Civil rights and civil liberties,0.11,1177.0,single_list,YouGov/Economist,https://yougov.com/en-us/trackers/most-important-issues-facing-the-us
2026-06-29,all_rv,Climate change and the environment,0.05,1177.0,single_list,YouGov/Economist,https://yougov.com/en-us/trackers/most-important-issues-facing-the-us
2026-06-29,all_rv,Crime and criminal justice reform,0.05,1177.0,single_list,YouGov/Economist,https://yougov.com/en-us/trackers/most-important-issues-facing-the-us
2026-06-29,all_rv,Education,0.02,1177.0,single_list,YouGov/Economist,https://yougov.com/en-us/trackers/most-important-issues-facing-the-us
2026-06-29,all_rv,Gay rights,0.0,1177.0,single_list,YouGov/Economist,https://yougov.com/en-us/trackers/most-important-issues-facing-the-us
2026-06-29,all_rv,Gun control,0.01,1177.0,single_list,YouGov/Economist,https://yougov.com/en-us/trackers/most-important-issues-facing-the-us
2026-06-29,all_rv,Health care,0.09,1177.0,single_list,YouGov/Economist,https://yougov.com/en-us/trackers/most-important-issues-facing-the-us
2026-06-29,all_rv,Immigration,0.07,1177.0,single_list,YouGov/Economist,https://yougov.com/en-us/trackers/most-important-issues-facing-the-us
2026-06-29,all_rv,Jobs and the economy,0.14,1177.0,single_list,YouGov/Economist,https://yougov.com/en-us/trackers/most-important-issues-facing-the-us
2026-06-29,all_rv,Medicare,0.0,1177.0,single_list,YouGov/Economist,https://yougov.com/en-us/trackers/most-important-issues-facing-the-us
2026-06-29,all_rv,National Security and foreign policy,0.06,1177.0,single_list,YouGov/Economist,https://yougov.com/en-us/trackers/most-important-issues-facing-the-us
2026-06-29,all_rv,Social security,0.0,1177.0,single_list,YouGov/Economist,https://yougov.com/en-us/trackers/most-important-issues-facing-the-us
2026-06-29,all_rv,Taxes and government spending,0.08,1177.0,single_list,YouGov/Economist,https://yougov.com/en-us/trackers/most-important-issues-facing-the-us
2026-06-29,all_rv,Terrorism,0.0,1177.0,single_list,YouGov/Economist,https://yougov.com/en-us/trackers/most-important-issues-facing-the-us
2026-06-29,all_rv,The budget deficit,0.0,1177.0,single_list,YouGov/Economist,https://yougov.com/en-us/trackers/most-important-issues-facing-the-us
2026-06-29,all_rv,The war in Afghanistan,0.0,1177.0,single_list,YouGov/Economist,https://yougov.com/en-us/trackers/most-important-issues-facing-the-us
2026-06-29,all_rv,Inflation/prices,0.29,1177.0,single_list,YouGov/Economist,https://yougov.com/en-us/trackers/most-important-issues-facing-the-us
2026-07-06,all_rv,Abortion,0.03,1187.0,single_list,YouGov/Economist,https://yougov.com/en-us/trackers/most-important-issues-facing-the-us
2026-07-06,all_rv,Civil rights and civil liberties,0.09,1187.0,single_list,YouGov/Economist,https://yougov.com/en-us/trackers/most-important-issues-facing-the-us
2026-07-06,all_rv,Climate change and the environment,0.06,1187.0,single_list,YouGov/Economist,https://yougov.com/en-us/trackers/most-important-issues-facing-the-us
2026-07-06,all_rv,Crime and criminal justice reform,0.04,1187.0,single_list,YouGov/Economist,https://yougov.com/en-us/trackers/most-important-issues-facing-the-us
2026-07-06,all_rv,Education,0.03,1187.0,single_list,YouGov/Economist,https://yougov.com/en-us/trackers/most-important-issues-facing-the-us
2026-07-06,all_rv,Gay rights,0.0,1187.0,single_list,YouGov/Economist,https://yougov.com/en-us/trackers/most-important-issues-facing-the-us
2026-07-06,all_rv,Gun control,0.02,1187.0,single_list,YouGov/Economist,https://yougov.com/en-us/trackers/most-important-issues-facing-the-us
2026-07-06,all_rv,Health care,0.12,1187.0,single_list,YouGov/Economist,https://yougov.com/en-us/trackers/most-important-issues-facing-the-us
2026-07-06,all_rv,Immigration,0.09,1187.0,single_list,YouGov/Economist,https://yougov.com/en-us/trackers/most-important-issues-facing-the-us
2026-07-06,all_rv,Jobs and the economy,0.09,1187.0,single_list,YouGov/Economist,https://yougov.com/en-us/trackers/most-important-issues-facing-the-us
2026-07-06,all_rv,Medicare,0.0,1187.0,single_list,YouGov/Economist,https://yougov.com/en-us/trackers/most-important-issues-facing-the-us
2026-07-06,all_rv,National Security and foreign policy,0.06,1187.0,single_list,YouGov/Economist,https://yougov.com/en-us/trackers/most-important-issues-facing-the-us
2026-07-06,all_rv,Social security,0.0,1187.0,single_list,YouGov/Economist,https://yougov.com/en-us/trackers/most-important-issues-facing-the-us
2026-07-06,all_rv,Taxes and government spending,0.08,1187.0,single_list,YouGov/Economist,https://yougov.com/en-us/trackers/most-important-issues-facing-the-us
2026-07-06,all_rv,Terrorism,0.0,1187.0,single_list,YouGov/Economist,https://yougov.com/en-us/trackers/most-important-issues-facing-the-us
2026-07-06,all_rv,The budget deficit,0.0,1187.0,single_list,YouGov/Economist,https://yougov.com/en-us/trackers/most-important-issues-facing-the-us
2026-07-06,all_rv,The war in Afghanistan,0.0,1187.0,single_list,YouGov/Economist,https://yougov.com/en-us/trackers/most-important-issues-facing-the-us
2026-07-06,all_rv,Inflation/prices,0.29,1187.0,single_list,YouGov/Economist,https://yougov.com/en-us/trackers/most-important-issues-facing-the-us
2026-07-13,all_rv,Abortion,0.02,1187.0,single_list,YouGov/Economist,https://yougov.com/en-us/trackers/most-important-issues-facing-the-us
2026-07-13,all_rv,Civil rights and civil liberties,0.11,1187.0,single_list,YouGov/Economist,https://yougov.com/en-us/trackers/most-important-issues-facing-the-us
2026-07-13,all_rv,Climate change and the environment,0.05,1187.0,single_list,YouGov/Economist,https://yougov.com/en-us/trackers/most-important-issues-facing-the-us
2026-07-13,all_rv,Crime and criminal justice reform,0.02,1187.0,single_list,YouGov/Economist,https://yougov.com/en-us/trackers/most-important-issues-facing-the-us
2026-07-13,all_rv,Education,0.02,1187.0,single_list,YouGov/Economist,https://yougov.com/en-us/trackers/most-important-issues-facing-the-us
2026-07-13,all_rv,Gay rights,0.0,1187.0,single_list,YouGov/Economist,https://yougov.com/en-us/trackers/most-important-issues-facing-the-us
2026-07-13,all_rv,Gun control,0.02,1187.0,single_list,YouGov/Economist,https://yougov.com/en-us/trackers/most-important-issues-facing-the-us
2026-07-13,all_rv,Health care,0.08,1187.0,single_list,YouGov/Economist,https://yougov.com/en-us/trackers/most-important-issues-facing-the-us
2026-07-13,all_rv,Immigration,0.11,1187.0,single_list,YouGov/Economist,https://yougov.com/en-us/trackers/most-important-issues-facing-the-us
2026-07-13,all_rv,Jobs and the economy,0.14,1187.0,single_list,YouGov/Economist,https://yougov.com/en-us/trackers/most-important-issues-facing-the-us
2026-07-13,all_rv,Medicare,0.0,1187.0,single_list,YouGov/Economist,https://yougov.com/en-us/trackers/most-important-issues-facing-the-us
2026-07-13,all_rv,National Security and foreign policy,0.07,1187.0,single_list,YouGov/Economist,https://yougov.com/en-us/trackers/most-important-issues-facing-the-us
2026-07-13,all_rv,Social security,0.0,1187.0,single_list,YouGov/Economist,https://yougov.com/en-us/trackers/most-important-issues-facing-the-us
2026-07-13,all_rv,Taxes and government spending,0.08,1187.0,single_list,YouGov/Economist,https://yougov.com/en-us/trackers/most-important-issues-facing-the-us
2026-07-13,all_rv,Terrorism,0.0,1187.0,single_list,YouGov/Economist,https://yougov.com/en-us/trackers/most-important-issues-facing-the-us
2026-07-13,all_rv,The budget deficit,0.0,1187.0,single_list,YouGov/Economist,https://yougov.com/en-us/trackers/most-important-issues-facing-the-us
2026-07-13,all_rv,The war in Afghanistan,0.0,1187.0,single_list,YouGov/Economist,https://yougov.com/en-us/trackers/most-important-issues-facing-the-us
2026-07-13,all_rv,Inflation/prices,0.29,1187.0,single_list,YouGov/Economist,https://yougov.com/en-us/trackers/most-important-issues-facing-the-us
2026-07-20,all_rv,Abortion,0.03,1178.0,single_list,YouGov/Economist,https://yougov.com/en-us/trackers/most-important-issues-facing-the-us
2026-07-20,all_rv,Civil rights and civil liberties,0.08,1178.0,single_list,YouGov/Economist,https://yougov.com/en-us/trackers/most-important-issues-facing-the-us
2026-07-20,all_rv,Climate change and the environment,0.06,1178.0,single_list,YouGov/Economist,https://yougov.com/en-us/trackers/most-important-issues-facing-the-us
2026-07-20,all_rv,Crime and criminal justice reform,0.04,1178.0,single_list,YouGov/Economist,https://yougov.com/en-us/trackers/most-important-issues-facing-the-us
2026-07-20,all_rv,Education,0.02,1178.0,single_list,YouGov/Economist,https://yougov.com/en-us/trackers/most-important-issues-facing-the-us
2026-07-20,all_rv,Gay rights,0.0,1178.0,single_list,YouGov/Economist,https://yougov.com/en-us/trackers/most-important-issues-facing-the-us
2026-07-20,all_rv,Gun control,0.01,1178.0,single_list,YouGov/Economist,https://yougov.com/en-us/trackers/most-important-issues-facing-the-us
2026-07-20,all_rv,Health care,0.08,1178.0,single_list,YouGov/Economist,https://yougov.com/en-us/trackers/most-important-issues-facing-the-us
2026-07-20,all_rv,Immigration,0.07,1178.0,single_list,YouGov/Economist,https://yougov.com/en-us/trackers/most-important-issues-facing-the-us
2026-07-20,all_rv,Jobs and the economy,0.14,1178.0,single_list,YouGov/Economist,https://yougov.com/en-us/trackers/most-important-issues-facing-the-us
2026-07-20,all_rv,Medicare,0.0,1178.0,single_list,YouGov/Economist,https://yougov.com/en-us/trackers/most-important-issues-facing-the-us
2026-07-20,all_rv,National Security and foreign policy,0.08,1178.0,single_list,YouGov/Economist,https://yougov.com/en-us/trackers/most-important-issues-facing-the-us
2026-07-20,all_rv,Social security,0.0,1178.0,single_list,YouGov/Economist,https://yougov.com/en-us/trackers/most-important-issues-facing-the-us
2026-07-20,all_rv,Taxes and government spending,0.07,1178.0,single_list,YouGov/Economist,https://yougov.com/en-us/trackers/most-important-issues-facing-the-us
2026-07-20,all_rv,Terrorism,0.0,1178.0,single_list,YouGov/Economist,https://yougov.com/en-us/trackers/most-important-issues-facing-the-us
2026-07-20,all_rv,The budget deficit,0.0,1178.0,single_list,YouGov/Economist,https://yougov.com/en-us/trackers/most-important-issues-facing-the-us
2026-07-20,all_rv,The war in Afghanistan,0.0,1178.0,single_list,YouGov/Economist,https://yougov.com/en-us/trackers/most-important-issues-facing-the-us
2026-07-20,all_rv,Inflation/prices,0.32,1178.0,single_list,YouGov/Economist,https://yougov.com/en-us/trackers/most-important-issues-facing-the-us
2026-07-27,all_rv,Abortion,0.03,1149.0,single_list,YouGov/Economist,https://yougov.com/en-us/trackers/most-important-issues-facing-the-us
2026-07-27,all_rv,Civil rights and civil liberties,0.1,1149.0,single_list,YouGov/Economist,https://yougov.com/en-us/trackers/most-important-issues-facing-the-us
2026-07-27,all_rv,Climate change and the environment,0.07,1149.0,single_list,YouGov/Economist,https://yougov.com/en-us/trackers/most-important-issues-facing-the-us
2026-07-27,all_rv,Crime and criminal justice reform,0.04,1149.0,single_list,YouGov/Economist,https://yougov.com/en-us/trackers/most-important-issues-facing-the-us
2026-07-27,all_rv,Education,0.03,1149.0,single_list,YouGov/Economist,https://yougov.com/en-us/trackers/most-important-issues-facing-the-us
2026-07-27,all_rv,Gay rights,0.0,1149.0,single_list,YouGov/Economist,https://yougov.com/en-us/trackers/most-important-issues-facing-the-us
2026-07-27,all_rv,Gun control,0.02,1149.0,single_list,YouGov/Economist,https://yougov.com/en-us/trackers/most-important-issues-facing-the-us
2026-07-27,all_rv,Health care,0.09,1149.0,single_list,YouGov/Economist,https://yougov.com/en-us/trackers/most-important-issues-facing-the-us
2026-07-27,all_rv,Immigration,0.08,1149.0,single_list,YouGov/Economist,https://yougov.com/en-us/trackers/most-important-issues-facing-the-us
2026-07-27,all_rv,Jobs and the economy,0.13,1149.0,single_list,YouGov/Economist,https://yougov.com/en-us/trackers/most-important-issues-facing-the-us
2026-07-27,all_rv,Medicare,0.0,1149.0,single_list,YouGov/Economist,https://yougov.com/en-us/trackers/most-important-issues-facing-the-us
2026-07-27,all_rv,National Security and foreign policy,0.08,1149.0,single_list,YouGov/Economist,https://yougov.com/en-us/trackers/most-important-issues-facing-the-us
2026-07-27,all_rv,Social security,0.0,1149.0,single_list,YouGov/Economist,https://yougov.com/en-us/trackers/most-important-issues-facing-the-us
2026-07-27,all_rv,Taxes and government spending,0.06,1149.0,single_list,YouGov/Economist,https://yougov.com/en-us/trackers/most-important-issues-facing-the-us
2026-07-27,all_rv,Terrorism,0.0,1149.0,single_list,YouGov/Economist,https://yougov.com/en-us/trackers/most-important-issues-facing-the-us
2026-07-27,all_rv,The budget deficit,0.0,1149.0,single_list,YouGov/Economist,https://yougov.com/en-us/trackers/most-important-issues-facing-the-us
2026-07-27,all_rv,The war in Afghanistan,0.0,1149.0,single_list,YouGov/Economist,https://yougov.com/en-us/trackers/most-important-issues-facing-the-us
2026-07-27,all_rv,Inflation/prices,0.27,1149.0,single_list,YouGov/Economist,https://yougov.com/en-us/trackers/most-important-issues-facing-the-us
2026-08-02,all_rv,Abortion,0.02,1184.0,single_list,YouGov/Economist,https://yougov.com/en-us/trackers/most-important-issues-facing-the-us
2026-08-02,all_rv,Civil rights and civil liberties,0.08,1184.0,single_list,YouGov/Economist,https://yougov.com/en-us/trackers/most-important-issues-facing-the-us
2026-08-02,all_rv,Climate change and the environment,0.06,1184.0,single_list,YouGov/Economist,https://yougov.com/en-us/trackers/most-important-issues-facing-the-us
2026-08-02,all_rv,Crime and criminal justice reform,0.04,1184.0,single_list,YouGov/Economist,https://yougov.com/en-us/trackers/most-important-issues-facing-the-us
2026-08-02,all_rv,Education,0.02,1184.0,single_list,YouGov/Economist,https://yougov.com/en-us/trackers/most-important-issues-facing-the-us
2026-08-02,all_rv,Gay rights,0.0,1184.0,single_list,YouGov/Economist,https://yougov.com/en-us/trackers/most-important-issues-facing-the-us
2026-08-02,all_rv,Gun control,0.01,1184.0,single_list,YouGov/Economist,https://yougov.com/en-us/trackers/most-important-issues-facing-the-us
2026-08-02,all_rv,Health care,0.1,1184.0,single_list,YouGov/Economist,https://yougov.com/en-us/trackers/most-important-issues-facing-the-us
2026-08-02,all_rv,Immigration,0.08,1184.0,single_list,YouGov/Economist,https://yougov.com/en-us/trackers/most-important-issues-facing-the-us
2026-08-02,all_rv,Jobs and the economy,0.12,1184.0,single_list,YouGov/Economist,https://yougov.com/en-us/trackers/most-important-issues-facing-the-us
2026-08-02,all_rv,Medicare,0.0,1184.0,single_list,YouGov/Economist,https://yougov.com/en-us/trackers/most-important-issues-facing-the-us
2026-08-02,all_rv,National Security and foreign policy,0.04,1184.0,single_list,YouGov/Economist,https://yougov.com/en-us/trackers/most-important-issues-facing-the-us
2026-08-02,all_rv,Social security,0.0,1184.0,single_list,YouGov/Economist,https://yougov.com/en-us/trackers/most-important-issues-facing-the-us
2026-08-02,all_rv,Taxes and government spending,0.07,1184.0,single_list,YouGov/Economist,https://yougov.com/en-us/trackers/most-important-issues-facing-the-us
2026-08-02,all_rv,Terrorism,0.0,1184.0,single_list,YouGov/Economist,https://yougov.com/en-us/trackers/most-important-issues-facing-the-us
2026-08-02,all_rv,The budget deficit,0.0,1184.0,single_list,YouGov/Economist,https://yougov.com/en-us/trackers/most-important-issues-facing-the-us
2026-08-02,all_rv,The war in Afghanistan,0.0,1184.0,single_list,YouGov/Economist,https://yougov.com/en-us/trackers/most-important-issues-facing-the-us
2026-08-02,all_rv,Inflation/prices,0.36,1184.0,single_list,YouGov/Economist,https://yougov.com/en-us/trackers/most-important-issues-facing-the-us
2026-08-10,all_rv,Abortion,0.03,1158.0,single_list,YouGov/Economist,https://yougov.com/en-us/trackers/most-important-issues-facing-the-us
2026-08-10,all_rv,Civil rights and civil liberties,0.08,1158.0,single_list,YouGov/Economist,https://yougov.com/en-us/trackers/most-important-issues-facing-the-us
2026-08-10,all_rv,Climate change and the environment,0.06,1158.0,single_list,YouGov/Economist,https://yougov.com/en-us/trackers/most-important-issues-facing-the-us
2026-08-10,all_rv,Crime and criminal justice reform,0.04,1158.0,single_list,YouGov/Economist,https://yougov.com/en-us/trackers/most-important-issues-facing-the-us
2026-08-10,all_rv,Education,0.02,1158.0,single_list,YouGov/Economist,https://yougov.com/en-us/trackers/most-important-issues-facing-the-us
2026-08-10,all_rv,Gay rights,0.0,1158.0,single_list,YouGov/Economist,https://yougov.com/en-us/trackers/most-important-issues-facing-the-us
2026-08-10,all_rv,Gun control,0.02,1158.0,single_list,YouGov/Economist,https://yougov.com/en-us/trackers/most-important-issues-facing-the-us
2026-08-10,all_rv,Health care,0.09,1158.0,single_list,YouGov/Economist,https://yougov.com/en-us/trackers/most-important-issues-facing-the-us
2026-08-10,all_rv,Immigration,0.06,1158.0,single_list,YouGov/Economist,https://yougov.com/en-us/trackers/most-important-issues-facing-the-us
2026-08-10,all_rv,Jobs and the economy,0.14,1158.0,single_list,YouGov/Economist,https://yougov.com/en-us/trackers/most-important-issues-facing-the-us
2026-08-10,all_rv,Medicare,0.0,1158.0,single_list,YouGov/Economist,https://yougov.com/en-us/trackers/most-important-issues-facing-the-us
2026-08-10,all_rv,National Security and foreign policy,0.07,1158.0,single_list,YouGov/Economist,https://yougov.com/en-us/trackers/most-important-issues-facing-the-us
2026-08-10,all_rv,Social security,0.0,1158.0,single_list,YouGov/Economist,https://yougov.com/en-us/trackers/most-important-issues-facing-the-us
2026-08-10,all_rv,Taxes and government spending,0.09,1158.0,single_list,YouGov/Economist,https://yougov.com/en-us/trackers/most-important-issues-facing-the-us
2026-08-10,all_rv,Terrorism,0.0,1158.0,single_list,YouGov/Economist,https://yougov.com/en-us/trackers/most-important-issues-facing-the-us
2026-08-10,all_rv,The budget deficit,0.0,1158.0,single_list,YouGov/Economist,https://yougov.com/en-us/trackers/most-important-issues-facing-the-us
2026-08-10,all_rv,The war in Afghanistan,0.0,1158.0,single_list,YouGov/Economist,https://yougov.com/en-us/trackers/most-important-issues-facing-the-us
2026-08-10,all_rv,Inflation/prices,0.32,1158.0,single_list,YouGov/Economist,https://yougov.com/en-us/trackers/most-important-issues-facing-the-us
2026-08-17,all_rv,Abortion,0.02,1192.0,single_list,YouGov/Economist,https://yougov.com/en-us/trackers/most-important-issues-facing-the-us
2026-08-17,all_rv,Civil rights and civil liberties,0.1,1192.0,single_list,YouGov/Economist,https://yougov.com/en-us/trackers/most-important-issues-facing-the-us
2026-08-17,all_rv,Climate change and the environment,0.05,1192.0,single_list,YouGov/Economist,https://yougov.com/en-us/trackers/most-important-issues-facing-the-us
2026-08-17,all_rv,Crime and criminal justice reform,0.03,1192.0,single_list,YouGov/Economist,https://yougov.com/en-us/trackers/most-important-issues-facing-the-us
2026-08-17,all_rv,Education,0.02,1192.0,single_list,YouGov/Economist,https://yougov.com/en-us/trackers/most-important-issues-facing-the-us
2026-08-17,all_rv,Gay rights,0.0,1192.0,single_list,YouGov/Economist,https://yougov.com/en-us/trackers/most-important-issues-facing-the-us
2026-08-17,all_rv,Gun control,0.02,1192.0,single_list,YouGov/Economist,https://yougov.com/en-us/trackers/most-important-issues-facing-the-us
2026-08-17,all_rv,Health care,0.08,1192.0,single_list,YouGov/Economist,https://yougov.com/en-us/trackers/most-important-issues-facing-the-us
2026-08-17,all_rv,Immigration,0.09,1192.0,single_list,YouGov/Economist,https://yougov.com/en-us/trackers/most-important-issues-facing-the-us
2026-08-17,all_rv,Jobs and the economy,0.15,1192.0,single_list,YouGov/Economist,https://yougov.com/en-us/trackers/most-important-issues-facing-the-us
2026-08-17,all_rv,Medicare,0.0,1192.0,single_list,YouGov/Economist,https://yougov.com/en-us/trackers/most-important-issues-facing-the-us
2026-08-17,all_rv,National Security and foreign policy,0.06,1192.0,single_list,YouGov/Economist,https://yougov.com/en-us/trackers/most-important-issues-facing-the-us
2026-08-17,all_rv,Social security,0.0,1192.0,single_list,YouGov/Economist,https://yougov.com/en-us/trackers/most-important-issues-facing-the-us
2026-08-17,all_rv,Taxes and government spending,0.07,1192.0,single_list,YouGov/Economist,https://yougov.com/en-us/trackers/most-important-issues-facing-the-us
2026-08-17,all_rv,Terrorism,0.0,1192.0,single_list,YouGov/Economist,https://yougov.com/en-us/trackers/most-important-issues-facing-the-us
2026-08-17,all_rv,The budget deficit,0.0,1192.0,single_list,YouGov/Economist,https://yougov.com/en-us/trackers/most-important-issues-facing-the-us
2026-08-17,all_rv,The war in Afghanistan,0.0,1192.0,single_list,YouGov/Economist,https://yougov.com/en-us/trackers/most-important-issues-facing-the-us
2026-08-17,all_rv,Inflation/prices,0.3,1192.0,single_list,YouGov/Economist,https://yougov.com/en-us/trackers/most-important-issues-facing-the-us
2026-08-24,all_rv,Abortion,0.03,1141.0,single_list,YouGov/Economist,https://yougov.com/en-us/trackers/most-important-issues-facing-the-us
2026-08-24,all_rv,Civil rights and civil liberties,0.08,1141.0,single_list,YouGov/Economist,https://yougov.com/en-us/trackers/most-important-issues-facing-the-us
2026-08-24,all_rv,Climate change and the environment,0.06,1141.0,single_list,YouGov/Economist,https://yougov.com/en-us/trackers/most-important-issues-facing-the-us
2026-08-24,all_rv,Crime and criminal justice reform,0.04,1141.0,single_list,YouGov/Economist,https://yougov.com/en-us/trackers/most-important-issues-facing-the-us
2026-08-24,all_rv,Education,0.03,1141.0,single_list,YouGov/Economist,https://yougov.com/en-us/trackers/most-important-issues-facing-the-us
2026-08-24,all_rv,Gay rights,0.0,1141.0,single_list,YouGov/Economist,https://yougov.com/en-us/trackers/most-important-issues-facing-the-us
2026-08-24,all_rv,Gun control,0.02,1141.0,single_list,YouGov/Economist,https://yougov.com/en-us/trackers/most-important-issues-facing-the-us
2026-08-24,all_rv,Health care,0.09,1141.0,single_list,YouGov/Economist,https://yougov.com/en-us/trackers/most-important-issues-facing-the-us
2026-08-24,all_rv,Immigration,0.09,1141.0,single_list,YouGov/Economist,https://yougov.com/en-us/trackers/most-important-issues-facing-the-us
2026-08-24,all_rv,Jobs and the economy,0.15,1141.0,single_list,YouGov/Economist,https://yougov.com/en-us/trackers/most-important-issues-facing-the-us
2026-08-24,all_rv,Medicare,0.0,1141.0,single_list,YouGov/Economist,https://yougov.com/en-us/trackers/most-important-issues-facing-the-us
2026-08-24,all_rv,National Security and foreign policy,0.08,1141.0,single_list,YouGov/Economist,https://yougov.com/en-us/trackers/most-important-issues-facing-the-us
2026-08-24,all_rv,Social security,0.0,1141.0,single_list,YouGov/Economist,https://yougov.com/en-us/trackers/most-important-issues-facing-the-us
2026-08-24,all_rv,Taxes and government spending,0.08,1141.0,single_list,YouGov/Economist,https://yougov.com/en-us/trackers/most-important-issues-facing-the-us
2026-08-24,all_rv,Terrorism,0.0,1141.0,single_list,YouGov/Economist,https://yougov.com/en-us/trackers/most-important-issues-facing-the-us
2026-08-24,all_rv,The budget deficit,0.0,1141.0,single_list,YouGov/Economist,https://yougov.com/en-us/trackers/most-important-issues-facing-the-us
2026-08-24,all_rv,The war in Afghanistan,0.0,1141.0,single_list,YouGov/Economist,https://yougov.com/en-us/trackers/most-important-issues-facing-the-us
2026-08-24,all_rv,Inflation/prices,0.26,1141.0,single_list,YouGov/Economist,https://yougov.com/en-us/trackers/most-important-issues-facing-the-us
2026-09-07,all_rv,Abortion,0.02,1187.0,single_list,YouGov/Economist,https://yougov.com/en-us/trackers/most-important-issues-facing-the-us
2026-09-07,all_rv,Civil rights and civil liberties,0.08,1187.0,single_list,YouGov/Economist,https://yougov.com/en-us/trackers/most-important-issues-facing-the-us
2026-09-07,all_rv,Climate change and the environment,0.07,1187.0,single_list,YouGov/Economist,https://yougov.com/en-us/trackers/most-important-issues-facing-the-us
2026-09-07,all_rv,Crime and criminal justice reform,0.03,1187.0,single_list,YouGov/Economist,https://yougov.com/en-us/trackers/most-important-issues-facing-the-us
2026-09-07,all_rv,Education,0.03,1187.0,single_list,YouGov/Economist,https://yougov.com/en-us/trackers/most-important-issues-facing-the-us
2026-09-07,all_rv,Gay rights,0.0,1187.0,single_list,YouGov/Economist,https://yougov.com/en-us/trackers/most-important-issues-facing-the-us
2026-09-07,all_rv,Gun control,0.02,1187.0,single_list,YouGov/Economist,https://yougov.com/en-us/trackers/most-important-issues-facing-the-us
2026-09-07,all_rv,Health care,0.11,1187.0,single_list,YouGov/Economist,https://yougov.com/en-us/trackers/most-important-issues-facing-the-us
2026-09-07,all_rv,Immigration,0.08,1187.0,single_list,YouGov/Economist,https://yougov.com/en-us/trackers/most-important-issues-facing-the-us
2026-09-07,all_rv,Jobs and the economy,0.1,1187.0,single_list,YouGov/Economist,https://yougov.com/en-us/trackers/most-important-issues-facing-the-us
2026-09-07,all_rv,Medicare,0.0,1187.0,single_list,YouGov/Economist,https://yougov.com/en-us/trackers/most-important-issues-facing-the-us
2026-09-07,all_rv,National Security and foreign policy,0.05,1187.0,single_list,YouGov/Economist,https://yougov.com/en-us/trackers/most-important-issues-facing-the-us
2026-09-07,all_rv,Social security,0.0,1187.0,single_list,YouGov/Economist,https://yougov.com/en-us/trackers/most-important-issues-facing-the-us
2026-09-07,all_rv,Taxes and government spending,0.06,1187.0,single_list,YouGov/Economist,https://yougov.com/en-us/trackers/most-important-issues-facing-the-us
2026-09-07,all_rv,Terrorism,0.0,1187.0,single_list,YouGov/Economist,https://yougov.com/en-us/trackers/most-important-issues-facing-the-us
2026-09-07,all_rv,The budget deficit,0.0,1187.0,single_list,YouGov/Economist,https://yougov.com/en-us/trackers/most-important-issues-facing-the-us
2026-09-07,all_rv,The war in Afghanistan,0.0,1187.0,single_list,YouGov/Economist,https://yougov.com/en-us/trackers/most-important-issues-facing-the-us
2026-09-07,all_rv,Inflation/prices,0.33,1187.0,single_list,YouGov/Economist,https://yougov.com/en-us/trackers/most-important-issues-facing-the-us
2026-09-14,all_rv,Abortion,0.02,1178.0,single_list,YouGov/Economist,https://yougov.com/en-us/trackers/most-important-issues-facing-the-us
2026-09-14,all_rv,Civil rights and civil liberties,0.07,1178.0,single_list,YouGov/Economist,https://yougov.com/en-us/trackers/most-important-issues-facing-the-us
2026-09-14,all_rv,Climate change and the environment,0.06,1178.0,single_list,YouGov/Economist,https://yougov.com/en-us/trackers/most-important-issues-facing-the-us
2026-09-14,all_rv,Crime and criminal justice reform,0.02,1178.0,single_list,YouGov/Economist,https://yougov.com/en-us/trackers/most-important-issues-facing-the-us
2026-09-14,all_rv,Education,0.02,1178.0,single_list,YouGov/Economist,https://yougov.com/en-us/trackers/most-important-issues-facing-the-us
2026-09-14,all_rv,Gay rights,0.0,1178.0,single_list,YouGov/Economist,https://yougov.com/en-us/trackers/most-important-issues-facing-the-us
2026-09-14,all_rv,Gun control,0.01,1178.0,single_list,YouGov/Economist,https://yougov.com/en-us/trackers/most-important-issues-facing-the-us
2026-09-14,all_rv,Health care,0.09,1178.0,single_list,YouGov/Economist,https://yougov.com/en-us/trackers/most-important-issues-facing-the-us
2026-09-14,all_rv,Immigration,0.08,1178.0,single_list,YouGov/Economist,https://yougov.com/en-us/trackers/most-important-issues-facing-the-us
2026-09-14,all_rv,Jobs and the economy,0.14,1178.0,single_list,YouGov/Economist,https://yougov.com/en-us/trackers/most-important-issues-facing-the-us
2026-09-14,all_rv,Medicare,0.0,1178.0,single_list,YouGov/Economist,https://yougov.com/en-us/trackers/most-important-issues-facing-the-us
2026-09-14,all_rv,National Security and foreign policy,0.06,1178.0,single_list,YouGov/Economist,https://yougov.com/en-us/trackers/most-important-issues-facing-the-us
2026-09-14,all_rv,Social security,0.0,1178.0,single_list,YouGov/Economist,https://yougov.com/en-us/trackers/most-important-issues-facing-the-us
2026-09-14,all_rv,Taxes and government spending,0.09,1178.0,single_list,YouGov/Economist,https://yougov.com/en-us/trackers/most-important-issues-facing-the-us
2026-09-14,all_rv,Terrorism,0.0,1178.0,single_list,YouGov/Economist,https://yougov.com/en-us/trackers/most-important-issues-facing-the-us
2026-09-14,all_rv,The budget deficit,0.0,1178.0,single_list,YouGov/Economist,https://yougov.com/en-us/trackers/most-important-issues-facing-the-us
2026-09-14,all_rv,The war in Afghanistan,0.0,1178.0,single_list,YouGov/Economist,https://yougov.com/en-us/trackers/most-important-issues-facing-the-us
2026-09-14,all_rv,Inflation/prices,0.34,1178.0,single_list,YouGov/Economist,https://yougov.com/en-us/trackers/most-important-issues-facing-the-us
2026-09-21,all_rv,Abortion,0.03,1144.0,single_list,YouGov/Economist,https://yougov.com/en-us/trackers/most-important-issues-facing-the-us
2026-09-21,all_rv,Civil rights and civil liberties,0.08,1144.0,single_list,YouGov/Economist,https://yougov.com/en-us/trackers/most-important-issues-facing-the-us
2026-09-21,all_rv,Climate change and the environment,0.05,1144.0,single_list,YouGov/Economist,https://yougov.com/en-us/trackers/most-important-issues-facing-the-us
2026-09-21,all_rv,Crime and criminal justice reform,0.03,1144.0,single_list,YouGov/Economist,https://yougov.com/en-us/trackers/most-important-issues-facing-the-us
2026-09-21,all_rv,Education,0.02,1144.0,single_list,YouGov/Economist,https://yougov.com/en-us/trackers/most-important-issues-facing-the-us
2026-09-21,all_rv,Gay rights,0.0,1144.0,single_list,YouGov/Economist,https://yougov.com/en-us/trackers/most-important-issues-facing-the-us
2026-09-21,all_rv,Gun control,0.01,1144.0,single_list,YouGov/Economist,https://yougov.com/en-us/trackers/most-important-issues-facing-the-us
2026-09-21,all_rv,Health care,0.09,1144.0,single_list,YouGov/Economist,https://yougov.com/en-us/trackers/most-important-issues-facing-the-us
2026-09-21,all_rv,Immigration,0.08,1144.0,single_list,YouGov/Economist,https://yougov.com/en-us/trackers/most-important-issues-facing-the-us
2026-09-21,all_rv,Jobs and the economy,0.14,1144.0,single_list,YouGov/Economist,https://yougov.com/en-us/trackers/most-important-issues-facing-the-us
2026-09-21,all_rv,Medicare,0.0,1144.0,single_list,YouGov/Economist,https://yougov.com/en-us/trackers/most-important-issues-facing-the-us
2026-09-21,all_rv,National Security and foreign policy,0.06,1144.0,single_list,YouGov/Economist,https://yougov.com/en-us/trackers/most-important-issues-facing-the-us
2026-09-21,all_rv,Social security,0.0,1144.0,single_list,YouGov/Economist,https://yougov.com/en-us/trackers/most-important-issues-facing-the-us
2026-09-21,all_rv,Taxes and government spending,0.07,1144.0,single_list,YouGov/Economist,https://yougov.com/en-us/trackers/most-important-issues-facing-the-us
2026-09-21,all_rv,Terrorism,0.0,1144.0,single_list,YouGov/Economist,https://yougov.com/en-us/trackers/most-important-issues-facing-the-us
2026-09-21,all_rv,The budget deficit,0.0,1144.0,single_list,YouGov/Economist,https://yougov.com/en-us/trackers/most-important-issues-facing-the-us
2026-09-21,all_rv,The war in Afghanistan,0.0,1144.0,single_list,YouGov/Economist,https://yougov.com/en-us/trackers/most-important-issues-facing-the-us
2026-09-21,all_rv,Inflation/prices,0.34,1144.0,single_list,YouGov/Economist,https://yougov.com/en-us/trackers/most-important-issues-facing-the-us
2026-09-28,all_rv,Abortion,0.02,1149.0,single_list,YouGov/Economist,https://yougov.com/en-us/trackers/most-important-issues-facing-the-us
2026-09-28,all_rv,Civil rights and civil liberties,0.08,1149.0,single_list,YouGov/Economist,https://yougov.com/en-us/trackers/most-important-issues-facing-the-us
2026-09-28,all_rv,Climate change and the environment,0.05,1149.0,single_list,YouGov/Economist,https://yougov.com/en-us/trackers/most-important-issues-facing-the-us
2026-09-28,all_rv,Crime and criminal justice reform,0.03,1149.0,single_list,YouGov/Economist,https://yougov.com/en-us/trackers/most-important-issues-facing-the-us
2026-09-28,all_rv,Education,0.03,1149.0,single_list,YouGov/Economist,https://yougov.com/en-us/trackers/most-important-issues-facing-the-us
2026-09-28,all_rv,Gay rights,0.0,1149.0,single_list,YouGov/Economist,https://yougov.com/en-us/trackers/most-important-issues-facing-the-us
2026-09-28,all_rv,Gun control,0.02,1149.0,single_list,YouGov/Economist,https://yougov.com/en-us/trackers/most-important-issues-facing-the-us
2026-09-28,all_rv,Health care,0.1,1149.0,single_list,YouGov/Economist,https://yougov.com/en-us/trackers/most-important-issues-facing-the-us
2026-09-28,all_rv,Immigration,0.05,1149.0,single_list,YouGov/Economist,https://yougov.com/en-us/trackers/most-important-issues-facing-the-us
2026-09-28,all_rv,Jobs and the economy,0.14,1149.0,single_list,YouGov/Economist,https://yougov.com/en-us/trackers/most-important-issues-facing-the-us
2026-09-28,all_rv,Medicare,0.0,1149.0,single_list,YouGov/Economist,https://yougov.com/en-us/trackers/most-important-issues-facing-the-us
2026-09-28,all_rv,National Security and foreign policy,0.07,1149.0,single_list,YouGov/Economist,https://yougov.com/en-us/trackers/most-important-issues-facing-the-us
2026-09-28,all_rv,Social security,0.0,1149.0,single_list,YouGov/Economist,https://yougov.com/en-us/trackers/most-important-issues-facing-the-us
2026-09-28,all_rv,Taxes and government spending,0.08,1149.0,single_list,YouGov/Economist,https://yougov.com/en-us/trackers/most-important-issues-facing-the-us
2026-09-28,all_rv,Terrorism,0.0,1149.0,single_list,YouGov/Economist,https://yougov.com/en-us/trackers/most-important-issues-facing-the-us
2026-09-28,all_rv,The budget deficit,0.0,1149.0,single_list,YouGov/Economist,https://yougov.com/en-us/trackers/most-important-issues-facing-the-us
2026-09-28,all_rv,The war in Afghanistan,0.0,1149.0,single_list,YouGov/Economist,https://yougov.com/en-us/trackers/most-important-issues-facing-the-us
2026-09-28,all_rv,Inflation/prices,0.32,1149.0,single_list,YouGov/Economist,https://yougov.com/en-us/trackers/most-important-issues-facing-the-us
2025-01-07,dem,Abortion,0.07,431.0,two_step,YouGov/Economist,https://yougov.com/en-us/trackers/most-important-issues-facing-the-us
2025-01-07,dem,Civil rights and civil liberties,0.15,431.0,two_step,YouGov/Economist,https://yougov.com/en-us/trackers/most-important-issues-facing-the-us
2025-01-07,dem,Climate change and the environment,0.14,431.0,two_step,YouGov/Economist,https://yougov.com/en-us/trackers/most-important-issues-facing-the-us
2025-01-07,dem,Crime and criminal justice reform,0.01,431.0,two_step,YouGov/Economist,https://yougov.com/en-us/trackers/most-important-issues-facing-the-us
2025-01-07,dem,Education,0.03,431.0,two_step,YouGov/Economist,https://yougov.com/en-us/trackers/most-important-issues-facing-the-us
2025-01-07,dem,Gay rights,0.0,431.0,two_step,YouGov/Economist,https://yougov.com/en-us/trackers/most-important-issues-facing-the-us
2025-01-07,dem,Gun control,0.05,431.0,two_step,YouGov/Economist,https://yougov.com/en-us/trackers/most-important-issues-facing-the-us
2025-01-07,dem,Health care,0.16,431.0,two_step,YouGov/Economist,https://yougov.com/en-us/trackers/most-important-issues-facing-the-us
2025-01-07,dem,Immigration,0.02,431.0,two_step,YouGov/Economist,https://yougov.com/en-us/trackers/most-important-issues-facing-the-us
2025-01-07,dem,Jobs and the economy,0.12,431.0,two_step,YouGov/Economist,https://yougov.com/en-us/trackers/most-important-issues-facing-the-us
2025-01-07,dem,Medicare,0.0,431.0,two_step,YouGov/Economist,https://yougov.com/en-us/trackers/most-important-issues-facing-the-us
2025-01-07,dem,National Security and foreign policy,0.04,431.0,two_step,YouGov/Economist,https://yougov.com/en-us/trackers/most-important-issues-facing-the-us
2025-01-07,dem,Social security,0.0,431.0,two_step,YouGov/Economist,https://yougov.com/en-us/trackers/most-important-issues-facing-the-us
2025-01-07,dem,Taxes and government spending,0.03,431.0,two_step,YouGov/Economist,https://yougov.com/en-us/trackers/most-important-issues-facing-the-us
2025-01-07,dem,Terrorism,0.0,431.0,two_step,YouGov/Economist,https://yougov.com/en-us/trackers/most-important-issues-facing-the-us
2025-01-07,dem,The budget deficit,0.0,431.0,two_step,YouGov/Economist,https://yougov.com/en-us/trackers/most-important-issues-facing-the-us
2025-01-07,dem,The war in Afghanistan,0.0,431.0,two_step,YouGov/Economist,https://yougov.com/en-us/trackers/most-important-issues-facing-the-us
2025-01-07,dem,Inflation/prices,0.18,431.0,two_step,YouGov/Economist,https://yougov.com/en-us/trackers/most-important-issues-facing-the-us
2025-01-13,dem,Abortion,0.08,388.0,two_step,YouGov/Economist,https://yougov.com/en-us/trackers/most-important-issues-facing-the-us
2025-01-13,dem,Civil rights and civil liberties,0.1,388.0,two_step,YouGov/Economist,https://yougov.com/en-us/trackers/most-important-issues-facing-the-us
2025-01-13,dem,Climate change and the environment,0.17,388.0,two_step,YouGov/Economist,https://yougov.com/en-us/trackers/most-important-issues-facing-the-us
2025-01-13,dem,Crime and criminal justice reform,0.04,388.0,two_step,YouGov/Economist,https://yougov.com/en-us/trackers/most-important-issues-facing-the-us
2025-01-13,dem,Education,0.03,388.0,two_step,YouGov/Economist,https://yougov.com/en-us/trackers/most-important-issues-facing-the-us
2025-01-13,dem,Gay rights,0.0,388.0,two_step,YouGov/Economist,https://yougov.com/en-us/trackers/most-important-issues-facing-the-us
2025-01-13,dem,Gun control,0.03,388.0,two_step,YouGov/Economist,https://yougov.com/en-us/trackers/most-important-issues-facing-the-us
2025-01-13,dem,Health care,0.17,388.0,two_step,YouGov/Economist,https://yougov.com/en-us/trackers/most-important-issues-facing-the-us
2025-01-13,dem,Immigration,0.02,388.0,two_step,YouGov/Economist,https://yougov.com/en-us/trackers/most-important-issues-facing-the-us
2025-01-13,dem,Jobs and the economy,0.15,388.0,two_step,YouGov/Economist,https://yougov.com/en-us/trackers/most-important-issues-facing-the-us
2025-01-13,dem,Medicare,0.0,388.0,two_step,YouGov/Economist,https://yougov.com/en-us/trackers/most-important-issues-facing-the-us
2025-01-13,dem,National Security and foreign policy,0.05,388.0,two_step,YouGov/Economist,https://yougov.com/en-us/trackers/most-important-issues-facing-the-us
2025-01-13,dem,Social security,0.0,388.0,two_step,YouGov/Economist,https://yougov.com/en-us/trackers/most-important-issues-facing-the-us
2025-01-13,dem,Taxes and government spending,0.02,388.0,two_step,YouGov/Economist,https://yougov.com/en-us/trackers/most-important-issues-facing-the-us
2025-01-13,dem,Terrorism,0.0,388.0,two_step,YouGov/Economist,https://yougov.com/en-us/trackers/most-important-issues-facing-the-us
2025-01-13,dem,The budget deficit,0.0,388.0,two_step,YouGov/Economist,https://yougov.com/en-us/trackers/most-important-issues-facing-the-us
2025-01-13,dem,The war in Afghanistan,0.0,388.0,two_step,YouGov/Economist,https://yougov.com/en-us/trackers/most-important-issues-facing-the-us
2025-01-13,dem,Inflation/prices,0.14,388.0,two_step,YouGov/Economist,https://yougov.com/en-us/trackers/most-important-issues-facing-the-us
2025-01-20,dem,Abortion,0.06,410.0,two_step,YouGov/Economist,https://yougov.com/en-us/trackers/most-important-issues-facing-the-us
2025-01-20,dem,Civil rights and civil liberties,0.13,410.0,two_step,YouGov/Economist,https://yougov.com/en-us/trackers/most-important-issues-facing-the-us
2025-01-20,dem,Climate change and the environment,0.17,410.0,two_step,YouGov/Economist,https://yougov.com/en-us/trackers/most-important-issues-facing-the-us
2025-01-20,dem,Crime and criminal justice reform,0.02,410.0,two_step,YouGov/Economist,https://yougov.com/en-us/trackers/most-important-issues-facing-the-us
2025-01-20,dem,Education,0.03,410.0,two_step,YouGov/Economist,https://yougov.com/en-us/trackers/most-important-issues-facing-the-us
2025-01-20,dem,Gay rights,0.0,410.0,two_step,YouGov/Economist,https://yougov.com/en-us/trackers/most-important-issues-facing-the-us
2025-01-20,dem,Gun control,0.05,410.0,two_step,YouGov/Economist,https://yougov.com/en-us/trackers/most-important-issues-facing-the-us
2025-01-20,dem,Health care,0.15,410.0,two_step,YouGov/Economist,https://yougov.com/en-us/trackers/most-important-issues-facing-the-us
2025-01-20,dem,Immigration,0.03,410.0,two_step,YouGov/Economist,https://yougov.com/en-us/trackers/most-important-issues-facing-the-us
2025-01-20,dem,Jobs and the economy,0.12,410.0,two_step,YouGov/Economist,https://yougov.com/en-us/trackers/most-important-issues-facing-the-us
2025-01-20,dem,Medicare,0.0,410.0,two_step,YouGov/Economist,https://yougov.com/en-us/trackers/most-important-issues-facing-the-us
2025-01-20,dem,National Security and foreign policy,0.04,410.0,two_step,YouGov/Economist,https://yougov.com/en-us/trackers/most-important-issues-facing-the-us
2025-01-20,dem,Social security,0.0,410.0,two_step,YouGov/Economist,https://yougov.com/en-us/trackers/most-important-issues-facing-the-us
2025-01-20,dem,Taxes and government spending,0.01,410.0,two_step,YouGov/Economist,https://yougov.com/en-us/trackers/most-important-issues-facing-the-us
2025-01-20,dem,Terrorism,0.0,410.0,two_step,YouGov/Economist,https://yougov.com/en-us/trackers/most-important-issues-facing-the-us
2025-01-20,dem,The budget deficit,0.0,410.0,two_step,YouGov/Economist,https://yougov.com/en-us/trackers/most-important-issues-facing-the-us
2025-01-20,dem,The war in Afghanistan,0.0,410.0,two_step,YouGov/Economist,https://yougov.com/en-us/trackers/most-important-issues-facing-the-us
2025-01-20,dem,Inflation/prices,0.18,410.0,two_step,YouGov/Economist,https://yougov.com/en-us/trackers/most-important-issues-facing-the-us
2025-01-28,dem,Abortion,0.06,395.0,two_step,YouGov/Economist,https://yougov.com/en-us/trackers/most-important-issues-facing-the-us
2025-01-28,dem,Civil rights and civil liberties,0.18,395.0,two_step,YouGov/Economist,https://yougov.com/en-us/trackers/most-important-issues-facing-the-us
2025-01-28,dem,Climate change and the environment,0.16,395.0,two_step,YouGov/Economist,https://yougov.com/en-us/trackers/most-important-issues-facing-the-us
2025-01-28,dem,Crime and criminal justice reform,0.02,395.0,two_step,YouGov/Economist,https://yougov.com/en-us/trackers/most-important-issues-facing-the-us
2025-01-28,dem,Education,0.04,395.0,two_step,YouGov/Economist,https://yougov.com/en-us/trackers/most-important-issues-facing-the-us
2025-01-28,dem,Gay rights,0.0,395.0,two_step,YouGov/Economist,https://yougov.com/en-us/trackers/most-important-issues-facing-the-us
2025-01-28,dem,Gun control,0.06,395.0,two_step,YouGov/Economist,https://yougov.com/en-us/trackers/most-important-issues-facing-the-us
2025-01-28,dem,Health care,0.13,395.0,two_step,YouGov/Economist,https://yougov.com/en-us/trackers/most-important-issues-facing-the-us
2025-01-28,dem,Immigration,0.03,395.0,two_step,YouGov/Economist,https://yougov.com/en-us/trackers/most-important-issues-facing-the-us
2025-01-28,dem,Jobs and the economy,0.1,395.0,two_step,YouGov/Economist,https://yougov.com/en-us/trackers/most-important-issues-facing-the-us
2025-01-28,dem,Medicare,0.0,395.0,two_step,YouGov/Economist,https://yougov.com/en-us/trackers/most-important-issues-facing-the-us
2025-01-28,dem,National Security and foreign policy,0.05,395.0,two_step,YouGov/Economist,https://yougov.com/en-us/trackers/most-important-issues-facing-the-us
2025-01-28,dem,Social security,0.0,395.0,two_step,YouGov/Economist,https://yougov.com/en-us/trackers/most-important-issues-facing-the-us
2025-01-28,dem,Taxes and government spending,0.02,395.0,two_step,YouGov/Economist,https://yougov.com/en-us/trackers/most-important-issues-facing-the-us
2025-01-28,dem,Terrorism,0.0,395.0,two_step,YouGov/Economist,https://yougov.com/en-us/trackers/most-important-issues-facing-the-us
2025-01-28,dem,The budget deficit,0.0,395.0,two_step,YouGov/Economist,https://yougov.com/en-us/trackers/most-important-issues-facing-the-us
2025-01-28,dem,The war in Afghanistan,0.0,395.0,two_step,YouGov/Economist,https://yougov.com/en-us/trackers/most-important-issues-facing-the-us
2025-01-28,dem,Inflation/prices,0.15,395.0,two_step,YouGov/Economist,https://yougov.com/en-us/trackers/most-important-issues-facing-the-us
2025-02-04,dem,Abortion,0.05,411.0,two_step,YouGov/Economist,https://yougov.com/en-us/trackers/most-important-issues-facing-the-us
2025-02-04,dem,Civil rights and civil liberties,0.2,411.0,two_step,YouGov/Economist,https://yougov.com/en-us/trackers/most-important-issues-facing-the-us
2025-02-04,dem,Climate change and the environment,0.14,411.0,two_step,YouGov/Economist,https://yougov.com/en-us/trackers/most-important-issues-facing-the-us
2025-02-04,dem,Crime and criminal justice reform,0.02,411.0,two_step,YouGov/Economist,https://yougov.com/en-us/trackers/most-important-issues-facing-the-us
2025-02-04,dem,Education,0.03,411.0,two_step,YouGov/Economist,https://yougov.com/en-us/trackers/most-important-issues-facing-the-us
2025-02-04,dem,Gay rights,0.0,411.0,two_step,YouGov/Economist,https://yougov.com/en-us/trackers/most-important-issues-facing-the-us
2025-02-04,dem,Gun control,0.03,411.0,two_step,YouGov/Economist,https://yougov.com/en-us/trackers/most-important-issues-facing-the-us
2025-02-04,dem,Health care,0.16,411.0,two_step,YouGov/Economist,https://yougov.com/en-us/trackers/most-important-issues-facing-the-us
2025-02-04,dem,Immigration,0.03,411.0,two_step,YouGov/Economist,https://yougov.com/en-us/trackers/most-important-issues-facing-the-us
2025-02-04,dem,Jobs and the economy,0.12,411.0,two_step,YouGov/Economist,https://yougov.com/en-us/trackers/most-important-issues-facing-the-us
2025-02-04,dem,Medicare,0.0,411.0,two_step,YouGov/Economist,https://yougov.com/en-us/trackers/most-important-issues-facing-the-us
2025-02-04,dem,National Security and foreign policy,0.02,411.0,two_step,YouGov/Economist,https://yougov.com/en-us/trackers/most-important-issues-facing-the-us
2025-02-04,dem,Social security,0.0,411.0,two_step,YouGov/Economist,https://yougov.com/en-us/trackers/most-important-issues-facing-the-us
2025-02-04,dem,Taxes and government spending,0.01,411.0,two_step,YouGov/Economist,https://yougov.com/en-us/trackers/most-important-issues-facing-the-us
2025-02-04,dem,Terrorism,0.0,411.0,two_step,YouGov/Economist,https://yougov.com/en-us/trackers/most-important-issues-facing-the-us
2025-02-04,dem,The budget deficit,0.0,411.0,two_step,YouGov/Economist,https://yougov.com/en-us/trackers/most-important-issues-facing-the-us
2025-02-04,dem,The war in Afghanistan,0.0,411.0,two_step,YouGov/Economist,https://yougov.com/en-us/trackers/most-important-issues-facing-the-us
2025-02-04,dem,Inflation/prices,0.17,411.0,two_step,YouGov/Economist,https://yougov.com/en-us/trackers/most-important-issues-facing-the-us
2025-02-11,dem,Abortion,0.04,392.0,two_step,YouGov/Economist,https://yougov.com/en-us/trackers/most-important-issues-facing-the-us
2025-02-11,dem,Civil rights and civil liberties,0.22,392.0,two_step,YouGov/Economist,https://yougov.com/en-us/trackers/most-important-issues-facing-the-us
2025-02-11,dem,Climate change and the environment,0.13,392.0,two_step,YouGov/Economist,https://yougov.com/en-us/trackers/most-important-issues-facing-the-us
2025-02-11,dem,Crime and criminal justice reform,0.02,392.0,two_step,YouGov/Economist,https://yougov.com/en-us/trackers/most-important-issues-facing-the-us
2025-02-11,dem,Education,0.03,392.0,two_step,YouGov/Economist,https://yougov.com/en-us/trackers/most-important-issues-facing-the-us
2025-02-11,dem,Gay rights,0.0,392.0,two_step,YouGov/Economist,https://yougov.com/en-us/trackers/most-important-issues-facing-the-us
2025-02-11,dem,Gun control,0.03,392.0,two_step,YouGov/Economist,https://yougov.com/en-us/trackers/most-important-issues-facing-the-us
2025-02-11,dem,Health care,0.17,392.0,two_step,YouGov/Economist,https://yougov.com/en-us/trackers/most-important-issues-facing-the-us
2025-02-11,dem,Immigration,0.02,392.0,two_step,YouGov/Economist,https://yougov.com/en-us/trackers/most-important-issues-facing-the-us
2025-02-11,dem,Jobs and the economy,0.08,392.0,two_step,YouGov/Economist,https://yougov.com/en-us/trackers/most-important-issues-facing-the-us
2025-02-11,dem,Medicare,0.0,392.0,two_step,YouGov/Economist,https://yougov.com/en-us/trackers/most-important-issues-facing-the-us
2025-02-11,dem,National Security and foreign policy,0.06,392.0,two_step,YouGov/Economist,https://yougov.com/en-us/trackers/most-important-issues-facing-the-us
2025-02-11,dem,Social security,0.0,392.0,two_step,YouGov/Economist,https://yougov.com/en-us/trackers/most-important-issues-facing-the-us
2025-02-11,dem,Taxes and government spending,0.02,392.0,two_step,YouGov/Economist,https://yougov.com/en-us/trackers/most-important-issues-facing-the-us
2025-02-11,dem,Terrorism,0.0,392.0,two_step,YouGov/Economist,https://yougov.com/en-us/trackers/most-important-issues-facing-the-us
2025-02-11,dem,The budget deficit,0.0,392.0,two_step,YouGov/Economist,https://yougov.com/en-us/trackers/most-important-issues-facing-the-us
2025-02-11,dem,The war in Afghanistan,0.0,392.0,two_step,YouGov/Economist,https://yougov.com/en-us/trackers/most-important-issues-facing-the-us
2025-02-11,dem,Inflation/prices,0.16,392.0,two_step,YouGov/Economist,https://yougov.com/en-us/trackers/most-important-issues-facing-the-us
2025-02-18,dem,Abortion,0.04,390.0,two_step,YouGov/Economist,https://yougov.com/en-us/trackers/most-important-issues-facing-the-us
2025-02-18,dem,Civil rights and civil liberties,0.2,390.0,two_step,YouGov/Economist,https://yougov.com/en-us/trackers/most-important-issues-facing-the-us
2025-02-18,dem,Climate change and the environment,0.08,390.0,two_step,YouGov/Economist,https://yougov.com/en-us/trackers/most-important-issues-facing-the-us
2025-02-18,dem,Crime and criminal justice reform,0.03,390.0,two_step,YouGov/Economist,https://yougov.com/en-us/trackers/most-important-issues-facing-the-us
2025-02-18,dem,Education,0.03,390.0,two_step,YouGov/Economist,https://yougov.com/en-us/trackers/most-important-issues-facing-the-us
2025-02-18,dem,Gay rights,0.0,390.0,two_step,YouGov/Economist,https://yougov.com/en-us/trackers/most-important-issues-facing-the-us
2025-02-18,dem,Gun control,0.02,390.0,two_step,YouGov/Economist,https://yougov.com/en-us/trackers/most-important-issues-facing-the-us
2025-02-18,dem,Health care,0.16,390.0,two_step,YouGov/Economist,https://yougov.com/en-us/trackers/most-important-issues-facing-the-us
2025-02-18,dem,Immigration,0.01,390.0,two_step,YouGov/Economist,https://yougov.com/en-us/trackers/most-important-issues-facing-the-us
2025-02-18,dem,Jobs and the economy,0.13,390.0,two_step,YouGov/Economist,https://yougov.com/en-us/trackers/most-important-issues-facing-the-us
2025-02-18,dem,Medicare,0.0,390.0,two_step,YouGov/Economist,https://yougov.com/en-us/trackers/most-important-issues-facing-the-us
2025-02-18,dem,National Security and foreign policy,0.05,390.0,two_step,YouGov/Economist,https://yougov.com/en-us/trackers/most-important-issues-facing-the-us
2025-02-18,dem,Social security,0.0,390.0,two_step,YouGov/Economist,https://yougov.com/en-us/trackers/most-important-issues-facing-the-us
2025-02-18,dem,Taxes and government spending,0.02,390.0,two_step,YouGov/Economist,https://yougov.com/en-us/trackers/most-important-issues-facing-the-us
2025-02-18,dem,Terrorism,0.0,390.0,two_step,YouGov/Economist,https://yougov.com/en-us/trackers/most-important-issues-facing-the-us
2025-02-18,dem,The budget deficit,0.0,390.0,two_step,YouGov/Economist,https://yougov.com/en-us/trackers/most-important-issues-facing-the-us
2025-02-18,dem,The war in Afghanistan,0.0,390.0,two_step,YouGov/Economist,https://yougov.com/en-us/trackers/most-important-issues-facing-the-us
2025-02-18,dem,Inflation/prices,0.22,390.0,two_step,YouGov/Economist,https://yougov.com/en-us/trackers/most-important-issues-facing-the-us
2025-02-25,dem,Abortion,0.05,386.0,two_step,YouGov/Economist,https://yougov.com/en-us/trackers/most-important-issues-facing-the-us
2025-02-25,dem,Civil rights and civil liberties,0.19,386.0,two_step,YouGov/Economist,https://yougov.com/en-us/trackers/most-important-issues-facing-the-us
2025-02-25,dem,Climate change and the environment,0.14,386.0,two_step,YouGov/Economist,https://yougov.com/en-us/trackers/most-important-issues-facing-the-us
2025-02-25,dem,Crime and criminal justice reform,0.03,386.0,two_step,YouGov/Economist,https://yougov.com/en-us/trackers/most-important-issues-facing-the-us
2025-02-25,dem,Education,0.03,386.0,two_step,YouGov/Economist,https://yougov.com/en-us/trackers/most-important-issues-facing-the-us
2025-02-25,dem,Gay rights,0.0,386.0,two_step,YouGov/Economist,https://yougov.com/en-us/trackers/most-important-issues-facing-the-us
2025-02-25,dem,Gun control,0.05,386.0,two_step,YouGov/Economist,https://yougov.com/en-us/trackers/most-important-issues-facing-the-us
2025-02-25,dem,Health care,0.14,386.0,two_step,YouGov/Economist,https://yougov.com/en-us/trackers/most-important-issues-facing-the-us
2025-02-25,dem,Immigration,0.02,386.0,two_step,YouGov/Economist,https://yougov.com/en-us/trackers/most-important-issues-facing-the-us
2025-02-25,dem,Jobs and the economy,0.12,386.0,two_step,YouGov/Economist,https://yougov.com/en-us/trackers/most-important-issues-facing-the-us
2025-02-25,dem,Medicare,0.0,386.0,two_step,YouGov/Economist,https://yougov.com/en-us/trackers/most-important-issues-facing-the-us
2025-02-25,dem,National Security and foreign policy,0.05,386.0,two_step,YouGov/Economist,https://yougov.com/en-us/trackers/most-important-issues-facing-the-us
2025-02-25,dem,Social security,0.0,386.0,two_step,YouGov/Economist,https://yougov.com/en-us/trackers/most-important-issues-facing-the-us
2025-02-25,dem,Taxes and government spending,0.02,386.0,two_step,YouGov/Economist,https://yougov.com/en-us/trackers/most-important-issues-facing-the-us
2025-02-25,dem,Terrorism,0.0,386.0,two_step,YouGov/Economist,https://yougov.com/en-us/trackers/most-important-issues-facing-the-us
2025-02-25,dem,The budget deficit,0.0,386.0,two_step,YouGov/Economist,https://yougov.com/en-us/trackers/most-important-issues-facing-the-us
2025-02-25,dem,The war in Afghanistan,0.0,386.0,two_step,YouGov/Economist,https://yougov.com/en-us/trackers/most-important-issues-facing-the-us
2025-02-25,dem,Inflation/prices,0.17,386.0,two_step,YouGov/Economist,https://yougov.com/en-us/trackers/most-important-issues-facing-the-us
2025-03-04,dem,Abortion,0.06,398.0,two_step,YouGov/Economist,https://yougov.com/en-us/trackers/most-important-issues-facing-the-us
2025-03-04,dem,Civil rights and civil liberties,0.23,398.0,two_step,YouGov/Economist,https://yougov.com/en-us/trackers/most-important-issues-facing-the-us
2025-03-04,dem,Climate change and the environment,0.09,398.0,two_step,YouGov/Economist,https://yougov.com/en-us/trackers/most-important-issues-facing-the-us
2025-03-04,dem,Crime and criminal justice reform,0.01,398.0,two_step,YouGov/Economist,https://yougov.com/en-us/trackers/most-important-issues-facing-the-us
2025-03-04,dem,Education,0.04,398.0,two_step,YouGov/Economist,https://yougov.com/en-us/trackers/most-important-issues-facing-the-us
2025-03-04,dem,Gay rights,0.0,398.0,two_step,YouGov/Economist,https://yougov.com/en-us/trackers/most-important-issues-facing-the-us
2025-03-04,dem,Gun control,0.03,398.0,two_step,YouGov/Economist,https://yougov.com/en-us/trackers/most-important-issues-facing-the-us
2025-03-04,dem,Health care,0.16,398.0,two_step,YouGov/Economist,https://yougov.com/en-us/trackers/most-important-issues-facing-the-us
2025-03-04,dem,Immigration,0.02,398.0,two_step,YouGov/Economist,https://yougov.com/en-us/trackers/most-important-issues-facing-the-us
2025-03-04,dem,Jobs and the economy,0.1,398.0,two_step,YouGov/Economist,https://yougov.com/en-us/trackers/most-important-issues-facing-the-us
2025-03-04,dem,Medicare,0.0,398.0,two_step,YouGov/Economist,https://yougov.com/en-us/trackers/most-important-issues-facing-the-us
2025-03-04,dem,National Security and foreign policy,0.07,398.0,two_step,YouGov/Economist,https://yougov.com/en-us/trackers/most-important-issues-facing-the-us
2025-03-04,dem,Social security,0.0,398.0,two_step,YouGov/Economist,https://yougov.com/en-us/trackers/most-important-issues-facing-the-us
2025-03-04,dem,Taxes and government spending,0.02,398.0,two_step,YouGov/Economist,https://yougov.com/en-us/trackers/most-important-issues-facing-the-us
2025-03-04,dem,Terrorism,0.0,398.0,two_step,YouGov/Economist,https://yougov.com/en-us/trackers/most-important-issues-facing-the-us
2025-03-04,dem,The budget deficit,0.0,398.0,two_step,YouGov/Economist,https://yougov.com/en-us/trackers/most-important-issues-facing-the-us
2025-03-04,dem,The war in Afghanistan,0.0,398.0,two_step,YouGov/Economist,https://yougov.com/en-us/trackers/most-important-issues-facing-the-us
2025-03-04,dem,Inflation/prices,0.17,398.0,two_step,YouGov/Economist,https://yougov.com/en-us/trackers/most-important-issues-facing-the-us
2025-03-11,dem,Abortion,0.05,406.0,two_step,YouGov/Economist,https://yougov.com/en-us/trackers/most-important-issues-facing-the-us
2025-03-11,dem,Civil rights and civil liberties,0.19,406.0,two_step,YouGov/Economist,https://yougov.com/en-us/trackers/most-important-issues-facing-the-us
2025-03-11,dem,Climate change and the environment,0.12,406.0,two_step,YouGov/Economist,https://yougov.com/en-us/trackers/most-important-issues-facing-the-us
2025-03-11,dem,Crime and criminal justice reform,0.04,406.0,two_step,YouGov/Economist,https://yougov.com/en-us/trackers/most-important-issues-facing-the-us
2025-03-11,dem,Education,0.05,406.0,two_step,YouGov/Economist,https://yougov.com/en-us/trackers/most-important-issues-facing-the-us
2025-03-11,dem,Gay rights,0.0,406.0,two_step,YouGov/Economist,https://yougov.com/en-us/trackers/most-important-issues-facing-the-us
2025-03-11,dem,Gun control,0.02,406.0,two_step,YouGov/Economist,https://yougov.com/en-us/trackers/most-important-issues-facing-the-us
2025-03-11,dem,Health care,0.15,406.0,two_step,YouGov/Economist,https://yougov.com/en-us/trackers/most-important-issues-facing-the-us
2025-03-11,dem,Immigration,0.02,406.0,two_step,YouGov/Economist,https://yougov.com/en-us/trackers/most-important-issues-facing-the-us
2025-03-11,dem,Jobs and the economy,0.1,406.0,two_step,YouGov/Economist,https://yougov.com/en-us/trackers/most-important-issues-facing-the-us
2025-03-11,dem,Medicare,0.0,406.0,two_step,YouGov/Economist,https://yougov.com/en-us/trackers/most-important-issues-facing-the-us
2025-03-11,dem,National Security and foreign policy,0.07,406.0,two_step,YouGov/Economist,https://yougov.com/en-us/trackers/most-important-issues-facing-the-us
2025-03-11,dem,Social security,0.0,406.0,two_step,YouGov/Economist,https://yougov.com/en-us/trackers/most-important-issues-facing-the-us
2025-03-11,dem,Taxes and government spending,0.02,406.0,two_step,YouGov/Economist,https://yougov.com/en-us/trackers/most-important-issues-facing-the-us
2025-03-11,dem,Terrorism,0.0,406.0,two_step,YouGov/Economist,https://yougov.com/en-us/trackers/most-important-issues-facing-the-us
2025-03-11,dem,The budget deficit,0.0,406.0,two_step,YouGov/Economist,https://yougov.com/en-us/trackers/most-important-issues-facing-the-us
2025-03-11,dem,The war in Afghanistan,0.0,406.0,two_step,YouGov/Economist,https://yougov.com/en-us/trackers/most-important-issues-facing-the-us
2025-03-11,dem,Inflation/prices,0.18,406.0,two_step,YouGov/Economist,https://yougov.com/en-us/trackers/most-important-issues-facing-the-us
2025-03-18,dem,Abortion,0.03,397.0,two_step,YouGov/Economist,https://yougov.com/en-us/trackers/most-important-issues-facing-the-us
2025-03-18,dem,Civil rights and civil liberties,0.21,397.0,two_step,YouGov/Economist,https://yougov.com/en-us/trackers/most-important-issues-facing-the-us
2025-03-18,dem,Climate change and the environment,0.14,397.0,two_step,YouGov/Economist,https://yougov.com/en-us/trackers/most-important-issues-facing-the-us
2025-03-18,dem,Crime and criminal justice reform,0.02,397.0,two_step,YouGov/Economist,https://yougov.com/en-us/trackers/most-important-issues-facing-the-us
2025-03-18,dem,Education,0.03,397.0,two_step,YouGov/Economist,https://yougov.com/en-us/trackers/most-important-issues-facing-the-us
2025-03-18,dem,Gay rights,0.0,397.0,two_step,YouGov/Economist,https://yougov.com/en-us/trackers/most-important-issues-facing-the-us
2025-03-18,dem,Gun control,0.02,397.0,two_step,YouGov/Economist,https://yougov.com/en-us/trackers/most-important-issues-facing-the-us
2025-03-18,dem,Health care,0.17,397.0,two_step,YouGov/Economist,https://yougov.com/en-us/trackers/most-important-issues-facing-the-us
2025-03-18,dem,Immigration,0.01,397.0,two_step,YouGov/Economist,https://yougov.com/en-us/trackers/most-important-issues-facing-the-us
2025-03-18,dem,Jobs and the economy,0.11,397.0,two_step,YouGov/Economist,https://yougov.com/en-us/trackers/most-important-issues-facing-the-us
2025-03-18,dem,Medicare,0.0,397.0,two_step,YouGov/Economist,https://yougov.com/en-us/trackers/most-important-issues-facing-the-us
2025-03-18,dem,National Security and foreign policy,0.06,397.0,two_step,YouGov/Economist,https://yougov.com/en-us/trackers/most-important-issues-facing-the-us
2025-03-18,dem,Social security,0.0,397.0,two_step,YouGov/Economist,https://yougov.com/en-us/trackers/most-important-issues-facing-the-us
2025-03-18,dem,Taxes and government spending,0.02,397.0,two_step,YouGov/Economist,https://yougov.com/en-us/trackers/most-important-issues-facing-the-us
2025-03-18,dem,Terrorism,0.0,397.0,two_step,YouGov/Economist,https://yougov.com/en-us/trackers/most-important-issues-facing-the-us
2025-03-18,dem,The budget deficit,0.0,397.0,two_step,YouGov/Economist,https://yougov.com/en-us/trackers/most-important-issues-facing-the-us
2025-03-18,dem,The war in Afghanistan,0.0,397.0,two_step,YouGov/Economist,https://yougov.com/en-us/trackers/most-important-issues-facing-the-us
2025-03-18,dem,Inflation/prices,0.16,397.0,two_step,YouGov/Economist,https://yougov.com/en-us/trackers/most-important-issues-facing-the-us
2025-03-25,dem,Abortion,0.02,413.0,two_step,YouGov/Economist,https://yougov.com/en-us/trackers/most-important-issues-facing-the-us
2025-03-25,dem,Civil rights and civil liberties,0.23,413.0,two_step,YouGov/Economist,https://yougov.com/en-us/trackers/most-important-issues-facing-the-us
2025-03-25,dem,Climate change and the environment,0.09,413.0,two_step,YouGov/Economist,https://yougov.com/en-us/trackers/most-important-issues-facing-the-us
2025-03-25,dem,Crime and criminal justice reform,0.02,413.0,two_step,YouGov/Economist,https://yougov.com/en-us/trackers/most-important-issues-facing-the-us
2025-03-25,dem,Education,0.03,413.0,two_step,YouGov/Economist,https://yougov.com/en-us/trackers/most-important-issues-facing-the-us
2025-03-25,dem,Gay rights,0.0,413.0,two_step,YouGov/Economist,https://yougov.com/en-us/trackers/most-important-issues-facing-the-us
2025-03-25,dem,Gun control,0.03,413.0,two_step,YouGov/Economist,https://yougov.com/en-us/trackers/most-important-issues-facing-the-us
2025-03-25,dem,Health care,0.15,413.0,two_step,YouGov/Economist,https://yougov.com/en-us/trackers/most-important-issues-facing-the-us
2025-03-25,dem,Immigration,0.02,413.0,two_step,YouGov/Economist,https://yougov.com/en-us/trackers/most-important-issues-facing-the-us
2025-03-25,dem,Jobs and the economy,0.14,413.0,two_step,YouGov/Economist,https://yougov.com/en-us/trackers/most-important-issues-facing-the-us
2025-03-25,dem,Medicare,0.0,413.0,two_step,YouGov/Economist,https://yougov.com/en-us/trackers/most-important-issues-facing-the-us
2025-03-25,dem,National Security and foreign policy,0.04,413.0,two_step,YouGov/Economist,https://yougov.com/en-us/trackers/most-important-issues-facing-the-us
2025-03-25,dem,Social security,0.0,413.0,two_step,YouGov/Economist,https://yougov.com/en-us/trackers/most-important-issues-facing-the-us
2025-03-25,dem,Taxes and government spending,0.03,413.0,two_step,YouGov/Economist,https://yougov.com/en-us/trackers/most-important-issues-facing-the-us
2025-03-25,dem,Terrorism,0.0,413.0,two_step,YouGov/Economist,https://yougov.com/en-us/trackers/most-important-issues-facing-the-us
2025-03-25,dem,The budget deficit,0.0,413.0,two_step,YouGov/Economist,https://yougov.com/en-us/trackers/most-important-issues-facing-the-us
2025-03-25,dem,The war in Afghanistan,0.0,413.0,two_step,YouGov/Economist,https://yougov.com/en-us/trackers/most-important-issues-facing-the-us
2025-03-25,dem,Inflation/prices,0.19,413.0,two_step,YouGov/Economist,https://yougov.com/en-us/trackers/most-important-issues-facing-the-us
2025-04-01,dem,Abortion,0.04,392.0,two_step,YouGov/Economist,https://yougov.com/en-us/trackers/most-important-issues-facing-the-us
2025-04-01,dem,Civil rights and civil liberties,0.2,392.0,two_step,YouGov/Economist,https://yougov.com/en-us/trackers/most-important-issues-facing-the-us
2025-04-01,dem,Climate change and the environment,0.13,392.0,two_step,YouGov/Economist,https://yougov.com/en-us/trackers/most-important-issues-facing-the-us
2025-04-01,dem,Crime and criminal justice reform,0.03,392.0,two_step,YouGov/Economist,https://yougov.com/en-us/trackers/most-important-issues-facing-the-us
2025-04-01,dem,Education,0.04,392.0,two_step,YouGov/Economist,https://yougov.com/en-us/trackers/most-important-issues-facing-the-us
2025-04-01,dem,Gay rights,0.0,392.0,two_step,YouGov/Economist,https://yougov.com/en-us/trackers/most-important-issues-facing-the-us
2025-04-01,dem,Gun control,0.01,392.0,two_step,YouGov/Economist,https://yougov.com/en-us/trackers/most-important-issues-facing-the-us
2025-04-01,dem,Health care,0.19,392.0,two_step,YouGov/Economist,https://yougov.com/en-us/trackers/most-important-issues-facing-the-us
2025-04-01,dem,Immigration,0.01,392.0,two_step,YouGov/Economist,https://yougov.com/en-us/trackers/most-important-issues-facing-the-us
2025-04-01,dem,Jobs and the economy,0.09,392.0,two_step,YouGov/Economist,https://yougov.com/en-us/trackers/most-important-issues-facing-the-us
2025-04-01,dem,Medicare,0.0,392.0,two_step,YouGov/Economist,https://yougov.com/en-us/trackers/most-important-issues-facing-the-us
2025-04-01,dem,National Security and foreign policy,0.05,392.0,two_step,YouGov/Economist,https://yougov.com/en-us/trackers/most-important-issues-facing-the-us
2025-04-01,dem,Social security,0.0,392.0,two_step,YouGov/Economist,https://yougov.com/en-us/trackers/most-important-issues-facing-the-us
2025-04-01,dem,Taxes and government spending,0.02,392.0,two_step,YouGov/Economist,https://yougov.com/en-us/trackers/most-important-issues-facing-the-us
2025-04-01,dem,Terrorism,0.0,392.0,two_step,YouGov/Economist,https://yougov.com/en-us/trackers/most-important-issues-facing-the-us
2025-04-01,dem,The budget deficit,0.0,392.0,two_step,YouGov/Economist,https://yougov.com/en-us/trackers/most-important-issues-facing-the-us
2025-04-01,dem,The war in Afghanistan,0.0,392.0,two_step,YouGov/Economist,https://yougov.com/en-us/trackers/most-important-issues-facing-the-us
2025-04-01,dem,Inflation/prices,0.19,392.0,two_step,YouGov/Economist,https://yougov.com/en-us/trackers/most-important-issues-facing-the-us
2025-04-07,dem,Abortion,0.03,407.0,two_step,YouGov/Economist,https://yougov.com/en-us/trackers/most-important-issues-facing-the-us
2025-04-07,dem,Civil rights and civil liberties,0.24,407.0,two_step,YouGov/Economist,https://yougov.com/en-us/trackers/most-important-issues-facing-the-us
2025-04-07,dem,Climate change and the environment,0.09,407.0,two_step,YouGov/Economist,https://yougov.com/en-us/trackers/most-important-issues-facing-the-us
2025-04-07,dem,Crime and criminal justice reform,0.03,407.0,two_step,YouGov/Economist,https://yougov.com/en-us/trackers/most-important-issues-facing-the-us
2025-04-07,dem,Education,0.04,407.0,two_step,YouGov/Economist,https://yougov.com/en-us/trackers/most-important-issues-facing-the-us
2025-04-07,dem,Gay rights,0.0,407.0,two_step,YouGov/Economist,https://yougov.com/en-us/trackers/most-important-issues-facing-the-us
2025-04-07,dem,Gun control,0.03,407.0,two_step,YouGov/Economist,https://yougov.com/en-us/trackers/most-important-issues-facing-the-us
2025-04-07,dem,Health care,0.18,407.0,two_step,YouGov/Economist,https://yougov.com/en-us/trackers/most-important-issues-facing-the-us
2025-04-07,dem,Immigration,0.01,407.0,two_step,YouGov/Economist,https://yougov.com/en-us/trackers/most-important-issues-facing-the-us
2025-04-07,dem,Jobs and the economy,0.09,407.0,two_step,YouGov/Economist,https://yougov.com/en-us/trackers/most-important-issues-facing-the-us
2025-04-07,dem,Medicare,0.0,407.0,two_step,YouGov/Economist,https://yougov.com/en-us/trackers/most-important-issues-facing-the-us
2025-04-07,dem,National Security and foreign policy,0.05,407.0,two_step,YouGov/Economist,https://yougov.com/en-us/trackers/most-important-issues-facing-the-us
2025-04-07,dem,Social security,0.0,407.0,two_step,YouGov/Economist,https://yougov.com/en-us/trackers/most-important-issues-facing-the-us
2025-04-07,dem,Taxes and government spending,0.02,407.0,two_step,YouGov/Economist,https://yougov.com/en-us/trackers/most-important-issues-facing-the-us
2025-04-07,dem,Terrorism,0.0,407.0,two_step,YouGov/Economist,https://yougov.com/en-us/trackers/most-important-issues-facing-the-us
2025-04-07,dem,The budget deficit,0.0,407.0,two_step,YouGov/Economist,https://yougov.com/en-us/trackers/most-important-issues-facing-the-us
2025-04-07,dem,The war in Afghanistan,0.0,407.0,two_step,YouGov/Economist,https://yougov.com/en-us/trackers/most-important-issues-facing-the-us
2025-04-07,dem,Inflation/prices,0.2,407.0,two_step,YouGov/Economist,https://yougov.com/en-us/trackers/most-important-issues-facing-the-us
2025-04-14,dem,Abortion,0.05,371.0,two_step,YouGov/Economist,https://yougov.com/en-us/trackers/most-important-issues-facing-the-us
2025-04-14,dem,Civil rights and civil liberties,0.25,371.0,two_step,YouGov/Economist,https://yougov.com/en-us/trackers/most-important-issues-facing-the-us
2025-04-14,dem,Climate change and the environment,0.12,371.0,two_step,YouGov/Economist,https://yougov.com/en-us/trackers/most-important-issues-facing-the-us
2025-04-14,dem,Crime and criminal justice reform,0.01,371.0,two_step,YouGov/Economist,https://yougov.com/en-us/trackers/most-important-issues-facing-the-us
2025-04-14,dem,Education,0.03,371.0,two_step,YouGov/Economist,https://yougov.com/en-us/trackers/most-important-issues-facing-the-us
2025-04-14,dem,Gay rights,0.0,371.0,two_step,YouGov/Economist,https://yougov.com/en-us/trackers/most-important-issues-facing-the-us
2025-04-14,dem,Gun control,0.02,371.0,two_step,YouGov/Economist,https://yougov.com/en-us/trackers/most-important-issues-facing-the-us
2025-04-14,dem,Health care,0.12,371.0,two_step,YouGov/Economist,https://yougov.com/en-us/trackers/most-important-issues-facing-the-us
2025-04-14,dem,Immigration,0.01,371.0,two_step,YouGov/Economist,https://yougov.com/en-us/trackers/most-important-issues-facing-the-us
2025-04-14,dem,Jobs and the economy,0.11,371.0,two_step,YouGov/Economist,https://yougov.com/en-us/trackers/most-important-issues-facing-the-us
2025-04-14,dem,Medicare,0.0,371.0,two_step,YouGov/Economist,https://yougov.com/en-us/trackers/most-important-issues-facing-the-us
2025-04-14,dem,National Security and foreign policy,0.03,371.0,two_step,YouGov/Economist,https://yougov.com/en-us/trackers/most-important-issues-facing-the-us
2025-04-14,dem,Social security,0.0,371.0,two_step,YouGov/Economist,https://yougov.com/en-us/trackers/most-important-issues-facing-the-us
2025-04-14,dem,Taxes and government spending,0.02,371.0,two_step,YouGov/Economist,https://yougov.com/en-us/trackers/most-important-issues-facing-the-us
2025-04-14,dem,Terrorism,0.0,371.0,two_step,YouGov/Economist,https://yougov.com/en-us/trackers/most-important-issues-facing-the-us
2025-04-14,dem,The budget deficit,0.0,371.0,two_step,YouGov/Economist,https://yougov.com/en-us/trackers/most-important-issues-facing-the-us
2025-04-14,dem,The war in Afghanistan,0.0,371.0,two_step,YouGov/Economist,https://yougov.com/en-us/trackers/most-important-issues-facing-the-us
2025-04-14,dem,Inflation/prices,0.23,371.0,two_step,YouGov/Economist,https://yougov.com/en-us/trackers/most-important-issues-facing-the-us
2025-04-22,dem,Abortion,0.04,386.0,two_step,YouGov/Economist,https://yougov.com/en-us/trackers/most-important-issues-facing-the-us
2025-04-22,dem,Civil rights and civil liberties,0.29,386.0,two_step,YouGov/Economist,https://yougov.com/en-us/trackers/most-important-issues-facing-the-us
2025-04-22,dem,Climate change and the environment,0.09,386.0,two_step,YouGov/Economist,https://yougov.com/en-us/trackers/most-important-issues-facing-the-us
2025-04-22,dem,Crime and criminal justice reform,0.01,386.0,two_step,YouGov/Economist,https://yougov.com/en-us/trackers/most-important-issues-facing-the-us
2025-04-22,dem,Education,0.06,386.0,two_step,YouGov/Economist,https://yougov.com/en-us/trackers/most-important-issues-facing-the-us
2025-04-22,dem,Gay rights,0.0,386.0,two_step,YouGov/Economist,https://yougov.com/en-us/trackers/most-important-issues-facing-the-us
2025-04-22,dem,Gun control,0.04,386.0,two_step,YouGov/Economist,https://yougov.com/en-us/trackers/most-important-issues-facing-the-us
2025-04-22,dem,Health care,0.1,386.0,two_step,YouGov/Economist,https://yougov.com/en-us/trackers/most-important-issues-facing-the-us
2025-04-22,dem,Immigration,0.03,386.0,two_step,YouGov/Economist,https://yougov.com/en-us/trackers/most-important-issues-facing-the-us
2025-04-22,dem,Jobs and the economy,0.11,386.0,two_step,YouGov/Economist,https://yougov.com/en-us/trackers/most-important-issues-facing-the-us
2025-04-22,dem,Medicare,0.0,386.0,two_step,YouGov/Economist,https://yougov.com/en-us/trackers/most-important-issues-facing-the-us
2025-04-22,dem,National Security and foreign policy,0.03,386.0,two_step,YouGov/Economist,https://yougov.com/en-us/trackers/most-important-issues-facing-the-us
2025-04-22,dem,Social security,0.0,386.0,two_step,YouGov/Economist,https://yougov.com/en-us/trackers/most-important-issues-facing-the-us
2025-04-22,dem,Taxes and government spending,0.03,386.0,two_step,YouGov/Economist,https://yougov.com/en-us/trackers/most-important-issues-facing-the-us
2025-04-22,dem,Terrorism,0.0,386.0,two_step,YouGov/Economist,https://yougov.com/en-us/trackers/most-important-issues-facing-the-us
2025-04-22,dem,The budget deficit,0.0,386.0,two_step,YouGov/Economist,https://yougov.com/en-us/trackers/most-important-issues-facing-the-us
2025-04-22,dem,The war in Afghanistan,0.0,386.0,two_step,YouGov/Economist,https://yougov.com/en-us/trackers/most-important-issues-facing-the-us
2025-04-22,dem,Inflation/prices,0.18,386.0,two_step,YouGov/Economist,https://yougov.com/en-us/trackers/most-important-issues-facing-the-us
2025-04-28,dem,Abortion,0.05,419.0,two_step,YouGov/Economist,https://yougov.com/en-us/trackers/most-important-issues-facing-the-us
2025-04-28,dem,Civil rights and civil liberties,0.26,419.0,two_step,YouGov/Economist,https://yougov.com/en-us/trackers/most-important-issues-facing-the-us
2025-04-28,dem,Climate change and the environment,0.12,419.0,two_step,YouGov/Economist,https://yougov.com/en-us/trackers/most-important-issues-facing-the-us
2025-04-28,dem,Crime and criminal justice reform,0.02,419.0,two_step,YouGov/Economist,https://yougov.com/en-us/trackers/most-important-issues-facing-the-us
2025-04-28,dem,Education,0.04,419.0,two_step,YouGov/Economist,https://yougov.com/en-us/trackers/most-important-issues-facing-the-us
2025-04-28,dem,Gay rights,0.0,419.0,two_step,YouGov/Economist,https://yougov.com/en-us/trackers/most-important-issues-facing-the-us
2025-04-28,dem,Gun control,0.02,419.0,two_step,YouGov/Economist,https://yougov.com/en-us/trackers/most-important-issues-facing-the-us
2025-04-28,dem,Health care,0.13,419.0,two_step,YouGov/Economist,https://yougov.com/en-us/trackers/most-important-issues-facing-the-us
2025-04-28,dem,Immigration,0.01,419.0,two_step,YouGov/Economist,https://yougov.com/en-us/trackers/most-important-issues-facing-the-us
2025-04-28,dem,Jobs and the economy,0.14,419.0,two_step,YouGov/Economist,https://yougov.com/en-us/trackers/most-important-issues-facing-the-us
2025-04-28,dem,Medicare,0.0,419.0,two_step,YouGov/Economist,https://yougov.com/en-us/trackers/most-important-issues-facing-the-us
2025-04-28,dem,National Security and foreign policy,0.03,419.0,two_step,YouGov/Economist,https://yougov.com/en-us/trackers/most-important-issues-facing-the-us
2025-04-28,dem,Social security,0.0,419.0,two_step,YouGov/Economist,https://yougov.com/en-us/trackers/most-important-issues-facing-the-us
2025-04-28,dem,Taxes and government spending,0.01,419.0,two_step,YouGov/Economist,https://yougov.com/en-us/trackers/most-important-issues-facing-the-us
2025-04-28,dem,Terrorism,0.0,419.0,two_step,YouGov/Economist,https://yougov.com/en-us/trackers/most-important-issues-facing-the-us
2025-04-28,dem,The budget deficit,0.0,419.0,two_step,YouGov/Economist,https://yougov.com/en-us/trackers/most-important-issues-facing-the-us
2025-04-28,dem,The war in Afghanistan,0.0,419.0,two_step,YouGov/Economist,https://yougov.com/en-us/trackers/most-important-issues-facing-the-us
2025-04-28,dem,Inflation/prices,0.17,419.0,two_step,YouGov/Economist,https://yougov.com/en-us/trackers/most-important-issues-facing-the-us
2025-05-04,dem,Abortion,0.04,462.0,two_step,YouGov/Economist,https://yougov.com/en-us/trackers/most-important-issues-facing-the-us
2025-05-04,dem,Civil rights and civil liberties,0.21,462.0,two_step,YouGov/Economist,https://yougov.com/en-us/trackers/most-important-issues-facing-the-us
2025-05-04,dem,Climate change and the environment,0.11,462.0,two_step,YouGov/Economist,https://yougov.com/en-us/trackers/most-important-issues-facing-the-us
2025-05-04,dem,Crime and criminal justice reform,0.04,462.0,two_step,YouGov/Economist,https://yougov.com/en-us/trackers/most-important-issues-facing-the-us
2025-05-04,dem,Education,0.03,462.0,two_step,YouGov/Economist,https://yougov.com/en-us/trackers/most-important-issues-facing-the-us
2025-05-04,dem,Gay rights,0.0,462.0,two_step,YouGov/Economist,https://yougov.com/en-us/trackers/most-important-issues-facing-the-us
2025-05-04,dem,Gun control,0.03,462.0,two_step,YouGov/Economist,https://yougov.com/en-us/trackers/most-important-issues-facing-the-us
2025-05-04,dem,Health care,0.09,462.0,two_step,YouGov/Economist,https://yougov.com/en-us/trackers/most-important-issues-facing-the-us
2025-05-04,dem,Immigration,0.01,462.0,two_step,YouGov/Economist,https://yougov.com/en-us/trackers/most-important-issues-facing-the-us
2025-05-04,dem,Jobs and the economy,0.15,462.0,two_step,YouGov/Economist,https://yougov.com/en-us/trackers/most-important-issues-facing-the-us
2025-05-04,dem,Medicare,0.0,462.0,two_step,YouGov/Economist,https://yougov.com/en-us/trackers/most-important-issues-facing-the-us
2025-05-04,dem,National Security and foreign policy,0.04,462.0,two_step,YouGov/Economist,https://yougov.com/en-us/trackers/most-important-issues-facing-the-us
2025-05-04,dem,Social security,0.0,462.0,two_step,YouGov/Economist,https://yougov.com/en-us/trackers/most-important-issues-facing-the-us
2025-05-04,dem,Taxes and government spending,0.02,462.0,two_step,YouGov/Economist,https://yougov.com/en-us/trackers/most-important-issues-facing-the-us
2025-05-04,dem,Terrorism,0.0,462.0,two_step,YouGov/Economist,https://yougov.com/en-us/trackers/most-important-issues-facing-the-us
2025-05-04,dem,The budget deficit,0.0,462.0,two_step,YouGov/Economist,https://yougov.com/en-us/trackers/most-important-issues-facing-the-us
2025-05-04,dem,The war in Afghanistan,0.0,462.0,two_step,YouGov/Economist,https://yougov.com/en-us/trackers/most-important-issues-facing-the-us
2025-05-04,dem,Inflation/prices,0.21,462.0,two_step,YouGov/Economist,https://yougov.com/en-us/trackers/most-important-issues-facing-the-us
2025-05-12,dem,Abortion,0.02,421.0,two_step,YouGov/Economist,https://yougov.com/en-us/trackers/most-important-issues-facing-the-us
2025-05-12,dem,Civil rights and civil liberties,0.25,421.0,two_step,YouGov/Economist,https://yougov.com/en-us/trackers/most-important-issues-facing-the-us
2025-05-12,dem,Climate change and the environment,0.11,421.0,two_step,YouGov/Economist,https://yougov.com/en-us/trackers/most-important-issues-facing-the-us
2025-05-12,dem,Crime and criminal justice reform,0.03,421.0,two_step,YouGov/Economist,https://yougov.com/en-us/trackers/most-important-issues-facing-the-us
2025-05-12,dem,Education,0.05,421.0,two_step,YouGov/Economist,https://yougov.com/en-us/trackers/most-important-issues-facing-the-us
2025-05-12,dem,Gay rights,0.0,421.0,two_step,YouGov/Economist,https://yougov.com/en-us/trackers/most-important-issues-facing-the-us
2025-05-12,dem,Gun control,0.01,421.0,two_step,YouGov/Economist,https://yougov.com/en-us/trackers/most-important-issues-facing-the-us
2025-05-12,dem,Health care,0.17,421.0,two_step,YouGov/Economist,https://yougov.com/en-us/trackers/most-important-issues-facing-the-us
2025-05-12,dem,Immigration,0.03,421.0,two_step,YouGov/Economist,https://yougov.com/en-us/trackers/most-important-issues-facing-the-us
2025-05-12,dem,Jobs and the economy,0.13,421.0,two_step,YouGov/Economist,https://yougov.com/en-us/trackers/most-important-issues-facing-the-us
2025-05-12,dem,Medicare,0.0,421.0,two_step,YouGov/Economist,https://yougov.com/en-us/trackers/most-important-issues-facing-the-us
2025-05-12,dem,National Security and foreign policy,0.04,421.0,two_step,YouGov/Economist,https://yougov.com/en-us/trackers/most-important-issues-facing-the-us
2025-05-12,dem,Social security,0.0,421.0,two_step,YouGov/Economist,https://yougov.com/en-us/trackers/most-important-issues-facing-the-us
2025-05-12,dem,Taxes and government spending,0.02,421.0,two_step,YouGov/Economist,https://yougov.com/en-us/trackers/most-important-issues-facing-the-us
2025-05-12,dem,Terrorism,0.0,421.0,two_step,YouGov/Economist,https://yougov.com/en-us/trackers/most-important-issues-facing-the-us
2025-05-12,dem,The budget deficit,0.0,421.0,two_step,YouGov/Economist,https://yougov.com/en-us/trackers/most-important-issues-facing-the-us
2025-05-12,dem,The war in Afghanistan,0.0,421.0,two_step,YouGov/Economist,https://yougov.com/en-us/trackers/most-important-issues-facing-the-us
2025-05-12,dem,Inflation/prices,0.15,421.0,two_step,YouGov/Economist,https://yougov.com/en-us/trackers/most-important-issues-facing-the-us
2025-05-19,dem,Abortion,0.05,411.0,two_step,YouGov/Economist,https://yougov.com/en-us/trackers/most-important-issues-facing-the-us
2025-05-19,dem,Civil rights and civil liberties,0.22,411.0,two_step,YouGov/Economist,https://yougov.com/en-us/trackers/most-important-issues-facing-the-us
2025-05-19,dem,Climate change and the environment,0.1,411.0,two_step,YouGov/Economist,https://yougov.com/en-us/trackers/most-important-issues-facing-the-us
2025-05-19,dem,Crime and criminal justice reform,0.02,411.0,two_step,YouGov/Economist,https://yougov.com/en-us/trackers/most-important-issues-facing-the-us
2025-05-19,dem,Education,0.04,411.0,two_step,YouGov/Economist,https://yougov.com/en-us/trackers/most-important-issues-facing-the-us
2025-05-19,dem,Gay rights,0.0,411.0,two_step,YouGov/Economist,https://yougov.com/en-us/trackers/most-important-issues-facing-the-us
2025-05-19,dem,Gun control,0.01,411.0,two_step,YouGov/Economist,https://yougov.com/en-us/trackers/most-important-issues-facing-the-us
2025-05-19,dem,Health care,0.16,411.0,two_step,YouGov/Economist,https://yougov.com/en-us/trackers/most-important-issues-facing-the-us
2025-05-19,dem,Immigration,0.02,411.0,two_step,YouGov/Economist,https://yougov.com/en-us/trackers/most-important-issues-facing-the-us
2025-05-19,dem,Jobs and the economy,0.11,411.0,two_step,YouGov/Economist,https://yougov.com/en-us/trackers/most-important-issues-facing-the-us
2025-05-19,dem,Medicare,0.0,411.0,two_step,YouGov/Economist,https://yougov.com/en-us/trackers/most-important-issues-facing-the-us
2025-05-19,dem,National Security and foreign policy,0.06,411.0,two_step,YouGov/Economist,https://yougov.com/en-us/trackers/most-important-issues-facing-the-us
2025-05-19,dem,Social security,0.0,411.0,two_step,YouGov/Economist,https://yougov.com/en-us/trackers/most-important-issues-facing-the-us
2025-05-19,dem,Taxes and government spending,0.03,411.0,two_step,YouGov/Economist,https://yougov.com/en-us/trackers/most-important-issues-facing-the-us
2025-05-19,dem,Terrorism,0.0,411.0,two_step,YouGov/Economist,https://yougov.com/en-us/trackers/most-important-issues-facing-the-us
2025-05-19,dem,The budget deficit,0.0,411.0,two_step,YouGov/Economist,https://yougov.com/en-us/trackers/most-important-issues-facing-the-us
2025-05-19,dem,The war in Afghanistan,0.0,411.0,two_step,YouGov/Economist,https://yougov.com/en-us/trackers/most-important-issues-facing-the-us
2025-05-19,dem,Inflation/prices,0.17,411.0,two_step,YouGov/Economist,https://yougov.com/en-us/trackers/most-important-issues-facing-the-us
2025-05-26,dem,Abortion,0.02,403.0,two_step,YouGov/Economist,https://yougov.com/en-us/trackers/most-important-issues-facing-the-us
2025-05-26,dem,Civil rights and civil liberties,0.26,403.0,two_step,YouGov/Economist,https://yougov.com/en-us/trackers/most-important-issues-facing-the-us
2025-05-26,dem,Climate change and the environment,0.11,403.0,two_step,YouGov/Economist,https://yougov.com/en-us/trackers/most-important-issues-facing-the-us
2025-05-26,dem,Crime and criminal justice reform,0.02,403.0,two_step,YouGov/Economist,https://yougov.com/en-us/trackers/most-important-issues-facing-the-us
2025-05-26,dem,Education,0.03,403.0,two_step,YouGov/Economist,https://yougov.com/en-us/trackers/most-important-issues-facing-the-us
2025-05-26,dem,Gay rights,0.0,403.0,two_step,YouGov/Economist,https://yougov.com/en-us/trackers/most-important-issues-facing-the-us
2025-05-26,dem,Gun control,0.02,403.0,two_step,YouGov/Economist,https://yougov.com/en-us/trackers/most-important-issues-facing-the-us
2025-05-26,dem,Health care,0.13,403.0,two_step,YouGov/Economist,https://yougov.com/en-us/trackers/most-important-issues-facing-the-us
2025-05-26,dem,Immigration,0.02,403.0,two_step,YouGov/Economist,https://yougov.com/en-us/trackers/most-important-issues-facing-the-us
2025-05-26,dem,Jobs and the economy,0.15,403.0,two_step,YouGov/Economist,https://yougov.com/en-us/trackers/most-important-issues-facing-the-us
2025-05-26,dem,Medicare,0.0,403.0,two_step,YouGov/Economist,https://yougov.com/en-us/trackers/most-important-issues-facing-the-us
2025-05-26,dem,National Security and foreign policy,0.04,403.0,two_step,YouGov/Economist,https://yougov.com/en-us/trackers/most-important-issues-facing-the-us
2025-05-26,dem,Social security,0.0,403.0,two_step,YouGov/Economist,https://yougov.com/en-us/trackers/most-important-issues-facing-the-us
2025-05-26,dem,Taxes and government spending,0.01,403.0,two_step,YouGov/Economist,https://yougov.com/en-us/trackers/most-important-issues-facing-the-us
2025-05-26,dem,Terrorism,0.0,403.0,two_step,YouGov/Economist,https://yougov.com/en-us/trackers/most-important-issues-facing-the-us
2025-05-26,dem,The budget deficit,0.0,403.0,two_step,YouGov/Economist,https://yougov.com/en-us/trackers/most-important-issues-facing-the-us
2025-05-26,dem,The war in Afghanistan,0.0,403.0,two_step,YouGov/Economist,https://yougov.com/en-us/trackers/most-important-issues-facing-the-us
2025-05-26,dem,Inflation/prices,0.19,403.0,two_step,YouGov/Economist,https://yougov.com/en-us/trackers/most-important-issues-facing-the-us
2025-06-02,dem,Abortion,0.06,195.0,single_list,YouGov/Economist,https://yougov.com/en-us/trackers/most-important-issues-facing-the-us
2025-06-02,dem,Civil rights and civil liberties,0.2,195.0,single_list,YouGov/Economist,https://yougov.com/en-us/trackers/most-important-issues-facing-the-us
2025-06-02,dem,Climate change and the environment,0.1,195.0,single_list,YouGov/Economist,https://yougov.com/en-us/trackers/most-important-issues-facing-the-us
2025-06-02,dem,Crime and criminal justice reform,0.01,195.0,single_list,YouGov/Economist,https://yougov.com/en-us/trackers/most-important-issues-facing-the-us
2025-06-02,dem,Education,0.03,195.0,single_list,YouGov/Economist,https://yougov.com/en-us/trackers/most-important-issues-facing-the-us
2025-06-02,dem,Gay rights,0.0,195.0,single_list,YouGov/Economist,https://yougov.com/en-us/trackers/most-important-issues-facing-the-us
2025-06-02,dem,Gun control,0.03,195.0,single_list,YouGov/Economist,https://yougov.com/en-us/trackers/most-important-issues-facing-the-us
2025-06-02,dem,Health care,0.19,195.0,single_list,YouGov/Economist,https://yougov.com/en-us/trackers/most-important-issues-facing-the-us
2025-06-02,dem,Immigration,0.01,195.0,single_list,YouGov/Economist,https://yougov.com/en-us/trackers/most-important-issues-facing-the-us
2025-06-02,dem,Jobs and the economy,0.12,195.0,single_list,YouGov/Economist,https://yougov.com/en-us/trackers/most-important-issues-facing-the-us
2025-06-02,dem,Medicare,0.0,195.0,single_list,YouGov/Economist,https://yougov.com/en-us/trackers/most-important-issues-facing-the-us
2025-06-02,dem,National Security and foreign policy,0.03,195.0,single_list,YouGov/Economist,https://yougov.com/en-us/trackers/most-important-issues-facing-the-us
2025-06-02,dem,Social security,0.0,195.0,single_list,YouGov/Economist,https://yougov.com/en-us/trackers/most-important-issues-facing-the-us
2025-06-02,dem,Taxes and government spending,0.02,195.0,single_list,YouGov/Economist,https://yougov.com/en-us/trackers/most-important-issues-facing-the-us
2025-06-02,dem,Terrorism,0.0,195.0,single_list,YouGov/Economist,https://yougov.com/en-us/trackers/most-important-issues-facing-the-us
2025-06-02,dem,The budget deficit,0.0,195.0,single_list,YouGov/Economist,https://yougov.com/en-us/trackers/most-important-issues-facing-the-us
2025-06-02,dem,The war in Afghanistan,0.0,195.0,single_list,YouGov/Economist,https://yougov.com/en-us/trackers/most-important-issues-facing-the-us
2025-06-02,dem,Inflation/prices,0.19,195.0,single_list,YouGov/Economist,https://yougov.com/en-us/trackers/most-important-issues-facing-the-us
2025-06-09,dem,Abortion,0.03,377.0,single_list,YouGov/Economist,https://yougov.com/en-us/trackers/most-important-issues-facing-the-us
2025-06-09,dem,Civil rights and civil liberties,0.26,377.0,single_list,YouGov/Economist,https://yougov.com/en-us/trackers/most-important-issues-facing-the-us
2025-06-09,dem,Climate change and the environment,0.09,377.0,single_list,YouGov/Economist,https://yougov.com/en-us/trackers/most-important-issues-facing-the-us
2025-06-09,dem,Crime and criminal justice reform,0.03,377.0,single_list,YouGov/Economist,https://yougov.com/en-us/trackers/most-important-issues-facing-the-us
2025-06-09,dem,Education,0.03,377.0,single_list,YouGov/Economist,https://yougov.com/en-us/trackers/most-important-issues-facing-the-us
2025-06-09,dem,Gay rights,0.0,377.0,single_list,YouGov/Economist,https://yougov.com/en-us/trackers/most-important-issues-facing-the-us
2025-06-09,dem,Gun control,0.02,377.0,single_list,YouGov/Economist,https://yougov.com/en-us/trackers/most-important-issues-facing-the-us
2025-06-09,dem,Health care,0.09,377.0,single_list,YouGov/Economist,https://yougov.com/en-us/trackers/most-important-issues-facing-the-us
2025-06-09,dem,Immigration,0.03,377.0,single_list,YouGov/Economist,https://yougov.com/en-us/trackers/most-important-issues-facing-the-us
2025-06-09,dem,Jobs and the economy,0.13,377.0,single_list,YouGov/Economist,https://yougov.com/en-us/trackers/most-important-issues-facing-the-us
2025-06-09,dem,Medicare,0.0,377.0,single_list,YouGov/Economist,https://yougov.com/en-us/trackers/most-important-issues-facing-the-us
2025-06-09,dem,National Security and foreign policy,0.04,377.0,single_list,YouGov/Economist,https://yougov.com/en-us/trackers/most-important-issues-facing-the-us
2025-06-09,dem,Social security,0.0,377.0,single_list,YouGov/Economist,https://yougov.com/en-us/trackers/most-important-issues-facing-the-us
2025-06-09,dem,Taxes and government spending,0.05,377.0,single_list,YouGov/Economist,https://yougov.com/en-us/trackers/most-important-issues-facing-the-us
2025-06-09,dem,Terrorism,0.0,377.0,single_list,YouGov/Economist,https://yougov.com/en-us/trackers/most-important-issues-facing-the-us
2025-06-09,dem,The budget deficit,0.0,377.0,single_list,YouGov/Economist,https://yougov.com/en-us/trackers/most-important-issues-facing-the-us
2025-06-09,dem,The war in Afghanistan,0.0,377.0,single_list,YouGov/Economist,https://yougov.com/en-us/trackers/most-important-issues-facing-the-us
2025-06-09,dem,Inflation/prices,0.21,377.0,single_list,YouGov/Economist,https://yougov.com/en-us/trackers/most-important-issues-facing-the-us
2025-06-16,dem,Abortion,0.04,371.0,single_list,YouGov/Economist,https://yougov.com/en-us/trackers/most-important-issues-facing-the-us
2025-06-16,dem,Civil rights and civil liberties,0.35,371.0,single_list,YouGov/Economist,https://yougov.com/en-us/trackers/most-important-issues-facing-the-us
2025-06-16,dem,Climate change and the environment,0.1,371.0,single_list,YouGov/Economist,https://yougov.com/en-us/trackers/most-important-issues-facing-the-us
2025-06-16,dem,Crime and criminal justice reform,0.02,371.0,single_list,YouGov/Economist,https://yougov.com/en-us/trackers/most-important-issues-facing-the-us
2025-06-16,dem,Education,0.02,371.0,single_list,YouGov/Economist,https://yougov.com/en-us/trackers/most-important-issues-facing-the-us
2025-06-16,dem,Gay rights,0.0,371.0,single_list,YouGov/Economist,https://yougov.com/en-us/trackers/most-important-issues-facing-the-us
2025-06-16,dem,Gun control,0.01,371.0,single_list,YouGov/Economist,https://yougov.com/en-us/trackers/most-important-issues-facing-the-us
2025-06-16,dem,Health care,0.11,371.0,single_list,YouGov/Economist,https://yougov.com/en-us/trackers/most-important-issues-facing-the-us
2025-06-16,dem,Immigration,0.03,371.0,single_list,YouGov/Economist,https://yougov.com/en-us/trackers/most-important-issues-facing-the-us
2025-06-16,dem,Jobs and the economy,0.12,371.0,single_list,YouGov/Economist,https://yougov.com/en-us/trackers/most-important-issues-facing-the-us
2025-06-16,dem,Medicare,0.0,371.0,single_list,YouGov/Economist,https://yougov.com/en-us/trackers/most-important-issues-facing-the-us
2025-06-16,dem,National Security and foreign policy,0.03,371.0,single_list,YouGov/Economist,https://yougov.com/en-us/trackers/most-important-issues-facing-the-us
2025-06-16,dem,Social security,0.0,371.0,single_list,YouGov/Economist,https://yougov.com/en-us/trackers/most-important-issues-facing-the-us
2025-06-16,dem,Taxes and government spending,0.03,371.0,single_list,YouGov/Economist,https://yougov.com/en-us/trackers/most-important-issues-facing-the-us
2025-06-16,dem,Terrorism,0.0,371.0,single_list,YouGov/Economist,https://yougov.com/en-us/trackers/most-important-issues-facing-the-us
2025-06-16,dem,The budget deficit,0.0,371.0,single_list,YouGov/Economist,https://yougov.com/en-us/trackers/most-important-issues-facing-the-us
2025-06-16,dem,The war in Afghanistan,0.0,371.0,single_list,YouGov/Economist,https://yougov.com/en-us/trackers/most-important-issues-facing-the-us
2025-06-16,dem,Inflation/prices,0.13,371.0,single_list,YouGov/Economist,https://yougov.com/en-us/trackers/most-important-issues-facing-the-us
2025-06-23,dem,Abortion,0.03,398.0,single_list,YouGov/Economist,https://yougov.com/en-us/trackers/most-important-issues-facing-the-us
2025-06-23,dem,Civil rights and civil liberties,0.3,398.0,single_list,YouGov/Economist,https://yougov.com/en-us/trackers/most-important-issues-facing-the-us
2025-06-23,dem,Climate change and the environment,0.12,398.0,single_list,YouGov/Economist,https://yougov.com/en-us/trackers/most-important-issues-facing-the-us
2025-06-23,dem,Crime and criminal justice reform,0.02,398.0,single_list,YouGov/Economist,https://yougov.com/en-us/trackers/most-important-issues-facing-the-us
2025-06-23,dem,Education,0.02,398.0,single_list,YouGov/Economist,https://yougov.com/en-us/trackers/most-important-issues-facing-the-us
2025-06-23,dem,Gay rights,0.0,398.0,single_list,YouGov/Economist,https://yougov.com/en-us/trackers/most-important-issues-facing-the-us
2025-06-23,dem,Gun control,0.03,398.0,single_list,YouGov/Economist,https://yougov.com/en-us/trackers/most-important-issues-facing-the-us
2025-06-23,dem,Health care,0.11,398.0,single_list,YouGov/Economist,https://yougov.com/en-us/trackers/most-important-issues-facing-the-us
2025-06-23,dem,Immigration,0.04,398.0,single_list,YouGov/Economist,https://yougov.com/en-us/trackers/most-important-issues-facing-the-us
2025-06-23,dem,Jobs and the economy,0.11,398.0,single_list,YouGov/Economist,https://yougov.com/en-us/trackers/most-important-issues-facing-the-us
2025-06-23,dem,Medicare,0.0,398.0,single_list,YouGov/Economist,https://yougov.com/en-us/trackers/most-important-issues-facing-the-us
2025-06-23,dem,National Security and foreign policy,0.03,398.0,single_list,YouGov/Economist,https://yougov.com/en-us/trackers/most-important-issues-facing-the-us
2025-06-23,dem,Social security,0.0,398.0,single_list,YouGov/Economist,https://yougov.com/en-us/trackers/most-important-issues-facing-the-us
2025-06-23,dem,Taxes and government spending,0.04,398.0,single_list,YouGov/Economist,https://yougov.com/en-us/trackers/most-important-issues-facing-the-us
2025-06-23,dem,Terrorism,0.0,398.0,single_list,YouGov/Economist,https://yougov.com/en-us/trackers/most-important-issues-facing-the-us
2025-06-23,dem,The budget deficit,0.0,398.0,single_list,YouGov/Economist,https://yougov.com/en-us/trackers/most-important-issues-facing-the-us
2025-06-23,dem,The war in Afghanistan,0.0,398.0,single_list,YouGov/Economist,https://yougov.com/en-us/trackers/most-important-issues-facing-the-us
2025-06-23,dem,Inflation/prices,0.14,398.0,single_list,YouGov/Economist,https://yougov.com/en-us/trackers/most-important-issues-facing-the-us
2025-06-30,dem,Abortion,0.03,367.0,single_list,YouGov/Economist,https://yougov.com/en-us/trackers/most-important-issues-facing-the-us
2025-06-30,dem,Civil rights and civil liberties,0.35,367.0,single_list,YouGov/Economist,https://yougov.com/en-us/trackers/most-important-issues-facing-the-us
2025-06-30,dem,Climate change and the environment,0.09,367.0,single_list,YouGov/Economist,https://yougov.com/en-us/trackers/most-important-issues-facing-the-us
2025-06-30,dem,Crime and criminal justice reform,0.04,367.0,single_list,YouGov/Economist,https://yougov.com/en-us/trackers/most-important-issues-facing-the-us
2025-06-30,dem,Education,0.02,367.0,single_list,YouGov/Economist,https://yougov.com/en-us/trackers/most-important-issues-facing-the-us
2025-06-30,dem,Gay rights,0.0,367.0,single_list,YouGov/Economist,https://yougov.com/en-us/trackers/most-important-issues-facing-the-us
2025-06-30,dem,Gun control,0.02,367.0,single_list,YouGov/Economist,https://yougov.com/en-us/trackers/most-important-issues-facing-the-us
2025-06-30,dem,Health care,0.11,367.0,single_list,YouGov/Economist,https://yougov.com/en-us/trackers/most-important-issues-facing-the-us
2025-06-30,dem,Immigration,0.03,367.0,single_list,YouGov/Economist,https://yougov.com/en-us/trackers/most-important-issues-facing-the-us
2025-06-30,dem,Jobs and the economy,0.1,367.0,single_list,YouGov/Economist,https://yougov.com/en-us/trackers/most-important-issues-facing-the-us
2025-06-30,dem,Medicare,0.0,367.0,single_list,YouGov/Economist,https://yougov.com/en-us/trackers/most-important-issues-facing-the-us
2025-06-30,dem,National Security and foreign policy,0.03,367.0,single_list,YouGov/Economist,https://yougov.com/en-us/trackers/most-important-issues-facing-the-us
2025-06-30,dem,Social security,0.0,367.0,single_list,YouGov/Economist,https://yougov.com/en-us/trackers/most-important-issues-facing-the-us
2025-06-30,dem,Taxes and government spending,0.03,367.0,single_list,YouGov/Economist,https://yougov.com/en-us/trackers/most-important-issues-facing-the-us
2025-06-30,dem,Terrorism,0.0,367.0,single_list,YouGov/Economist,https://yougov.com/en-us/trackers/most-important-issues-facing-the-us
2025-06-30,dem,The budget deficit,0.0,367.0,single_list,YouGov/Economist,https://yougov.com/en-us/trackers/most-important-issues-facing-the-us
2025-06-30,dem,The war in Afghanistan,0.0,367.0,single_list,YouGov/Economist,https://yougov.com/en-us/trackers/most-important-issues-facing-the-us
2025-06-30,dem,Inflation/prices,0.14,367.0,single_list,YouGov/Economist,https://yougov.com/en-us/trackers/most-important-issues-facing-the-us
2025-07-07,dem,Abortion,0.03,342.0,single_list,YouGov/Economist,https://yougov.com/en-us/trackers/most-important-issues-facing-the-us
2025-07-07,dem,Civil rights and civil liberties,0.31,342.0,single_list,YouGov/Economist,https://yougov.com/en-us/trackers/most-important-issues-facing-the-us
2025-07-07,dem,Climate change and the environment,0.09,342.0,single_list,YouGov/Economist,https://yougov.com/en-us/trackers/most-important-issues-facing-the-us
2025-07-07,dem,Crime and criminal justice reform,0.03,342.0,single_list,YouGov/Economist,https://yougov.com/en-us/trackers/most-important-issues-facing-the-us
2025-07-07,dem,Education,0.04,342.0,single_list,YouGov/Economist,https://yougov.com/en-us/trackers/most-important-issues-facing-the-us
2025-07-07,dem,Gay rights,0.0,342.0,single_list,YouGov/Economist,https://yougov.com/en-us/trackers/most-important-issues-facing-the-us
2025-07-07,dem,Gun control,0.02,342.0,single_list,YouGov/Economist,https://yougov.com/en-us/trackers/most-important-issues-facing-the-us
2025-07-07,dem,Health care,0.17,342.0,single_list,YouGov/Economist,https://yougov.com/en-us/trackers/most-important-issues-facing-the-us
2025-07-07,dem,Immigration,0.03,342.0,single_list,YouGov/Economist,https://yougov.com/en-us/trackers/most-important-issues-facing-the-us
2025-07-07,dem,Jobs and the economy,0.08,342.0,single_list,YouGov/Economist,https://yougov.com/en-us/trackers/most-important-issues-facing-the-us
2025-07-07,dem,Medicare,0.0,342.0,single_list,YouGov/Economist,https://yougov.com/en-us/trackers/most-important-issues-facing-the-us
2025-07-07,dem,National Security and foreign policy,0.02,342.0,single_list,YouGov/Economist,https://yougov.com/en-us/trackers/most-important-issues-facing-the-us
2025-07-07,dem,Social security,0.0,342.0,single_list,YouGov/Economist,https://yougov.com/en-us/trackers/most-important-issues-facing-the-us
2025-07-07,dem,Taxes and government spending,0.03,342.0,single_list,YouGov/Economist,https://yougov.com/en-us/trackers/most-important-issues-facing-the-us
2025-07-07,dem,Terrorism,0.0,342.0,single_list,YouGov/Economist,https://yougov.com/en-us/trackers/most-important-issues-facing-the-us
2025-07-07,dem,The budget deficit,0.0,342.0,single_list,YouGov/Economist,https://yougov.com/en-us/trackers/most-important-issues-facing-the-us
2025-07-07,dem,The war in Afghanistan,0.0,342.0,single_list,YouGov/Economist,https://yougov.com/en-us/trackers/most-important-issues-facing-the-us
2025-07-07,dem,Inflation/prices,0.13,342.0,single_list,YouGov/Economist,https://yougov.com/en-us/trackers/most-important-issues-facing-the-us
2025-07-14,dem,Abortion,0.02,377.0,single_list,YouGov/Economist,https://yougov.com/en-us/trackers/most-important-issues-facing-the-us
2025-07-14,dem,Civil rights and civil liberties,0.3,377.0,single_list,YouGov/Economist,https://yougov.com/en-us/trackers/most-important-issues-facing-the-us
2025-07-14,dem,Climate change and the environment,0.12,377.0,single_list,YouGov/Economist,https://yougov.com/en-us/trackers/most-important-issues-facing-the-us
2025-07-14,dem,Crime and criminal justice reform,0.02,377.0,single_list,YouGov/Economist,https://yougov.com/en-us/trackers/most-important-issues-facing-the-us
2025-07-14,dem,Education,0.03,377.0,single_list,YouGov/Economist,https://yougov.com/en-us/trackers/most-important-issues-facing-the-us
2025-07-14,dem,Gay rights,0.0,377.0,single_list,YouGov/Economist,https://yougov.com/en-us/trackers/most-important-issues-facing-the-us
2025-07-14,dem,Gun control,0.02,377.0,single_list,YouGov/Economist,https://yougov.com/en-us/trackers/most-important-issues-facing-the-us
2025-07-14,dem,Health care,0.11,377.0,single_list,YouGov/Economist,https://yougov.com/en-us/trackers/most-important-issues-facing-the-us
2025-07-14,dem,Immigration,0.05,377.0,single_list,YouGov/Economist,https://yougov.com/en-us/trackers/most-important-issues-facing-the-us
2025-07-14,dem,Jobs and the economy,0.1,377.0,single_list,YouGov/Economist,https://yougov.com/en-us/trackers/most-important-issues-facing-the-us
2025-07-14,dem,Medicare,0.0,377.0,single_list,YouGov/Economist,https://yougov.com/en-us/trackers/most-important-issues-facing-the-us
2025-07-14,dem,National Security and foreign policy,0.03,377.0,single_list,YouGov/Economist,https://yougov.com/en-us/trackers/most-important-issues-facing-the-us
2025-07-14,dem,Social security,0.0,377.0,single_list,YouGov/Economist,https://yougov.com/en-us/trackers/most-important-issues-facing-the-us
2025-07-14,dem,Taxes and government spending,0.02,377.0,single_list,YouGov/Economist,https://yougov.com/en-us/trackers/most-important-issues-facing-the-us
2025-07-14,dem,Terrorism,0.0,377.0,single_list,YouGov/Economist,https://yougov.com/en-us/trackers/most-important-issues-facing-the-us
2025-07-14,dem,The budget deficit,0.0,377.0,single_list,YouGov/Economist,https://yougov.com/en-us/trackers/most-important-issues-facing-the-us
2025-07-14,dem,The war in Afghanistan,0.0,377.0,single_list,YouGov/Economist,https://yougov.com/en-us/trackers/most-important-issues-facing-the-us
2025-07-14,dem,Inflation/prices,0.18,377.0,single_list,YouGov/Economist,https://yougov.com/en-us/trackers/most-important-issues-facing-the-us
2025-07-21,dem,Abortion,0.02,383.0,single_list,YouGov/Economist,https://yougov.com/en-us/trackers/most-important-issues-facing-the-us
2025-07-21,dem,Civil rights and civil liberties,0.26,383.0,single_list,YouGov/Economist,https://yougov.com/en-us/trackers/most-important-issues-facing-the-us
2025-07-21,dem,Climate change and the environment,0.12,383.0,single_list,YouGov/Economist,https://yougov.com/en-us/trackers/most-important-issues-facing-the-us
2025-07-21,dem,Crime and criminal justice reform,0.03,383.0,single_list,YouGov/Economist,https://yougov.com/en-us/trackers/most-important-issues-facing-the-us
2025-07-21,dem,Education,0.04,383.0,single_list,YouGov/Economist,https://yougov.com/en-us/trackers/most-important-issues-facing-the-us
2025-07-21,dem,Gay rights,0.0,383.0,single_list,YouGov/Economist,https://yougov.com/en-us/trackers/most-important-issues-facing-the-us
2025-07-21,dem,Gun control,0.01,383.0,single_list,YouGov/Economist,https://yougov.com/en-us/trackers/most-important-issues-facing-the-us
2025-07-21,dem,Health care,0.15,383.0,single_list,YouGov/Economist,https://yougov.com/en-us/trackers/most-important-issues-facing-the-us
2025-07-21,dem,Immigration,0.03,383.0,single_list,YouGov/Economist,https://yougov.com/en-us/trackers/most-important-issues-facing-the-us
2025-07-21,dem,Jobs and the economy,0.09,383.0,single_list,YouGov/Economist,https://yougov.com/en-us/trackers/most-important-issues-facing-the-us
2025-07-21,dem,Medicare,0.0,383.0,single_list,YouGov/Economist,https://yougov.com/en-us/trackers/most-important-issues-facing-the-us
2025-07-21,dem,National Security and foreign policy,0.03,383.0,single_list,YouGov/Economist,https://yougov.com/en-us/trackers/most-important-issues-facing-the-us
2025-07-21,dem,Social security,0.0,383.0,single_list,YouGov/Economist,https://yougov.com/en-us/trackers/most-important-issues-facing-the-us
2025-07-21,dem,Taxes and government spending,0.04,383.0,single_list,YouGov/Economist,https://yougov.com/en-us/trackers/most-important-issues-facing-the-us
2025-07-21,dem,Terrorism,0.0,383.0,single_list,YouGov/Economist,https://yougov.com/en-us/trackers/most-important-issues-facing-the-us
2025-07-21,dem,The budget deficit,0.0,383.0,single_list,YouGov/Economist,https://yougov.com/en-us/trackers/most-important-issues-facing-the-us
2025-07-21,dem,The war in Afghanistan,0.0,383.0,single_list,YouGov/Economist,https://yougov.com/en-us/trackers/most-important-issues-facing-the-us
2025-07-21,dem,Inflation/prices,0.17,383.0,single_list,YouGov/Economist,https://yougov.com/en-us/trackers/most-important-issues-facing-the-us
2025-07-28,dem,Abortion,0.02,402.0,single_list,YouGov/Economist,https://yougov.com/en-us/trackers/most-important-issues-facing-the-us
2025-07-28,dem,Civil rights and civil liberties,0.27,402.0,single_list,YouGov/Economist,https://yougov.com/en-us/trackers/most-important-issues-facing-the-us
2025-07-28,dem,Climate change and the environment,0.11,402.0,single_list,YouGov/Economist,https://yougov.com/en-us/trackers/most-important-issues-facing-the-us
2025-07-28,dem,Crime and criminal justice reform,0.03,402.0,single_list,YouGov/Economist,https://yougov.com/en-us/trackers/most-important-issues-facing-the-us
2025-07-28,dem,Education,0.04,402.0,single_list,YouGov/Economist,https://yougov.com/en-us/trackers/most-important-issues-facing-the-us
2025-07-28,dem,Gay rights,0.0,402.0,single_list,YouGov/Economist,https://yougov.com/en-us/trackers/most-important-issues-facing-the-us
2025-07-28,dem,Gun control,0.02,402.0,single_list,YouGov/Economist,https://yougov.com/en-us/trackers/most-important-issues-facing-the-us
2025-07-28,dem,Health care,0.14,402.0,single_list,YouGov/Economist,https://yougov.com/en-us/trackers/most-important-issues-facing-the-us
2025-07-28,dem,Immigration,0.02,402.0,single_list,YouGov/Economist,https://yougov.com/en-us/trackers/most-important-issues-facing-the-us
2025-07-28,dem,Jobs and the economy,0.09,402.0,single_list,YouGov/Economist,https://yougov.com/en-us/trackers/most-important-issues-facing-the-us
2025-07-28,dem,Medicare,0.0,402.0,single_list,YouGov/Economist,https://yougov.com/en-us/trackers/most-important-issues-facing-the-us
2025-07-28,dem,National Security and foreign policy,0.02,402.0,single_list,YouGov/Economist,https://yougov.com/en-us/trackers/most-important-issues-facing-the-us
2025-07-28,dem,Social security,0.0,402.0,single_list,YouGov/Economist,https://yougov.com/en-us/trackers/most-important-issues-facing-the-us
2025-07-28,dem,Taxes and government spending,0.03,402.0,single_list,YouGov/Economist,https://yougov.com/en-us/trackers/most-important-issues-facing-the-us
2025-07-28,dem,Terrorism,0.0,402.0,single_list,YouGov/Economist,https://yougov.com/en-us/trackers/most-important-issues-facing-the-us
2025-07-28,dem,The budget deficit,0.0,402.0,single_list,YouGov/Economist,https://yougov.com/en-us/trackers/most-important-issues-facing-the-us
2025-07-28,dem,The war in Afghanistan,0.0,402.0,single_list,YouGov/Economist,https://yougov.com/en-us/trackers/most-important-issues-facing-the-us
2025-07-28,dem,Inflation/prices,0.2,402.0,single_list,YouGov/Economist,https://yougov.com/en-us/trackers/most-important-issues-facing-the-us
2025-08-04,dem,Abortion,0.04,383.0,single_list,YouGov/Economist,https://yougov.com/en-us/trackers/most-important-issues-facing-the-us
2025-08-04,dem,Civil rights and civil liberties,0.24,383.0,single_list,YouGov/Economist,https://yougov.com/en-us/trackers/most-important-issues-facing-the-us
2025-08-04,dem,Climate change and the environment,0.11,383.0,single_list,YouGov/Economist,https://yougov.com/en-us/trackers/most-important-issues-facing-the-us
2025-08-04,dem,Crime and criminal justice reform,0.04,383.0,single_list,YouGov/Economist,https://yougov.com/en-us/trackers/most-important-issues-facing-the-us
2025-08-04,dem,Education,0.04,383.0,single_list,YouGov/Economist,https://yougov.com/en-us/trackers/most-important-issues-facing-the-us
2025-08-04,dem,Gay rights,0.0,383.0,single_list,YouGov/Economist,https://yougov.com/en-us/trackers/most-important-issues-facing-the-us
2025-08-04,dem,Gun control,0.03,383.0,single_list,YouGov/Economist,https://yougov.com/en-us/trackers/most-important-issues-facing-the-us
2025-08-04,dem,Health care,0.14,383.0,single_list,YouGov/Economist,https://yougov.com/en-us/trackers/most-important-issues-facing-the-us
2025-08-04,dem,Immigration,0.02,383.0,single_list,YouGov/Economist,https://yougov.com/en-us/trackers/most-important-issues-facing-the-us
2025-08-04,dem,Jobs and the economy,0.11,383.0,single_list,YouGov/Economist,https://yougov.com/en-us/trackers/most-important-issues-facing-the-us
2025-08-04,dem,Medicare,0.0,383.0,single_list,YouGov/Economist,https://yougov.com/en-us/trackers/most-important-issues-facing-the-us
2025-08-04,dem,National Security and foreign policy,0.03,383.0,single_list,YouGov/Economist,https://yougov.com/en-us/trackers/most-important-issues-facing-the-us
2025-08-04,dem,Social security,0.0,383.0,single_list,YouGov/Economist,https://yougov.com/en-us/trackers/most-important-issues-facing-the-us
2025-08-04,dem,Taxes and government spending,0.02,383.0,single_list,YouGov/Economist,https://yougov.com/en-us/trackers/most-important-issues-facing-the-us
2025-08-04,dem,Terrorism,0.0,383.0,single_list,YouGov/Economist,https://yougov.com/en-us/trackers/most-important-issues-facing-the-us
2025-08-04,dem,The budget deficit,0.0,383.0,single_list,YouGov/Economist,https://yougov.com/en-us/trackers/most-important-issues-facing-the-us
2025-08-04,dem,The war in Afghanistan,0.0,383.0,single_list,YouGov/Economist,https://yougov.com/en-us/trackers/most-important-issues-facing-the-us
2025-08-04,dem,Inflation/prices,0.19,383.0,single_list,YouGov/Economist,https://yougov.com/en-us/trackers/most-important-issues-facing-the-us
2025-08-11,dem,Abortion,0.03,359.0,single_list,YouGov/Economist,https://yougov.com/en-us/trackers/most-important-issues-facing-the-us
2025-08-11,dem,Civil rights and civil liberties,0.27,359.0,single_list,YouGov/Economist,https://yougov.com/en-us/trackers/most-important-issues-facing-the-us
2025-08-11,dem,Climate change and the environment,0.1,359.0,single_list,YouGov/Economist,https://yougov.com/en-us/trackers/most-important-issues-facing-the-us
2025-08-11,dem,Crime and criminal justice reform,0.02,359.0,single_list,YouGov/Economist,https://yougov.com/en-us/trackers/most-important-issues-facing-the-us
2025-08-11,dem,Education,0.03,359.0,single_list,YouGov/Economist,https://yougov.com/en-us/trackers/most-important-issues-facing-the-us
2025-08-11,dem,Gay rights,0.0,359.0,single_list,YouGov/Economist,https://yougov.com/en-us/trackers/most-important-issues-facing-the-us
2025-08-11,dem,Gun control,0.01,359.0,single_list,YouGov/Economist,https://yougov.com/en-us/trackers/most-important-issues-facing-the-us
2025-08-11,dem,Health care,0.12,359.0,single_list,YouGov/Economist,https://yougov.com/en-us/trackers/most-important-issues-facing-the-us
2025-08-11,dem,Immigration,0.02,359.0,single_list,YouGov/Economist,https://yougov.com/en-us/trackers/most-important-issues-facing-the-us
2025-08-11,dem,Jobs and the economy,0.13,359.0,single_list,YouGov/Economist,https://yougov.com/en-us/trackers/most-important-issues-facing-the-us
2025-08-11,dem,Medicare,0.0,359.0,single_list,YouGov/Economist,https://yougov.com/en-us/trackers/most-important-issues-facing-the-us
2025-08-11,dem,National Security and foreign policy,0.03,359.0,single_list,YouGov/Economist,https://yougov.com/en-us/trackers/most-important-issues-facing-the-us
2025-08-11,dem,Social security,0.0,359.0,single_list,YouGov/Economist,https://yougov.com/en-us/trackers/most-important-issues-facing-the-us
2025-08-11,dem,Taxes and government spending,0.03,359.0,single_list,YouGov/Economist,https://yougov.com/en-us/trackers/most-important-issues-facing-the-us
2025-08-11,dem,Terrorism,0.0,359.0,single_list,YouGov/Economist,https://yougov.com/en-us/trackers/most-important-issues-facing-the-us
2025-08-11,dem,The budget deficit,0.0,359.0,single_list,YouGov/Economist,https://yougov.com/en-us/trackers/most-important-issues-facing-the-us
2025-08-11,dem,The war in Afghanistan,0.0,359.0,single_list,YouGov/Economist,https://yougov.com/en-us/trackers/most-important-issues-facing-the-us
2025-08-11,dem,Inflation/prices,0.2,359.0,single_list,YouGov/Economist,https://yougov.com/en-us/trackers/most-important-issues-facing-the-us
2025-08-18,dem,Abortion,0.02,363.0,single_list,YouGov/Economist,https://yougov.com/en-us/trackers/most-important-issues-facing-the-us
2025-08-18,dem,Civil rights and civil liberties,0.35,363.0,single_list,YouGov/Economist,https://yougov.com/en-us/trackers/most-important-issues-facing-the-us
2025-08-18,dem,Climate change and the environment,0.1,363.0,single_list,YouGov/Economist,https://yougov.com/en-us/trackers/most-important-issues-facing-the-us
2025-08-18,dem,Crime and criminal justice reform,0.02,363.0,single_list,YouGov/Economist,https://yougov.com/en-us/trackers/most-important-issues-facing-the-us
2025-08-18,dem,Education,0.03,363.0,single_list,YouGov/Economist,https://yougov.com/en-us/trackers/most-important-issues-facing-the-us
2025-08-18,dem,Gay rights,0.0,363.0,single_list,YouGov/Economist,https://yougov.com/en-us/trackers/most-important-issues-facing-the-us
2025-08-18,dem,Gun control,0.03,363.0,single_list,YouGov/Economist,https://yougov.com/en-us/trackers/most-important-issues-facing-the-us
2025-08-18,dem,Health care,0.12,363.0,single_list,YouGov/Economist,https://yougov.com/en-us/trackers/most-important-issues-facing-the-us
2025-08-18,dem,Immigration,0.03,363.0,single_list,YouGov/Economist,https://yougov.com/en-us/trackers/most-important-issues-facing-the-us
2025-08-18,dem,Jobs and the economy,0.09,363.0,single_list,YouGov/Economist,https://yougov.com/en-us/trackers/most-important-issues-facing-the-us
2025-08-18,dem,Medicare,0.0,363.0,single_list,YouGov/Economist,https://yougov.com/en-us/trackers/most-important-issues-facing-the-us
2025-08-18,dem,National Security and foreign policy,0.02,363.0,single_list,YouGov/Economist,https://yougov.com/en-us/trackers/most-important-issues-facing-the-us
2025-08-18,dem,Social security,0.0,363.0,single_list,YouGov/Economist,https://yougov.com/en-us/trackers/most-important-issues-facing-the-us
2025-08-18,dem,Taxes and government spending,0.03,363.0,single_list,YouGov/Economist,https://yougov.com/en-us/trackers/most-important-issues-facing-the-us
2025-08-18,dem,Terrorism,0.0,363.0,single_list,YouGov/Economist,https://yougov.com/en-us/trackers/most-important-issues-facing-the-us
2025-08-18,dem,The budget deficit,0.0,363.0,single_list,YouGov/Economist,https://yougov.com/en-us/trackers/most-important-issues-facing-the-us
2025-08-18,dem,The war in Afghanistan,0.0,363.0,single_list,YouGov/Economist,https://yougov.com/en-us/trackers/most-important-issues-facing-the-us
2025-08-18,dem,Inflation/prices,0.16,363.0,single_list,YouGov/Economist,https://yougov.com/en-us/trackers/most-important-issues-facing-the-us
2025-08-25,dem,Abortion,0.02,342.0,single_list,YouGov/Economist,https://yougov.com/en-us/trackers/most-important-issues-facing-the-us
2025-08-25,dem,Civil rights and civil liberties,0.28,342.0,single_list,YouGov/Economist,https://yougov.com/en-us/trackers/most-important-issues-facing-the-us
2025-08-25,dem,Climate change and the environment,0.11,342.0,single_list,YouGov/Economist,https://yougov.com/en-us/trackers/most-important-issues-facing-the-us
2025-08-25,dem,Crime and criminal justice reform,0.04,342.0,single_list,YouGov/Economist,https://yougov.com/en-us/trackers/most-important-issues-facing-the-us
2025-08-25,dem,Education,0.05,342.0,single_list,YouGov/Economist,https://yougov.com/en-us/trackers/most-important-issues-facing-the-us
2025-08-25,dem,Gay rights,0.0,342.0,single_list,YouGov/Economist,https://yougov.com/en-us/trackers/most-important-issues-facing-the-us
2025-08-25,dem,Gun control,0.03,342.0,single_list,YouGov/Economist,https://yougov.com/en-us/trackers/most-important-issues-facing-the-us
2025-08-25,dem,Health care,0.16,342.0,single_list,YouGov/Economist,https://yougov.com/en-us/trackers/most-important-issues-facing-the-us
2025-08-25,dem,Immigration,0.02,342.0,single_list,YouGov/Economist,https://yougov.com/en-us/trackers/most-important-issues-facing-the-us
2025-08-25,dem,Jobs and the economy,0.09,342.0,single_list,YouGov/Economist,https://yougov.com/en-us/trackers/most-important-issues-facing-the-us
2025-08-25,dem,Medicare,0.0,342.0,single_list,YouGov/Economist,https://yougov.com/en-us/trackers/most-important-issues-facing-the-us
2025-08-25,dem,National Security and foreign policy,0.02,342.0,single_list,YouGov/Economist,https://yougov.com/en-us/trackers/most-important-issues-facing-the-us
2025-08-25,dem,Social security,0.0,342.0,single_list,YouGov/Economist,https://yougov.com/en-us/trackers/most-important-issues-facing-the-us
2025-08-25,dem,Taxes and government spending,0.02,342.0,single_list,YouGov/Economist,https://yougov.com/en-us/trackers/most-important-issues-facing-the-us
2025-08-25,dem,Terrorism,0.0,342.0,single_list,YouGov/Economist,https://yougov.com/en-us/trackers/most-important-issues-facing-the-us
2025-08-25,dem,The budget deficit,0.0,342.0,single_list,YouGov/Economist,https://yougov.com/en-us/trackers/most-important-issues-facing-the-us
2025-08-25,dem,The war in Afghanistan,0.0,342.0,single_list,YouGov/Economist,https://yougov.com/en-us/trackers/most-important-issues-facing-the-us
2025-08-25,dem,Inflation/prices,0.15,342.0,single_list,YouGov/Economist,https://yougov.com/en-us/trackers/most-important-issues-facing-the-us
2025-09-02,dem,Abortion,0.02,401.0,single_list,YouGov/Economist,https://yougov.com/en-us/trackers/most-important-issues-facing-the-us
2025-09-02,dem,Civil rights and civil liberties,0.24,401.0,single_list,YouGov/Economist,https://yougov.com/en-us/trackers/most-important-issues-facing-the-us
2025-09-02,dem,Climate change and the environment,0.11,401.0,single_list,YouGov/Economist,https://yougov.com/en-us/trackers/most-important-issues-facing-the-us
2025-09-02,dem,Crime and criminal justice reform,0.02,401.0,single_list,YouGov/Economist,https://yougov.com/en-us/trackers/most-important-issues-facing-the-us
2025-09-02,dem,Education,0.02,401.0,single_list,YouGov/Economist,https://yougov.com/en-us/trackers/most-important-issues-facing-the-us
2025-09-02,dem,Gay rights,0.0,401.0,single_list,YouGov/Economist,https://yougov.com/en-us/trackers/most-important-issues-facing-the-us
2025-09-02,dem,Gun control,0.04,401.0,single_list,YouGov/Economist,https://yougov.com/en-us/trackers/most-important-issues-facing-the-us
2025-09-02,dem,Health care,0.15,401.0,single_list,YouGov/Economist,https://yougov.com/en-us/trackers/most-important-issues-facing-the-us
2025-09-02,dem,Immigration,0.02,401.0,single_list,YouGov/Economist,https://yougov.com/en-us/trackers/most-important-issues-facing-the-us
2025-09-02,dem,Jobs and the economy,0.12,401.0,single_list,YouGov/Economist,https://yougov.com/en-us/trackers/most-important-issues-facing-the-us
2025-09-02,dem,Medicare,0.0,401.0,single_list,YouGov/Economist,https://yougov.com/en-us/trackers/most-important-issues-facing-the-us
2025-09-02,dem,National Security and foreign policy,0.03,401.0,single_list,YouGov/Economist,https://yougov.com/en-us/trackers/most-important-issues-facing-the-us
2025-09-02,dem,Social security,0.0,401.0,single_list,YouGov/Economist,https://yougov.com/en-us/trackers/most-important-issues-facing-the-us
2025-09-02,dem,Taxes and government spending,0.03,401.0,single_list,YouGov/Economist,https://yougov.com/en-us/trackers/most-important-issues-facing-the-us
2025-09-02,dem,Terrorism,0.0,401.0,single_list,YouGov/Economist,https://yougov.com/en-us/trackers/most-important-issues-facing-the-us
2025-09-02,dem,The budget deficit,0.0,401.0,single_list,YouGov/Economist,https://yougov.com/en-us/trackers/most-important-issues-facing-the-us
2025-09-02,dem,The war in Afghanistan,0.0,401.0,single_list,YouGov/Economist,https://yougov.com/en-us/trackers/most-important-issues-facing-the-us
2025-09-02,dem,Inflation/prices,0.19,401.0,single_list,YouGov/Economist,https://yougov.com/en-us/trackers/most-important-issues-facing-the-us
2025-09-08,dem,Abortion,0.01,390.0,single_list,YouGov/Economist,https://yougov.com/en-us/trackers/most-important-issues-facing-the-us
2025-09-08,dem,Civil rights and civil liberties,0.24,390.0,single_list,YouGov/Economist,https://yougov.com/en-us/trackers/most-important-issues-facing-the-us
2025-09-08,dem,Climate change and the environment,0.09,390.0,single_list,YouGov/Economist,https://yougov.com/en-us/trackers/most-important-issues-facing-the-us
2025-09-08,dem,Crime and criminal justice reform,0.02,390.0,single_list,YouGov/Economist,https://yougov.com/en-us/trackers/most-important-issues-facing-the-us
2025-09-08,dem,Education,0.03,390.0,single_list,YouGov/Economist,https://yougov.com/en-us/trackers/most-important-issues-facing-the-us
2025-09-08,dem,Gay rights,0.0,390.0,single_list,YouGov/Economist,https://yougov.com/en-us/trackers/most-important-issues-facing-the-us
2025-09-08,dem,Gun control,0.03,390.0,single_list,YouGov/Economist,https://yougov.com/en-us/trackers/most-important-issues-facing-the-us
2025-09-08,dem,Health care,0.15,390.0,single_list,YouGov/Economist,https://yougov.com/en-us/trackers/most-important-issues-facing-the-us
2025-09-08,dem,Immigration,0.02,390.0,single_list,YouGov/Economist,https://yougov.com/en-us/trackers/most-important-issues-facing-the-us
2025-09-08,dem,Jobs and the economy,0.12,390.0,single_list,YouGov/Economist,https://yougov.com/en-us/trackers/most-important-issues-facing-the-us
2025-09-08,dem,Medicare,0.0,390.0,single_list,YouGov/Economist,https://yougov.com/en-us/trackers/most-important-issues-facing-the-us
2025-09-08,dem,National Security and foreign policy,0.06,390.0,single_list,YouGov/Economist,https://yougov.com/en-us/trackers/most-important-issues-facing-the-us
2025-09-08,dem,Social security,0.0,390.0,single_list,YouGov/Economist,https://yougov.com/en-us/trackers/most-important-issues-facing-the-us
2025-09-08,dem,Taxes and government spending,0.02,390.0,single_list,YouGov/Economist,https://yougov.com/en-us/trackers/most-important-issues-facing-the-us
2025-09-08,dem,Terrorism,0.0,390.0,single_list,YouGov/Economist,https://yougov.com/en-us/trackers/most-important-issues-facing-the-us
2025-09-08,dem,The budget deficit,0.0,390.0,single_list,YouGov/Economist,https://yougov.com/en-us/trackers/most-important-issues-facing-the-us
2025-09-08,dem,The war in Afghanistan,0.0,390.0,single_list,YouGov/Economist,https://yougov.com/en-us/trackers/most-important-issues-facing-the-us
2025-09-08,dem,Inflation/prices,0.2,390.0,single_list,YouGov/Economist,https://yougov.com/en-us/trackers/most-important-issues-facing-the-us
2025-09-15,dem,Abortion,0.02,363.0,single_list,YouGov/Economist,https://yougov.com/en-us/trackers/most-important-issues-facing-the-us
2025-09-15,dem,Civil rights and civil liberties,0.24,363.0,single_list,YouGov/Economist,https://yougov.com/en-us/trackers/most-important-issues-facing-the-us
2025-09-15,dem,Climate change and the environment,0.11,363.0,single_list,YouGov/Economist,https://yougov.com/en-us/trackers/most-important-issues-facing-the-us
2025-09-15,dem,Crime and criminal justice reform,0.04,363.0,single_list,YouGov/Economist,https://yougov.com/en-us/trackers/most-important-issues-facing-the-us
2025-09-15,dem,Education,0.03,363.0,single_list,YouGov/Economist,https://yougov.com/en-us/trackers/most-important-issues-facing-the-us
2025-09-15,dem,Gay rights,0.0,363.0,single_list,YouGov/Economist,https://yougov.com/en-us/trackers/most-important-issues-facing-the-us
2025-09-15,dem,Gun control,0.06,363.0,single_list,YouGov/Economist,https://yougov.com/en-us/trackers/most-important-issues-facing-the-us
2025-09-15,dem,Health care,0.12,363.0,single_list,YouGov/Economist,https://yougov.com/en-us/trackers/most-important-issues-facing-the-us
2025-09-15,dem,Immigration,0.01,363.0,single_list,YouGov/Economist,https://yougov.com/en-us/trackers/most-important-issues-facing-the-us
2025-09-15,dem,Jobs and the economy,0.1,363.0,single_list,YouGov/Economist,https://yougov.com/en-us/trackers/most-important-issues-facing-the-us
2025-09-15,dem,Medicare,0.0,363.0,single_list,YouGov/Economist,https://yougov.com/en-us/trackers/most-important-issues-facing-the-us
2025-09-15,dem,National Security and foreign policy,0.03,363.0,single_list,YouGov/Economist,https://yougov.com/en-us/trackers/most-important-issues-facing-the-us
2025-09-15,dem,Social security,0.0,363.0,single_list,YouGov/Economist,https://yougov.com/en-us/trackers/most-important-issues-facing-the-us
2025-09-15,dem,Taxes and government spending,0.02,363.0,single_list,YouGov/Economist,https://yougov.com/en-us/trackers/most-important-issues-facing-the-us
2025-09-15,dem,Terrorism,0.0,363.0,single_list,YouGov/Economist,https://yougov.com/en-us/trackers/most-important-issues-facing-the-us
2025-09-15,dem,The budget deficit,0.0,363.0,single_list,YouGov/Economist,https://yougov.com/en-us/trackers/most-important-issues-facing-the-us
2025-09-15,dem,The war in Afghanistan,0.0,363.0,single_list,YouGov/Economist,https://yougov.com/en-us/trackers/most-important-issues-facing-the-us
2025-09-15,dem,Inflation/prices,0.22,363.0,single_list,YouGov/Economist,https://yougov.com/en-us/trackers/most-important-issues-facing-the-us
2025-09-22,dem,Abortion,0.02,366.0,single_list,YouGov/Economist,https://yougov.com/en-us/trackers/most-important-issues-facing-the-us
2025-09-22,dem,Civil rights and civil liberties,0.35,366.0,single_list,YouGov/Economist,https://yougov.com/en-us/trackers/most-important-issues-facing-the-us
2025-09-22,dem,Climate change and the environment,0.07,366.0,single_list,YouGov/Economist,https://yougov.com/en-us/trackers/most-important-issues-facing-the-us
2025-09-22,dem,Crime and criminal justice reform,0.03,366.0,single_list,YouGov/Economist,https://yougov.com/en-us/trackers/most-important-issues-facing-the-us
2025-09-22,dem,Education,0.02,366.0,single_list,YouGov/Economist,https://yougov.com/en-us/trackers/most-important-issues-facing-the-us
2025-09-22,dem,Gay rights,0.0,366.0,single_list,YouGov/Economist,https://yougov.com/en-us/trackers/most-important-issues-facing-the-us
2025-09-22,dem,Gun control,0.06,366.0,single_list,YouGov/Economist,https://yougov.com/en-us/trackers/most-important-issues-facing-the-us
2025-09-22,dem,Health care,0.12,366.0,single_list,YouGov/Economist,https://yougov.com/en-us/trackers/most-important-issues-facing-the-us
2025-09-22,dem,Immigration,0.03,366.0,single_list,YouGov/Economist,https://yougov.com/en-us/trackers/most-important-issues-facing-the-us
2025-09-22,dem,Jobs and the economy,0.09,366.0,single_list,YouGov/Economist,https://yougov.com/en-us/trackers/most-important-issues-facing-the-us
2025-09-22,dem,Medicare,0.0,366.0,single_list,YouGov/Economist,https://yougov.com/en-us/trackers/most-important-issues-facing-the-us
2025-09-22,dem,National Security and foreign policy,0.01,366.0,single_list,YouGov/Economist,https://yougov.com/en-us/trackers/most-important-issues-facing-the-us
2025-09-22,dem,Social security,0.0,366.0,single_list,YouGov/Economist,https://yougov.com/en-us/trackers/most-important-issues-facing-the-us
2025-09-22,dem,Taxes and government spending,0.02,366.0,single_list,YouGov/Economist,https://yougov.com/en-us/trackers/most-important-issues-facing-the-us
2025-09-22,dem,Terrorism,0.0,366.0,single_list,YouGov/Economist,https://yougov.com/en-us/trackers/most-important-issues-facing-the-us
2025-09-22,dem,The budget deficit,0.0,366.0,single_list,YouGov/Economist,https://yougov.com/en-us/trackers/most-important-issues-facing-the-us
2025-09-22,dem,The war in Afghanistan,0.0,366.0,single_list,YouGov/Economist,https://yougov.com/en-us/trackers/most-important-issues-facing-the-us
2025-09-22,dem,Inflation/prices,0.18,366.0,single_list,YouGov/Economist,https://yougov.com/en-us/trackers/most-important-issues-facing-the-us
2025-09-29,dem,Abortion,0.02,386.0,single_list,YouGov/Economist,https://yougov.com/en-us/trackers/most-important-issues-facing-the-us
2025-09-29,dem,Civil rights and civil liberties,0.28,386.0,single_list,YouGov/Economist,https://yougov.com/en-us/trackers/most-important-issues-facing-the-us
2025-09-29,dem,Climate change and the environment,0.12,386.0,single_list,YouGov/Economist,https://yougov.com/en-us/trackers/most-important-issues-facing-the-us
2025-09-29,dem,Crime and criminal justice reform,0.03,386.0,single_list,YouGov/Economist,https://yougov.com/en-us/trackers/most-important-issues-facing-the-us
2025-09-29,dem,Education,0.01,386.0,single_list,YouGov/Economist,https://yougov.com/en-us/trackers/most-important-issues-facing-the-us
2025-09-29,dem,Gay rights,0.0,386.0,single_list,YouGov/Economist,https://yougov.com/en-us/trackers/most-important-issues-facing-the-us
2025-09-29,dem,Gun control,0.02,386.0,single_list,YouGov/Economist,https://yougov.com/en-us/trackers/most-important-issues-facing-the-us
2025-09-29,dem,Health care,0.12,386.0,single_list,YouGov/Economist,https://yougov.com/en-us/trackers/most-important-issues-facing-the-us
2025-09-29,dem,Immigration,0.03,386.0,single_list,YouGov/Economist,https://yougov.com/en-us/trackers/most-important-issues-facing-the-us
2025-09-29,dem,Jobs and the economy,0.11,386.0,single_list,YouGov/Economist,https://yougov.com/en-us/trackers/most-important-issues-facing-the-us
2025-09-29,dem,Medicare,0.0,386.0,single_list,YouGov/Economist,https://yougov.com/en-us/trackers/most-important-issues-facing-the-us
2025-09-29,dem,National Security and foreign policy,0.03,386.0,single_list,YouGov/Economist,https://yougov.com/en-us/trackers/most-important-issues-facing-the-us
2025-09-29,dem,Social security,0.0,386.0,single_list,YouGov/Economist,https://yougov.com/en-us/trackers/most-important-issues-facing-the-us
2025-09-29,dem,Taxes and government spending,0.02,386.0,single_list,YouGov/Economist,https://yougov.com/en-us/trackers/most-important-issues-facing-the-us
2025-09-29,dem,Terrorism,0.0,386.0,single_list,YouGov/Economist,https://yougov.com/en-us/trackers/most-important-issues-facing-the-us
2025-09-29,dem,The budget deficit,0.0,386.0,single_list,YouGov/Economist,https://yougov.com/en-us/trackers/most-important-issues-facing-the-us
2025-09-29,dem,The war in Afghanistan,0.0,386.0,single_list,YouGov/Economist,https://yougov.com/en-us/trackers/most-important-issues-facing-the-us
2025-09-29,dem,Inflation/prices,0.21,386.0,single_list,YouGov/Economist,https://yougov.com/en-us/trackers/most-important-issues-facing-the-us
2025-10-06,dem,Abortion,0.0,397.0,single_list,YouGov/Economist,https://yougov.com/en-us/trackers/most-important-issues-facing-the-us
2025-10-06,dem,Civil rights and civil liberties,0.27,397.0,single_list,YouGov/Economist,https://yougov.com/en-us/trackers/most-important-issues-facing-the-us
2025-10-06,dem,Climate change and the environment,0.08,397.0,single_list,YouGov/Economist,https://yougov.com/en-us/trackers/most-important-issues-facing-the-us
2025-10-06,dem,Crime and criminal justice reform,0.02,397.0,single_list,YouGov/Economist,https://yougov.com/en-us/trackers/most-important-issues-facing-the-us
2025-10-06,dem,Education,0.02,397.0,single_list,YouGov/Economist,https://yougov.com/en-us/trackers/most-important-issues-facing-the-us
2025-10-06,dem,Gay rights,0.0,397.0,single_list,YouGov/Economist,https://yougov.com/en-us/trackers/most-important-issues-facing-the-us
2025-10-06,dem,Gun control,0.04,397.0,single_list,YouGov/Economist,https://yougov.com/en-us/trackers/most-important-issues-facing-the-us
2025-10-06,dem,Health care,0.15,397.0,single_list,YouGov/Economist,https://yougov.com/en-us/trackers/most-important-issues-facing-the-us
2025-10-06,dem,Immigration,0.03,397.0,single_list,YouGov/Economist,https://yougov.com/en-us/trackers/most-important-issues-facing-the-us
2025-10-06,dem,Jobs and the economy,0.11,397.0,single_list,YouGov/Economist,https://yougov.com/en-us/trackers/most-important-issues-facing-the-us
2025-10-06,dem,Medicare,0.0,397.0,single_list,YouGov/Economist,https://yougov.com/en-us/trackers/most-important-issues-facing-the-us
2025-10-06,dem,National Security and foreign policy,0.02,397.0,single_list,YouGov/Economist,https://yougov.com/en-us/trackers/most-important-issues-facing-the-us
2025-10-06,dem,Social security,0.0,397.0,single_list,YouGov/Economist,https://yougov.com/en-us/trackers/most-important-issues-facing-the-us
2025-10-06,dem,Taxes and government spending,0.03,397.0,single_list,YouGov/Economist,https://yougov.com/en-us/trackers/most-important-issues-facing-the-us
2025-10-06,dem,Terrorism,0.0,397.0,single_list,YouGov/Economist,https://yougov.com/en-us/trackers/most-important-issues-facing-the-us
2025-10-06,dem,The budget deficit,0.0,397.0,single_list,YouGov/Economist,https://yougov.com/en-us/trackers/most-important-issues-facing-the-us
2025-10-06,dem,The war in Afghanistan,0.0,397.0,single_list,YouGov/Economist,https://yougov.com/en-us/trackers/most-important-issues-facing-the-us
2025-10-06,dem,Inflation/prices,0.22,397.0,single_list,YouGov/Economist,https://yougov.com/en-us/trackers/most-important-issues-facing-the-us
2025-10-13,dem,Abortion,0.02,376.0,single_list,YouGov/Economist,https://yougov.com/en-us/trackers/most-important-issues-facing-the-us
2025-10-13,dem,Civil rights and civil liberties,0.27,376.0,single_list,YouGov/Economist,https://yougov.com/en-us/trackers/most-important-issues-facing-the-us
2025-10-13,dem,Climate change and the environment,0.09,376.0,single_list,YouGov/Economist,https://yougov.com/en-us/trackers/most-important-issues-facing-the-us
2025-10-13,dem,Crime and criminal justice reform,0.02,376.0,single_list,YouGov/Economist,https://yougov.com/en-us/trackers/most-important-issues-facing-the-us
2025-10-13,dem,Education,0.03,376.0,single_list,YouGov/Economist,https://yougov.com/en-us/trackers/most-important-issues-facing-the-us
2025-10-13,dem,Gay rights,0.0,376.0,single_list,YouGov/Economist,https://yougov.com/en-us/trackers/most-important-issues-facing-the-us
2025-10-13,dem,Gun control,0.02,376.0,single_list,YouGov/Economist,https://yougov.com/en-us/trackers/most-important-issues-facing-the-us
2025-10-13,dem,Health care,0.13,376.0,single_list,YouGov/Economist,https://yougov.com/en-us/trackers/most-important-issues-facing-the-us
2025-10-13,dem,Immigration,0.04,376.0,single_list,YouGov/Economist,https://yougov.com/en-us/trackers/most-important-issues-facing-the-us
2025-10-13,dem,Jobs and the economy,0.13,376.0,single_list,YouGov/Economist,https://yougov.com/en-us/trackers/most-important-issues-facing-the-us
2025-10-13,dem,Medicare,0.0,376.0,single_list,YouGov/Economist,https://yougov.com/en-us/trackers/most-important-issues-facing-the-us
2025-10-13,dem,National Security and foreign policy,0.03,376.0,single_list,YouGov/Economist,https://yougov.com/en-us/trackers/most-important-issues-facing-the-us
2025-10-13,dem,Social security,0.0,376.0,single_list,YouGov/Economist,https://yougov.com/en-us/trackers/most-important-issues-facing-the-us
2025-10-13,dem,Taxes and government spending,0.04,376.0,single_list,YouGov/Economist,https://yougov.com/en-us/trackers/most-important-issues-facing-the-us
2025-10-13,dem,Terrorism,0.0,376.0,single_list,YouGov/Economist,https://yougov.com/en-us/trackers/most-important-issues-facing-the-us
2025-10-13,dem,The budget deficit,0.0,376.0,single_list,YouGov/Economist,https://yougov.com/en-us/trackers/most-important-issues-facing-the-us
2025-10-13,dem,The war in Afghanistan,0.0,376.0,single_list,YouGov/Economist,https://yougov.com/en-us/trackers/most-important-issues-facing-the-us
2025-10-13,dem,Inflation/prices,0.19,376.0,single_list,YouGov/Economist,https://yougov.com/en-us/trackers/most-important-issues-facing-the-us
2025-10-20,dem,Abortion,0.03,379.0,single_list,YouGov/Economist,https://yougov.com/en-us/trackers/most-important-issues-facing-the-us
2025-10-20,dem,Civil rights and civil liberties,0.23,379.0,single_list,YouGov/Economist,https://yougov.com/en-us/trackers/most-important-issues-facing-the-us
2025-10-20,dem,Climate change and the environment,0.08,379.0,single_list,YouGov/Economist,https://yougov.com/en-us/trackers/most-important-issues-facing-the-us
2025-10-20,dem,Crime and criminal justice reform,0.03,379.0,single_list,YouGov/Economist,https://yougov.com/en-us/trackers/most-important-issues-facing-the-us
2025-10-20,dem,Education,0.02,379.0,single_list,YouGov/Economist,https://yougov.com/en-us/trackers/most-important-issues-facing-the-us
2025-10-20,dem,Gay rights,0.0,379.0,single_list,YouGov/Economist,https://yougov.com/en-us/trackers/most-important-issues-facing-the-us
2025-10-20,dem,Gun control,0.01,379.0,single_list,YouGov/Economist,https://yougov.com/en-us/trackers/most-important-issues-facing-the-us
2025-10-20,dem,Health care,0.15,379.0,single_list,YouGov/Economist,https://yougov.com/en-us/trackers/most-important-issues-facing-the-us
2025-10-20,dem,Immigration,0.02,379.0,single_list,YouGov/Economist,https://yougov.com/en-us/trackers/most-important-issues-facing-the-us
2025-10-20,dem,Jobs and the economy,0.15,379.0,single_list,YouGov/Economist,https://yougov.com/en-us/trackers/most-important-issues-facing-the-us
2025-10-20,dem,Medicare,0.0,379.0,single_list,YouGov/Economist,https://yougov.com/en-us/trackers/most-important-issues-facing-the-us
2025-10-20,dem,National Security and foreign policy,0.03,379.0,single_list,YouGov/Economist,https://yougov.com/en-us/trackers/most-important-issues-facing-the-us
2025-10-20,dem,Social security,0.0,379.0,single_list,YouGov/Economist,https://yougov.com/en-us/trackers/most-important-issues-facing-the-us
2025-10-20,dem,Taxes and government spending,0.03,379.0,single_list,YouGov/Economist,https://yougov.com/en-us/trackers/most-important-issues-facing-the-us
2025-10-20,dem,Terrorism,0.0,379.0,single_list,YouGov/Economist,https://yougov.com/en-us/trackers/most-important-issues-facing-the-us
2025-10-20,dem,The budget deficit,0.0,379.0,single_list,YouGov/Economist,https://yougov.com/en-us/trackers/most-important-issues-facing-the-us
2025-10-20,dem,The war in Afghanistan,0.0,379.0,single_list,YouGov/Economist,https://yougov.com/en-us/trackers/most-important-issues-facing-the-us
2025-10-20,dem,Inflation/prices,0.22,379.0,single_list,YouGov/Economist,https://yougov.com/en-us/trackers/most-important-issues-facing-the-us
2025-10-27,dem,Abortion,0.02,365.0,single_list,YouGov/Economist,https://yougov.com/en-us/trackers/most-important-issues-facing-the-us
2025-10-27,dem,Civil rights and civil liberties,0.2,365.0,single_list,YouGov/Economist,https://yougov.com/en-us/trackers/most-important-issues-facing-the-us
2025-10-27,dem,Climate change and the environment,0.08,365.0,single_list,YouGov/Economist,https://yougov.com/en-us/trackers/most-important-issues-facing-the-us
2025-10-27,dem,Crime and criminal justice reform,0.03,365.0,single_list,YouGov/Economist,https://yougov.com/en-us/trackers/most-important-issues-facing-the-us
2025-10-27,dem,Education,0.02,365.0,single_list,YouGov/Economist,https://yougov.com/en-us/trackers/most-important-issues-facing-the-us
2025-10-27,dem,Gay rights,0.0,365.0,single_list,YouGov/Economist,https://yougov.com/en-us/trackers/most-important-issues-facing-the-us
2025-10-27,dem,Gun control,0.03,365.0,single_list,YouGov/Economist,https://yougov.com/en-us/trackers/most-important-issues-facing-the-us
2025-10-27,dem,Health care,0.14,365.0,single_list,YouGov/Economist,https://yougov.com/en-us/trackers/most-important-issues-facing-the-us
2025-10-27,dem,Immigration,0.03,365.0,single_list,YouGov/Economist,https://yougov.com/en-us/trackers/most-important-issues-facing-the-us
2025-10-27,dem,Jobs and the economy,0.15,365.0,single_list,YouGov/Economist,https://yougov.com/en-us/trackers/most-important-issues-facing-the-us
2025-10-27,dem,Medicare,0.0,365.0,single_list,YouGov/Economist,https://yougov.com/en-us/trackers/most-important-issues-facing-the-us
2025-10-27,dem,National Security and foreign policy,0.03,365.0,single_list,YouGov/Economist,https://yougov.com/en-us/trackers/most-important-issues-facing-the-us
2025-10-27,dem,Social security,0.0,365.0,single_list,YouGov/Economist,https://yougov.com/en-us/trackers/most-important-issues-facing-the-us
2025-10-27,dem,Taxes and government spending,0.04,365.0,single_list,YouGov/Economist,https://yougov.com/en-us/trackers/most-important-issues-facing-the-us
2025-10-27,dem,Terrorism,0.0,365.0,single_list,YouGov/Economist,https://yougov.com/en-us/trackers/most-important-issues-facing-the-us
2025-10-27,dem,The budget deficit,0.0,365.0,single_list,YouGov/Economist,https://yougov.com/en-us/trackers/most-important-issues-facing-the-us
2025-10-27,dem,The war in Afghanistan,0.0,365.0,single_list,YouGov/Economist,https://yougov.com/en-us/trackers/most-important-issues-facing-the-us
2025-10-27,dem,Inflation/prices,0.24,365.0,single_list,YouGov/Economist,https://yougov.com/en-us/trackers/most-important-issues-facing-the-us
2025-11-03,dem,Abortion,0.03,389.0,single_list,YouGov/Economist,https://yougov.com/en-us/trackers/most-important-issues-facing-the-us
2025-11-03,dem,Civil rights and civil liberties,0.24,389.0,single_list,YouGov/Economist,https://yougov.com/en-us/trackers/most-important-issues-facing-the-us
2025-11-03,dem,Climate change and the environment,0.06,389.0,single_list,YouGov/Economist,https://yougov.com/en-us/trackers/most-important-issues-facing-the-us
2025-11-03,dem,Crime and criminal justice reform,0.02,389.0,single_list,YouGov/Economist,https://yougov.com/en-us/trackers/most-important-issues-facing-the-us
2025-11-03,dem,Education,0.01,389.0,single_list,YouGov/Economist,https://yougov.com/en-us/trackers/most-important-issues-facing-the-us
2025-11-03,dem,Gay rights,0.0,389.0,single_list,YouGov/Economist,https://yougov.com/en-us/trackers/most-important-issues-facing-the-us
2025-11-03,dem,Gun control,0.02,389.0,single_list,YouGov/Economist,https://yougov.com/en-us/trackers/most-important-issues-facing-the-us
2025-11-03,dem,Health care,0.18,389.0,single_list,YouGov/Economist,https://yougov.com/en-us/trackers/most-important-issues-facing-the-us
2025-11-03,dem,Immigration,0.02,389.0,single_list,YouGov/Economist,https://yougov.com/en-us/trackers/most-important-issues-facing-the-us
2025-11-03,dem,Jobs and the economy,0.13,389.0,single_list,YouGov/Economist,https://yougov.com/en-us/trackers/most-important-issues-facing-the-us
2025-11-03,dem,Medicare,0.0,389.0,single_list,YouGov/Economist,https://yougov.com/en-us/trackers/most-important-issues-facing-the-us
2025-11-03,dem,National Security and foreign policy,0.02,389.0,single_list,YouGov/Economist,https://yougov.com/en-us/trackers/most-important-issues-facing-the-us
2025-11-03,dem,Social security,0.0,389.0,single_list,YouGov/Economist,https://yougov.com/en-us/trackers/most-important-issues-facing-the-us
2025-11-03,dem,Taxes and government spending,0.03,389.0,single_list,YouGov/Economist,https://yougov.com/en-us/trackers/most-important-issues-facing-the-us
2025-11-03,dem,Terrorism,0.0,389.0,single_list,YouGov/Economist,https://yougov.com/en-us/trackers/most-important-issues-facing-the-us
2025-11-03,dem,The budget deficit,0.0,389.0,single_list,YouGov/Economist,https://yougov.com/en-us/trackers/most-important-issues-facing-the-us
2025-11-03,dem,The war in Afghanistan,0.0,389.0,single_list,YouGov/Economist,https://yougov.com/en-us/trackers/most-important-issues-facing-the-us
2025-11-03,dem,Inflation/prices,0.23,389.0,single_list,YouGov/Economist,https://yougov.com/en-us/trackers/most-important-issues-facing-the-us
2025-11-10,dem,Abortion,0.02,769.0,single_list,YouGov/Economist,https://yougov.com/en-us/trackers/most-important-issues-facing-the-us
2025-11-10,dem,Civil rights and civil liberties,0.21,769.0,single_list,YouGov/Economist,https://yougov.com/en-us/trackers/most-important-issues-facing-the-us
2025-11-10,dem,Climate change and the environment,0.08,769.0,single_list,YouGov/Economist,https://yougov.com/en-us/trackers/most-important-issues-facing-the-us
2025-11-10,dem,Crime and criminal justice reform,0.02,769.0,single_list,YouGov/Economist,https://yougov.com/en-us/trackers/most-important-issues-facing-the-us
2025-11-10,dem,Education,0.03,769.0,single_list,YouGov/Economist,https://yougov.com/en-us/trackers/most-important-issues-facing-the-us
2025-11-10,dem,Gay rights,0.0,769.0,single_list,YouGov/Economist,https://yougov.com/en-us/trackers/most-important-issues-facing-the-us
2025-11-10,dem,Gun control,0.03,769.0,single_list,YouGov/Economist,https://yougov.com/en-us/trackers/most-important-issues-facing-the-us
2025-11-10,dem,Health care,0.18,769.0,single_list,YouGov/Economist,https://yougov.com/en-us/trackers/most-important-issues-facing-the-us
2025-11-10,dem,Immigration,0.01,769.0,single_list,YouGov/Economist,https://yougov.com/en-us/trackers/most-important-issues-facing-the-us
2025-11-10,dem,Jobs and the economy,0.13,769.0,single_list,YouGov/Economist,https://yougov.com/en-us/trackers/most-important-issues-facing-the-us
2025-11-10,dem,Medicare,0.0,769.0,single_list,YouGov/Economist,https://yougov.com/en-us/trackers/most-important-issues-facing-the-us
2025-11-10,dem,National Security and foreign policy,0.01,769.0,single_list,YouGov/Economist,https://yougov.com/en-us/trackers/most-important-issues-facing-the-us
2025-11-10,dem,Social security,0.0,769.0,single_list,YouGov/Economist,https://yougov.com/en-us/trackers/most-important-issues-facing-the-us
2025-11-10,dem,Taxes and government spending,0.03,769.0,single_list,YouGov/Economist,https://yougov.com/en-us/trackers/most-important-issues-facing-the-us
2025-11-10,dem,Terrorism,0.0,769.0,single_list,YouGov/Economist,https://yougov.com/en-us/trackers/most-important-issues-facing-the-us
2025-11-10,dem,The budget deficit,0.0,769.0,single_list,YouGov/Economist,https://yougov.com/en-us/trackers/most-important-issues-facing-the-us
2025-11-10,dem,The war in Afghanistan,0.0,769.0,single_list,YouGov/Economist,https://yougov.com/en-us/trackers/most-important-issues-facing-the-us
2025-11-10,dem,Inflation/prices,0.25,769.0,single_list,YouGov/Economist,https://yougov.com/en-us/trackers/most-important-issues-facing-the-us
2025-11-17,dem,Abortion,0.01,367.0,single_list,YouGov/Economist,https://yougov.com/en-us/trackers/most-important-issues-facing-the-us
2025-11-17,dem,Civil rights and civil liberties,0.22,367.0,single_list,YouGov/Economist,https://yougov.com/en-us/trackers/most-important-issues-facing-the-us
2025-11-17,dem,Climate change and the environment,0.09,367.0,single_list,YouGov/Economist,https://yougov.com/en-us/trackers/most-important-issues-facing-the-us
2025-11-17,dem,Crime and criminal justice reform,0.02,367.0,single_list,YouGov/Economist,https://yougov.com/en-us/trackers/most-important-issues-facing-the-us
2025-11-17,dem,Education,0.02,367.0,single_list,YouGov/Economist,https://yougov.com/en-us/trackers/most-important-issues-facing-the-us
2025-11-17,dem,Gay rights,0.0,367.0,single_list,YouGov/Economist,https://yougov.com/en-us/trackers/most-important-issues-facing-the-us
2025-11-17,dem,Gun control,0.01,367.0,single_list,YouGov/Economist,https://yougov.com/en-us/trackers/most-important-issues-facing-the-us
2025-11-17,dem,Health care,0.19,367.0,single_list,YouGov/Economist,https://yougov.com/en-us/trackers/most-important-issues-facing-the-us
2025-11-17,dem,Immigration,0.01,367.0,single_list,YouGov/Economist,https://yougov.com/en-us/trackers/most-important-issues-facing-the-us
2025-11-17,dem,Jobs and the economy,0.13,367.0,single_list,YouGov/Economist,https://yougov.com/en-us/trackers/most-important-issues-facing-the-us
2025-11-17,dem,Medicare,0.0,367.0,single_list,YouGov/Economist,https://yougov.com/en-us/trackers/most-important-issues-facing-the-us
2025-11-17,dem,National Security and foreign policy,0.02,367.0,single_list,YouGov/Economist,https://yougov.com/en-us/trackers/most-important-issues-facing-the-us
2025-11-17,dem,Social security,0.0,367.0,single_list,YouGov/Economist,https://yougov.com/en-us/trackers/most-important-issues-facing-the-us
2025-11-17,dem,Taxes and government spending,0.02,367.0,single_list,YouGov/Economist,https://yougov.com/en-us/trackers/most-important-issues-facing-the-us
2025-11-17,dem,Terrorism,0.0,367.0,single_list,YouGov/Economist,https://yougov.com/en-us/trackers/most-important-issues-facing-the-us
2025-11-17,dem,The budget deficit,0.0,367.0,single_list,YouGov/Economist,https://yougov.com/en-us/trackers/most-important-issues-facing-the-us
2025-11-17,dem,The war in Afghanistan,0.0,367.0,single_list,YouGov/Economist,https://yougov.com/en-us/trackers/most-important-issues-facing-the-us
2025-11-17,dem,Inflation/prices,0.26,367.0,single_list,YouGov/Economist,https://yougov.com/en-us/trackers/most-important-issues-facing-the-us
2025-11-24,dem,Abortion,0.02,390.0,single_list,YouGov/Economist,https://yougov.com/en-us/trackers/most-important-issues-facing-the-us
2025-11-24,dem,Civil rights and civil liberties,0.2,390.0,single_list,YouGov/Economist,https://yougov.com/en-us/trackers/most-important-issues-facing-the-us
2025-11-24,dem,Climate change and the environment,0.11,390.0,single_list,YouGov/Economist,https://yougov.com/en-us/trackers/most-important-issues-facing-the-us
2025-11-24,dem,Crime and criminal justice reform,0.03,390.0,single_list,YouGov/Economist,https://yougov.com/en-us/trackers/most-important-issues-facing-the-us
2025-11-24,dem,Education,0.05,390.0,single_list,YouGov/Economist,https://yougov.com/en-us/trackers/most-important-issues-facing-the-us
2025-11-24,dem,Gay rights,0.0,390.0,single_list,YouGov/Economist,https://yougov.com/en-us/trackers/most-important-issues-facing-the-us
2025-11-24,dem,Gun control,0.03,390.0,single_list,YouGov/Economist,https://yougov.com/en-us/trackers/most-important-issues-facing-the-us
2025-11-24,dem,Health care,0.14,390.0,single_list,YouGov/Economist,https://yougov.com/en-us/trackers/most-important-issues-facing-the-us
2025-11-24,dem,Immigration,0.01,390.0,single_list,YouGov/Economist,https://yougov.com/en-us/trackers/most-important-issues-facing-the-us
2025-11-24,dem,Jobs and the economy,0.12,390.0,single_list,YouGov/Economist,https://yougov.com/en-us/trackers/most-important-issues-facing-the-us
2025-11-24,dem,Medicare,0.0,390.0,single_list,YouGov/Economist,https://yougov.com/en-us/trackers/most-important-issues-facing-the-us
2025-11-24,dem,National Security and foreign policy,0.03,390.0,single_list,YouGov/Economist,https://yougov.com/en-us/trackers/most-important-issues-facing-the-us
2025-11-24,dem,Social security,0.0,390.0,single_list,YouGov/Economist,https://yougov.com/en-us/trackers/most-important-issues-facing-the-us
2025-11-24,dem,Taxes and government spending,0.03,390.0,single_list,YouGov/Economist,https://yougov.com/en-us/trackers/most-important-issues-facing-the-us
2025-11-24,dem,Terrorism,0.0,390.0,single_list,YouGov/Economist,https://yougov.com/en-us/trackers/most-important-issues-facing-the-us
2025-11-24,dem,The budget deficit,0.0,390.0,single_list,YouGov/Economist,https://yougov.com/en-us/trackers/most-important-issues-facing-the-us
2025-11-24,dem,The war in Afghanistan,0.0,390.0,single_list,YouGov/Economist,https://yougov.com/en-us/trackers/most-important-issues-facing-the-us
2025-11-24,dem,Inflation/prices,0.22,390.0,single_list,YouGov/Economist,https://yougov.com/en-us/trackers/most-important-issues-facing-the-us
2025-12-01,dem,Abortion,0.01,385.0,single_list,YouGov/Economist,https://yougov.com/en-us/trackers/most-important-issues-facing-the-us
2025-12-01,dem,Civil rights and civil liberties,0.22,385.0,single_list,YouGov/Economist,https://yougov.com/en-us/trackers/most-important-issues-facing-the-us
2025-12-01,dem,Climate change and the environment,0.08,385.0,single_list,YouGov/Economist,https://yougov.com/en-us/trackers/most-important-issues-facing-the-us
2025-12-01,dem,Crime and criminal justice reform,0.01,385.0,single_list,YouGov/Economist,https://yougov.com/en-us/trackers/most-important-issues-facing-the-us
2025-12-01,dem,Education,0.02,385.0,single_list,YouGov/Economist,https://yougov.com/en-us/trackers/most-important-issues-facing-the-us
2025-12-01,dem,Gay rights,0.0,385.0,single_list,YouGov/Economist,https://yougov.com/en-us/trackers/most-important-issues-facing-the-us
2025-12-01,dem,Gun control,0.04,385.0,single_list,YouGov/Economist,https://yougov.com/en-us/trackers/most-important-issues-facing-the-us
2025-12-01,dem,Health care,0.17,385.0,single_list,YouGov/Economist,https://yougov.com/en-us/trackers/most-important-issues-facing-the-us
2025-12-01,dem,Immigration,0.02,385.0,single_list,YouGov/Economist,https://yougov.com/en-us/trackers/most-important-issues-facing-the-us
2025-12-01,dem,Jobs and the economy,0.13,385.0,single_list,YouGov/Economist,https://yougov.com/en-us/trackers/most-important-issues-facing-the-us
2025-12-01,dem,Medicare,0.0,385.0,single_list,YouGov/Economist,https://yougov.com/en-us/trackers/most-important-issues-facing-the-us
2025-12-01,dem,National Security and foreign policy,0.04,385.0,single_list,YouGov/Economist,https://yougov.com/en-us/trackers/most-important-issues-facing-the-us
2025-12-01,dem,Social security,0.0,385.0,single_list,YouGov/Economist,https://yougov.com/en-us/trackers/most-important-issues-facing-the-us
2025-12-01,dem,Taxes and government spending,0.03,385.0,single_list,YouGov/Economist,https://yougov.com/en-us/trackers/most-important-issues-facing-the-us
2025-12-01,dem,Terrorism,0.0,385.0,single_list,YouGov/Economist,https://yougov.com/en-us/trackers/most-important-issues-facing-the-us
2025-12-01,dem,The budget deficit,0.0,385.0,single_list,YouGov/Economist,https://yougov.com/en-us/trackers/most-important-issues-facing-the-us
2025-12-01,dem,The war in Afghanistan,0.0,385.0,single_list,YouGov/Economist,https://yougov.com/en-us/trackers/most-important-issues-facing-the-us
2025-12-01,dem,Inflation/prices,0.22,385.0,single_list,YouGov/Economist,https://yougov.com/en-us/trackers/most-important-issues-facing-the-us
2025-12-08,dem,Abortion,0.03,355.0,single_list,YouGov/Economist,https://yougov.com/en-us/trackers/most-important-issues-facing-the-us
2025-12-08,dem,Civil rights and civil liberties,0.15,355.0,single_list,YouGov/Economist,https://yougov.com/en-us/trackers/most-important-issues-facing-the-us
2025-12-08,dem,Climate change and the environment,0.08,355.0,single_list,YouGov/Economist,https://yougov.com/en-us/trackers/most-important-issues-facing-the-us
2025-12-08,dem,Crime and criminal justice reform,0.03,355.0,single_list,YouGov/Economist,https://yougov.com/en-us/trackers/most-important-issues-facing-the-us
2025-12-08,dem,Education,0.02,355.0,single_list,YouGov/Economist,https://yougov.com/en-us/trackers/most-important-issues-facing-the-us
2025-12-08,dem,Gay rights,0.0,355.0,single_list,YouGov/Economist,https://yougov.com/en-us/trackers/most-important-issues-facing-the-us
2025-12-08,dem,Gun control,0.03,355.0,single_list,YouGov/Economist,https://yougov.com/en-us/trackers/most-important-issues-facing-the-us
2025-12-08,dem,Health care,0.19,355.0,single_list,YouGov/Economist,https://yougov.com/en-us/trackers/most-important-issues-facing-the-us
2025-12-08,dem,Immigration,0.03,355.0,single_list,YouGov/Economist,https://yougov.com/en-us/trackers/most-important-issues-facing-the-us
2025-12-08,dem,Jobs and the economy,0.11,355.0,single_list,YouGov/Economist,https://yougov.com/en-us/trackers/most-important-issues-facing-the-us
2025-12-08,dem,Medicare,0.0,355.0,single_list,YouGov/Economist,https://yougov.com/en-us/trackers/most-important-issues-facing-the-us
2025-12-08,dem,National Security and foreign policy,0.01,355.0,single_list,YouGov/Economist,https://yougov.com/en-us/trackers/most-important-issues-facing-the-us
2025-12-08,dem,Social security,0.0,355.0,single_list,YouGov/Economist,https://yougov.com/en-us/trackers/most-important-issues-facing-the-us
2025-12-08,dem,Taxes and government spending,0.04,355.0,single_list,YouGov/Economist,https://yougov.com/en-us/trackers/most-important-issues-facing-the-us
2025-12-08,dem,Terrorism,0.0,355.0,single_list,YouGov/Economist,https://yougov.com/en-us/trackers/most-important-issues-facing-the-us
2025-12-08,dem,The budget deficit,0.0,355.0,single_list,YouGov/Economist,https://yougov.com/en-us/trackers/most-important-issues-facing-the-us
2025-12-08,dem,The war in Afghanistan,0.0,355.0,single_list,YouGov/Economist,https://yougov.com/en-us/trackers/most-important-issues-facing-the-us
2025-12-08,dem,Inflation/prices,0.29,355.0,single_list,YouGov/Economist,https://yougov.com/en-us/trackers/most-important-issues-facing-the-us
2025-12-15,dem,Abortion,0.02,378.0,single_list,YouGov/Economist,https://yougov.com/en-us/trackers/most-important-issues-facing-the-us
2025-12-15,dem,Civil rights and civil liberties,0.19,378.0,single_list,YouGov/Economist,https://yougov.com/en-us/trackers/most-important-issues-facing-the-us
2025-12-15,dem,Climate change and the environment,0.11,378.0,single_list,YouGov/Economist,https://yougov.com/en-us/trackers/most-important-issues-facing-the-us
2025-12-15,dem,Crime and criminal justice reform,0.02,378.0,single_list,YouGov/Economist,https://yougov.com/en-us/trackers/most-important-issues-facing-the-us
2025-12-15,dem,Education,0.03,378.0,single_list,YouGov/Economist,https://yougov.com/en-us/trackers/most-important-issues-facing-the-us
2025-12-15,dem,Gay rights,0.0,378.0,single_list,YouGov/Economist,https://yougov.com/en-us/trackers/most-important-issues-facing-the-us
2025-12-15,dem,Gun control,0.03,378.0,single_list,YouGov/Economist,https://yougov.com/en-us/trackers/most-important-issues-facing-the-us
2025-12-15,dem,Health care,0.18,378.0,single_list,YouGov/Economist,https://yougov.com/en-us/trackers/most-important-issues-facing-the-us
2025-12-15,dem,Immigration,0.01,378.0,single_list,YouGov/Economist,https://yougov.com/en-us/trackers/most-important-issues-facing-the-us
2025-12-15,dem,Jobs and the economy,0.1,378.0,single_list,YouGov/Economist,https://yougov.com/en-us/trackers/most-important-issues-facing-the-us
2025-12-15,dem,Medicare,0.0,378.0,single_list,YouGov/Economist,https://yougov.com/en-us/trackers/most-important-issues-facing-the-us
2025-12-15,dem,National Security and foreign policy,0.02,378.0,single_list,YouGov/Economist,https://yougov.com/en-us/trackers/most-important-issues-facing-the-us
2025-12-15,dem,Social security,0.0,378.0,single_list,YouGov/Economist,https://yougov.com/en-us/trackers/most-important-issues-facing-the-us
2025-12-15,dem,Taxes and government spending,0.02,378.0,single_list,YouGov/Economist,https://yougov.com/en-us/trackers/most-important-issues-facing-the-us
2025-12-15,dem,Terrorism,0.0,378.0,single_list,YouGov/Economist,https://yougov.com/en-us/trackers/most-important-issues-facing-the-us
2025-12-15,dem,The budget deficit,0.0,378.0,single_list,YouGov/Economist,https://yougov.com/en-us/trackers/most-important-issues-facing-the-us
2025-12-15,dem,The war in Afghanistan,0.0,378.0,single_list,YouGov/Economist,https://yougov.com/en-us/trackers/most-important-issues-facing-the-us
2025-12-15,dem,Inflation/prices,0.27,378.0,single_list,YouGov/Economist,https://yougov.com/en-us/trackers/most-important-issues-facing-the-us
2025-12-22,dem,Abortion,0.04,370.0,single_list,YouGov/Economist,https://yougov.com/en-us/trackers/most-important-issues-facing-the-us
2025-12-22,dem,Civil rights and civil liberties,0.18,370.0,single_list,YouGov/Economist,https://yougov.com/en-us/trackers/most-important-issues-facing-the-us
2025-12-22,dem,Climate change and the environment,0.07,370.0,single_list,YouGov/Economist,https://yougov.com/en-us/trackers/most-important-issues-facing-the-us
2025-12-22,dem,Crime and criminal justice reform,0.02,370.0,single_list,YouGov/Economist,https://yougov.com/en-us/trackers/most-important-issues-facing-the-us
2025-12-22,dem,Education,0.02,370.0,single_list,YouGov/Economist,https://yougov.com/en-us/trackers/most-important-issues-facing-the-us
2025-12-22,dem,Gay rights,0.0,370.0,single_list,YouGov/Economist,https://yougov.com/en-us/trackers/most-important-issues-facing-the-us
2025-12-22,dem,Gun control,0.03,370.0,single_list,YouGov/Economist,https://yougov.com/en-us/trackers/most-important-issues-facing-the-us
2025-12-22,dem,Health care,0.19,370.0,single_list,YouGov/Economist,https://yougov.com/en-us/trackers/most-important-issues-facing-the-us
2025-12-22,dem,Immigration,0.03,370.0,single_list,YouGov/Economist,https://yougov.com/en-us/trackers/most-important-issues-facing-the-us
2025-12-22,dem,Jobs and the economy,0.16,370.0,single_list,YouGov/Economist,https://yougov.com/en-us/trackers/most-important-issues-facing-the-us
2025-12-22,dem,Medicare,0.0,370.0,single_list,YouGov/Economist,https://yougov.com/en-us/trackers/most-important-issues-facing-the-us
2025-12-22,dem,National Security and foreign policy,0.02,370.0,single_list,YouGov/Economist,https://yougov.com/en-us/trackers/most-important-issues-facing-the-us
2025-12-22,dem,Social security,0.0,370.0,single_list,YouGov/Economist,https://yougov.com/en-us/trackers/most-important-issues-facing-the-us
2025-12-22,dem,Taxes and government spending,0.03,370.0,single_list,YouGov/Economist,https://yougov.com/en-us/trackers/most-important-issues-facing-the-us
2025-12-22,dem,Terrorism,0.0,370.0,single_list,YouGov/Economist,https://yougov.com/en-us/trackers/most-important-issues-facing-the-us
2025-12-22,dem,The budget deficit,0.0,370.0,single_list,YouGov/Economist,https://yougov.com/en-us/trackers/most-important-issues-facing-the-us
2025-12-22,dem,The war in Afghanistan,0.0,370.0,single_list,YouGov/Economist,https://yougov.com/en-us/trackers/most-important-issues-facing-the-us
2025-12-22,dem,Inflation/prices,0.21,370.0,single_list,YouGov/Economist,https://yougov.com/en-us/trackers/most-important-issues-facing-the-us
2026-01-05,dem,Abortion,0.01,370.0,single_list,YouGov/Economist,https://yougov.com/en-us/trackers/most-important-issues-facing-the-us
2026-01-05,dem,Civil rights and civil liberties,0.16,370.0,single_list,YouGov/Economist,https://yougov.com/en-us/trackers/most-important-issues-facing-the-us
2026-01-05,dem,Climate change and the environment,0.09,370.0,single_list,YouGov/Economist,https://yougov.com/en-us/trackers/most-important-issues-facing-the-us
2026-01-05,dem,Crime and criminal justice reform,0.02,370.0,single_list,YouGov/Economist,https://yougov.com/en-us/trackers/most-important-issues-facing-the-us
2026-01-05,dem,Education,0.02,370.0,single_list,YouGov/Economist,https://yougov.com/en-us/trackers/most-important-issues-facing-the-us
2026-01-05,dem,Gay rights,0.0,370.0,single_list,YouGov/Economist,https://yougov.com/en-us/trackers/most-important-issues-facing-the-us
2026-01-05,dem,Gun control,0.03,370.0,single_list,YouGov/Economist,https://yougov.com/en-us/trackers/most-important-issues-facing-the-us
2026-01-05,dem,Health care,0.2,370.0,single_list,YouGov/Economist,https://yougov.com/en-us/trackers/most-important-issues-facing-the-us
2026-01-05,dem,Immigration,0.03,370.0,single_list,YouGov/Economist,https://yougov.com/en-us/trackers/most-important-issues-facing-the-us
2026-01-05,dem,Jobs and the economy,0.13,370.0,single_list,YouGov/Economist,https://yougov.com/en-us/trackers/most-important-issues-facing-the-us
2026-01-05,dem,Medicare,0.0,370.0,single_list,YouGov/Economist,https://yougov.com/en-us/trackers/most-important-issues-facing-the-us
2026-01-05,dem,National Security and foreign policy,0.01,370.0,single_list,YouGov/Economist,https://yougov.com/en-us/trackers/most-important-issues-facing-the-us
2026-01-05,dem,Social security,0.0,370.0,single_list,YouGov/Economist,https://yougov.com/en-us/trackers/most-important-issues-facing-the-us
2026-01-05,dem,Taxes and government spending,0.03,370.0,single_list,YouGov/Economist,https://yougov.com/en-us/trackers/most-important-issues-facing-the-us
2026-01-05,dem,Terrorism,0.0,370.0,single_list,YouGov/Economist,https://yougov.com/en-us/trackers/most-important-issues-facing-the-us
2026-01-05,dem,The budget deficit,0.0,370.0,single_list,YouGov/Economist,https://yougov.com/en-us/trackers/most-important-issues-facing-the-us
2026-01-05,dem,The war in Afghanistan,0.0,370.0,single_list,YouGov/Economist,https://yougov.com/en-us/trackers/most-important-issues-facing-the-us
2026-01-05,dem,Inflation/prices,0.26,370.0,single_list,YouGov/Economist,https://yougov.com/en-us/trackers/most-important-issues-facing-the-us
2026-01-12,dem,Abortion,0.01,382.0,single_list,YouGov/Economist,https://yougov.com/en-us/trackers/most-important-issues-facing-the-us
2026-01-12,dem,Civil rights and civil liberties,0.3,382.0,single_list,YouGov/Economist,https://yougov.com/en-us/trackers/most-important-issues-facing-the-us
2026-01-12,dem,Climate change and the environment,0.08,382.0,single_list,YouGov/Economist,https://yougov.com/en-us/trackers/most-important-issues-facing-the-us
2026-01-12,dem,Crime and criminal justice reform,0.02,382.0,single_list,YouGov/Economist,https://yougov.com/en-us/trackers/most-important-issues-facing-the-us
2026-01-12,dem,Education,0.02,382.0,single_list,YouGov/Economist,https://yougov.com/en-us/trackers/most-important-issues-facing-the-us
2026-01-12,dem,Gay rights,0.0,382.0,single_list,YouGov/Economist,https://yougov.com/en-us/trackers/most-important-issues-facing-the-us
2026-01-12,dem,Gun control,0.03,382.0,single_list,YouGov/Economist,https://yougov.com/en-us/trackers/most-important-issues-facing-the-us
2026-01-12,dem,Health care,0.15,382.0,single_list,YouGov/Economist,https://yougov.com/en-us/trackers/most-important-issues-facing-the-us
2026-01-12,dem,Immigration,0.03,382.0,single_list,YouGov/Economist,https://yougov.com/en-us/trackers/most-important-issues-facing-the-us
2026-01-12,dem,Jobs and the economy,0.1,382.0,single_list,YouGov/Economist,https://yougov.com/en-us/trackers/most-important-issues-facing-the-us
2026-01-12,dem,Medicare,0.0,382.0,single_list,YouGov/Economist,https://yougov.com/en-us/trackers/most-important-issues-facing-the-us
2026-01-12,dem,National Security and foreign policy,0.03,382.0,single_list,YouGov/Economist,https://yougov.com/en-us/trackers/most-important-issues-facing-the-us
2026-01-12,dem,Social security,0.0,382.0,single_list,YouGov/Economist,https://yougov.com/en-us/trackers/most-important-issues-facing-the-us
2026-01-12,dem,Taxes and government spending,0.02,382.0,single_list,YouGov/Economist,https://yougov.com/en-us/trackers/most-important-issues-facing-the-us
2026-01-12,dem,Terrorism,0.0,382.0,single_list,YouGov/Economist,https://yougov.com/en-us/trackers/most-important-issues-facing-the-us
2026-01-12,dem,The budget deficit,0.0,382.0,single_list,YouGov/Economist,https://yougov.com/en-us/trackers/most-important-issues-facing-the-us
2026-01-12,dem,The war in Afghanistan,0.0,382.0,single_list,YouGov/Economist,https://yougov.com/en-us/trackers/most-important-issues-facing-the-us
2026-01-12,dem,Inflation/prices,0.21,382.0,single_list,YouGov/Economist,https://yougov.com/en-us/trackers/most-important-issues-facing-the-us
2026-01-19,dem,Abortion,0.01,402.0,single_list,YouGov/Economist,https://yougov.com/en-us/trackers/most-important-issues-facing-the-us
2026-01-19,dem,Civil rights and civil liberties,0.26,402.0,single_list,YouGov/Economist,https://yougov.com/en-us/trackers/most-important-issues-facing-the-us
2026-01-19,dem,Climate change and the environment,0.08,402.0,single_list,YouGov/Economist,https://yougov.com/en-us/trackers/most-important-issues-facing-the-us
2026-01-19,dem,Crime and criminal justice reform,0.02,402.0,single_list,YouGov/Economist,https://yougov.com/en-us/trackers/most-important-issues-facing-the-us
2026-01-19,dem,Education,0.01,402.0,single_list,YouGov/Economist,https://yougov.com/en-us/trackers/most-important-issues-facing-the-us
2026-01-19,dem,Gay rights,0.0,402.0,single_list,YouGov/Economist,https://yougov.com/en-us/trackers/most-important-issues-facing-the-us
2026-01-19,dem,Gun control,0.03,402.0,single_list,YouGov/Economist,https://yougov.com/en-us/trackers/most-important-issues-facing-the-us
2026-01-19,dem,Health care,0.19,402.0,single_list,YouGov/Economist,https://yougov.com/en-us/trackers/most-important-issues-facing-the-us
2026-01-19,dem,Immigration,0.04,402.0,single_list,YouGov/Economist,https://yougov.com/en-us/trackers/most-important-issues-facing-the-us
2026-01-19,dem,Jobs and the economy,0.12,402.0,single_list,YouGov/Economist,https://yougov.com/en-us/trackers/most-important-issues-facing-the-us
2026-01-19,dem,Medicare,0.0,402.0,single_list,YouGov/Economist,https://yougov.com/en-us/trackers/most-important-issues-facing-the-us
2026-01-19,dem,National Security and foreign policy,0.03,402.0,single_list,YouGov/Economist,https://yougov.com/en-us/trackers/most-important-issues-facing-the-us
2026-01-19,dem,Social security,0.0,402.0,single_list,YouGov/Economist,https://yougov.com/en-us/trackers/most-important-issues-facing-the-us
2026-01-19,dem,Taxes and government spending,0.01,402.0,single_list,YouGov/Economist,https://yougov.com/en-us/trackers/most-important-issues-facing-the-us
2026-01-19,dem,Terrorism,0.0,402.0,single_list,YouGov/Economist,https://yougov.com/en-us/trackers/most-important-issues-facing-the-us
2026-01-19,dem,The budget deficit,0.0,402.0,single_list,YouGov/Economist,https://yougov.com/en-us/trackers/most-important-issues-facing-the-us
2026-01-19,dem,The war in Afghanistan,0.0,402.0,single_list,YouGov/Economist,https://yougov.com/en-us/trackers/most-important-issues-facing-the-us
2026-01-19,dem,Inflation/prices,0.19,402.0,single_list,YouGov/Economist,https://yougov.com/en-us/trackers/most-important-issues-facing-the-us
2026-01-26,dem,Abortion,0.01,386.0,single_list,YouGov/Economist,https://yougov.com/en-us/trackers/most-important-issues-facing-the-us
2026-01-26,dem,Civil rights and civil liberties,0.29,386.0,single_list,YouGov/Economist,https://yougov.com/en-us/trackers/most-important-issues-facing-the-us
2026-01-26,dem,Climate change and the environment,0.09,386.0,single_list,YouGov/Economist,https://yougov.com/en-us/trackers/most-important-issues-facing-the-us
2026-01-26,dem,Crime and criminal justice reform,0.02,386.0,single_list,YouGov/Economist,https://yougov.com/en-us/trackers/most-important-issues-facing-the-us
2026-01-26,dem,Education,0.04,386.0,single_list,YouGov/Economist,https://yougov.com/en-us/trackers/most-important-issues-facing-the-us
2026-01-26,dem,Gay rights,0.0,386.0,single_list,YouGov/Economist,https://yougov.com/en-us/trackers/most-important-issues-facing-the-us
2026-01-26,dem,Gun control,0.02,386.0,single_list,YouGov/Economist,https://yougov.com/en-us/trackers/most-important-issues-facing-the-us
2026-01-26,dem,Health care,0.13,386.0,single_list,YouGov/Economist,https://yougov.com/en-us/trackers/most-important-issues-facing-the-us
2026-01-26,dem,Immigration,0.05,386.0,single_list,YouGov/Economist,https://yougov.com/en-us/trackers/most-important-issues-facing-the-us
2026-01-26,dem,Jobs and the economy,0.12,386.0,single_list,YouGov/Economist,https://yougov.com/en-us/trackers/most-important-issues-facing-the-us
2026-01-26,dem,Medicare,0.0,386.0,single_list,YouGov/Economist,https://yougov.com/en-us/trackers/most-important-issues-facing-the-us
2026-01-26,dem,National Security and foreign policy,0.02,386.0,single_list,YouGov/Economist,https://yougov.com/en-us/trackers/most-important-issues-facing-the-us
2026-01-26,dem,Social security,0.0,386.0,single_list,YouGov/Economist,https://yougov.com/en-us/trackers/most-important-issues-facing-the-us
2026-01-26,dem,Taxes and government spending,0.02,386.0,single_list,YouGov/Economist,https://yougov.com/en-us/trackers/most-important-issues-facing-the-us
2026-01-26,dem,Terrorism,0.0,386.0,single_list,YouGov/Economist,https://yougov.com/en-us/trackers/most-important-issues-facing-the-us
2026-01-26,dem,The budget deficit,0.0,386.0,single_list,YouGov/Economist,https://yougov.com/en-us/trackers/most-important-issues-facing-the-us
2026-01-26,dem,The war in Afghanistan,0.0,386.0,single_list,YouGov/Economist,https://yougov.com/en-us/trackers/most-important-issues-facing-the-us
2026-01-26,dem,Inflation/prices,0.18,386.0,single_list,YouGov/Economist,https://yougov.com/en-us/trackers/most-important-issues-facing-the-us
2026-02-02,dem,Abortion,0.02,392.0,single_list,YouGov/Economist,https://yougov.com/en-us/trackers/most-important-issues-facing-the-us
2026-02-02,dem,Civil rights and civil liberties,0.31,392.0,single_list,YouGov/Economist,https://yougov.com/en-us/trackers/most-important-issues-facing-the-us
2026-02-02,dem,Climate change and the environment,0.1,392.0,single_list,YouGov/Economist,https://yougov.com/en-us/trackers/most-important-issues-facing-the-us
2026-02-02,dem,Crime and criminal justice reform,0.01,392.0,single_list,YouGov/Economist,https://yougov.com/en-us/trackers/most-important-issues-facing-the-us
2026-02-02,dem,Education,0.02,392.0,single_list,YouGov/Economist,https://yougov.com/en-us/trackers/most-important-issues-facing-the-us
2026-02-02,dem,Gay rights,0.0,392.0,single_list,YouGov/Economist,https://yougov.com/en-us/trackers/most-important-issues-facing-the-us
2026-02-02,dem,Gun control,0.03,392.0,single_list,YouGov/Economist,https://yougov.com/en-us/trackers/most-important-issues-facing-the-us
2026-02-02,dem,Health care,0.11,392.0,single_list,YouGov/Economist,https://yougov.com/en-us/trackers/most-important-issues-facing-the-us
2026-02-02,dem,Immigration,0.04,392.0,single_list,YouGov/Economist,https://yougov.com/en-us/trackers/most-important-issues-facing-the-us
2026-02-02,dem,Jobs and the economy,0.11,392.0,single_list,YouGov/Economist,https://yougov.com/en-us/trackers/most-important-issues-facing-the-us
2026-02-02,dem,Medicare,0.0,392.0,single_list,YouGov/Economist,https://yougov.com/en-us/trackers/most-important-issues-facing-the-us
2026-02-02,dem,National Security and foreign policy,0.03,392.0,single_list,YouGov/Economist,https://yougov.com/en-us/trackers/most-important-issues-facing-the-us
2026-02-02,dem,Social security,0.0,392.0,single_list,YouGov/Economist,https://yougov.com/en-us/trackers/most-important-issues-facing-the-us
2026-02-02,dem,Taxes and government spending,0.01,392.0,single_list,YouGov/Economist,https://yougov.com/en-us/trackers/most-important-issues-facing-the-us
2026-02-02,dem,Terrorism,0.0,392.0,single_list,YouGov/Economist,https://yougov.com/en-us/trackers/most-important-issues-facing-the-us
2026-02-02,dem,The budget deficit,0.0,392.0,single_list,YouGov/Economist,https://yougov.com/en-us/trackers/most-important-issues-facing-the-us
2026-02-02,dem,The war in Afghanistan,0.0,392.0,single_list,YouGov/Economist,https://yougov.com/en-us/trackers/most-important-issues-facing-the-us
2026-02-02,dem,Inflation/prices,0.19,392.0,single_list,YouGov/Economist,https://yougov.com/en-us/trackers/most-important-issues-facing-the-us
2026-02-09,dem,Abortion,0.01,382.0,single_list,YouGov/Economist,https://yougov.com/en-us/trackers/most-important-issues-facing-the-us
2026-02-09,dem,Civil rights and civil liberties,0.24,382.0,single_list,YouGov/Economist,https://yougov.com/en-us/trackers/most-important-issues-facing-the-us
2026-02-09,dem,Climate change and the environment,0.09,382.0,single_list,YouGov/Economist,https://yougov.com/en-us/trackers/most-important-issues-facing-the-us
2026-02-09,dem,Crime and criminal justice reform,0.02,382.0,single_list,YouGov/Economist,https://yougov.com/en-us/trackers/most-important-issues-facing-the-us
2026-02-09,dem,Education,0.02,382.0,single_list,YouGov/Economist,https://yougov.com/en-us/trackers/most-important-issues-facing-the-us
2026-02-09,dem,Gay rights,0.0,382.0,single_list,YouGov/Economist,https://yougov.com/en-us/trackers/most-important-issues-facing-the-us
2026-02-09,dem,Gun control,0.03,382.0,single_list,YouGov/Economist,https://yougov.com/en-us/trackers/most-important-issues-facing-the-us
2026-02-09,dem,Health care,0.15,382.0,single_list,YouGov/Economist,https://yougov.com/en-us/trackers/most-important-issues-facing-the-us
2026-02-09,dem,Immigration,0.03,382.0,single_list,YouGov/Economist,https://yougov.com/en-us/trackers/most-important-issues-facing-the-us
2026-02-09,dem,Jobs and the economy,0.11,382.0,single_list,YouGov/Economist,https://yougov.com/en-us/trackers/most-important-issues-facing-the-us
2026-02-09,dem,Medicare,0.0,382.0,single_list,YouGov/Economist,https://yougov.com/en-us/trackers/most-important-issues-facing-the-us
2026-02-09,dem,National Security and foreign policy,0.02,382.0,single_list,YouGov/Economist,https://yougov.com/en-us/trackers/most-important-issues-facing-the-us
2026-02-09,dem,Social security,0.0,382.0,single_list,YouGov/Economist,https://yougov.com/en-us/trackers/most-important-issues-facing-the-us
2026-02-09,dem,Taxes and government spending,0.05,382.0,single_list,YouGov/Economist,https://yougov.com/en-us/trackers/most-important-issues-facing-the-us
2026-02-09,dem,Terrorism,0.0,382.0,single_list,YouGov/Economist,https://yougov.com/en-us/trackers/most-important-issues-facing-the-us
2026-02-09,dem,The budget deficit,0.0,382.0,single_list,YouGov/Economist,https://yougov.com/en-us/trackers/most-important-issues-facing-the-us
2026-02-09,dem,The war in Afghanistan,0.0,382.0,single_list,YouGov/Economist,https://yougov.com/en-us/trackers/most-important-issues-facing-the-us
2026-02-09,dem,Inflation/prices,0.23,382.0,single_list,YouGov/Economist,https://yougov.com/en-us/trackers/most-important-issues-facing-the-us
2026-02-16,dem,Abortion,0.04,417.0,single_list,YouGov/Economist,https://yougov.com/en-us/trackers/most-important-issues-facing-the-us
2026-02-16,dem,Civil rights and civil liberties,0.25,417.0,single_list,YouGov/Economist,https://yougov.com/en-us/trackers/most-important-issues-facing-the-us
2026-02-16,dem,Climate change and the environment,0.1,417.0,single_list,YouGov/Economist,https://yougov.com/en-us/trackers/most-important-issues-facing-the-us
2026-02-16,dem,Crime and criminal justice reform,0.03,417.0,single_list,YouGov/Economist,https://yougov.com/en-us/trackers/most-important-issues-facing-the-us
2026-02-16,dem,Education,0.02,417.0,single_list,YouGov/Economist,https://yougov.com/en-us/trackers/most-important-issues-facing-the-us
2026-02-16,dem,Gay rights,0.0,417.0,single_list,YouGov/Economist,https://yougov.com/en-us/trackers/most-important-issues-facing-the-us
2026-02-16,dem,Gun control,0.02,417.0,single_list,YouGov/Economist,https://yougov.com/en-us/trackers/most-important-issues-facing-the-us
2026-02-16,dem,Health care,0.14,417.0,single_list,YouGov/Economist,https://yougov.com/en-us/trackers/most-important-issues-facing-the-us
2026-02-16,dem,Immigration,0.03,417.0,single_list,YouGov/Economist,https://yougov.com/en-us/trackers/most-important-issues-facing-the-us
2026-02-16,dem,Jobs and the economy,0.14,417.0,single_list,YouGov/Economist,https://yougov.com/en-us/trackers/most-important-issues-facing-the-us
2026-02-16,dem,Medicare,0.0,417.0,single_list,YouGov/Economist,https://yougov.com/en-us/trackers/most-important-issues-facing-the-us
2026-02-16,dem,National Security and foreign policy,0.03,417.0,single_list,YouGov/Economist,https://yougov.com/en-us/trackers/most-important-issues-facing-the-us
2026-02-16,dem,Social security,0.0,417.0,single_list,YouGov/Economist,https://yougov.com/en-us/trackers/most-important-issues-facing-the-us
2026-02-16,dem,Taxes and government spending,0.02,417.0,single_list,YouGov/Economist,https://yougov.com/en-us/trackers/most-important-issues-facing-the-us
2026-02-16,dem,Terrorism,0.0,417.0,single_list,YouGov/Economist,https://yougov.com/en-us/trackers/most-important-issues-facing-the-us
2026-02-16,dem,The budget deficit,0.0,417.0,single_list,YouGov/Economist,https://yougov.com/en-us/trackers/most-important-issues-facing-the-us
2026-02-16,dem,The war in Afghanistan,0.0,417.0,single_list,YouGov/Economist,https://yougov.com/en-us/trackers/most-important-issues-facing-the-us
2026-02-16,dem,Inflation/prices,0.19,417.0,single_list,YouGov/Economist,https://yougov.com/en-us/trackers/most-important-issues-facing-the-us
2026-02-23,dem,Abortion,0.01,373.0,single_list,YouGov/Economist,https://yougov.com/en-us/trackers/most-important-issues-facing-the-us
2026-02-23,dem,Civil rights and civil liberties,0.24,373.0,single_list,YouGov/Economist,https://yougov.com/en-us/trackers/most-important-issues-facing-the-us
2026-02-23,dem,Climate change and the environment,0.1,373.0,single_list,YouGov/Economist,https://yougov.com/en-us/trackers/most-important-issues-facing-the-us
2026-02-23,dem,Crime and criminal justice reform,0.01,373.0,single_list,YouGov/Economist,https://yougov.com/en-us/trackers/most-important-issues-facing-the-us
2026-02-23,dem,Education,0.01,373.0,single_list,YouGov/Economist,https://yougov.com/en-us/trackers/most-important-issues-facing-the-us
2026-02-23,dem,Gay rights,0.0,373.0,single_list,YouGov/Economist,https://yougov.com/en-us/trackers/most-important-issues-facing-the-us
2026-02-23,dem,Gun control,0.03,373.0,single_list,YouGov/Economist,https://yougov.com/en-us/trackers/most-important-issues-facing-the-us
2026-02-23,dem,Health care,0.14,373.0,single_list,YouGov/Economist,https://yougov.com/en-us/trackers/most-important-issues-facing-the-us
2026-02-23,dem,Immigration,0.03,373.0,single_list,YouGov/Economist,https://yougov.com/en-us/trackers/most-important-issues-facing-the-us
2026-02-23,dem,Jobs and the economy,0.13,373.0,single_list,YouGov/Economist,https://yougov.com/en-us/trackers/most-important-issues-facing-the-us
2026-02-23,dem,Medicare,0.0,373.0,single_list,YouGov/Economist,https://yougov.com/en-us/trackers/most-important-issues-facing-the-us
2026-02-23,dem,National Security and foreign policy,0.03,373.0,single_list,YouGov/Economist,https://yougov.com/en-us/trackers/most-important-issues-facing-the-us
2026-02-23,dem,Social security,0.0,373.0,single_list,YouGov/Economist,https://yougov.com/en-us/trackers/most-important-issues-facing-the-us
2026-02-23,dem,Taxes and government spending,0.04,373.0,single_list,YouGov/Economist,https://yougov.com/en-us/trackers/most-important-issues-facing-the-us
2026-02-23,dem,Terrorism,0.0,373.0,single_list,YouGov/Economist,https://yougov.com/en-us/trackers/most-important-issues-facing-the-us
2026-02-23,dem,The budget deficit,0.0,373.0,single_list,YouGov/Economist,https://yougov.com/en-us/trackers/most-important-issues-facing-the-us
2026-02-23,dem,The war in Afghanistan,0.0,373.0,single_list,YouGov/Economist,https://yougov.com/en-us/trackers/most-important-issues-facing-the-us
2026-02-23,dem,Inflation/prices,0.22,373.0,single_list,YouGov/Economist,https://yougov.com/en-us/trackers/most-important-issues-facing-the-us
2026-03-02,dem,Abortion,0.02,380.0,single_list,YouGov/Economist,https://yougov.com/en-us/trackers/most-important-issues-facing-the-us
2026-03-02,dem,Civil rights and civil liberties,0.24,380.0,single_list,YouGov/Economist,https://yougov.com/en-us/trackers/most-important-issues-facing-the-us
2026-03-02,dem,Climate change and the environment,0.1,380.0,single_list,YouGov/Economist,https://yougov.com/en-us/trackers/most-important-issues-facing-the-us
2026-03-02,dem,Crime and criminal justice reform,0.02,380.0,single_list,YouGov/Economist,https://yougov.com/en-us/trackers/most-important-issues-facing-the-us
2026-03-02,dem,Education,0.05,380.0,single_list,YouGov/Economist,https://yougov.com/en-us/trackers/most-important-issues-facing-the-us
2026-03-02,dem,Gay rights,0.0,380.0,single_list,YouGov/Economist,https://yougov.com/en-us/trackers/most-important-issues-facing-the-us
2026-03-02,dem,Gun control,0.04,380.0,single_list,YouGov/Economist,https://yougov.com/en-us/trackers/most-important-issues-facing-the-us
2026-03-02,dem,Health care,0.15,380.0,single_list,YouGov/Economist,https://yougov.com/en-us/trackers/most-important-issues-facing-the-us
2026-03-02,dem,Immigration,0.02,380.0,single_list,YouGov/Economist,https://yougov.com/en-us/trackers/most-important-issues-facing-the-us
2026-03-02,dem,Jobs and the economy,0.13,380.0,single_list,YouGov/Economist,https://yougov.com/en-us/trackers/most-important-issues-facing-the-us
2026-03-02,dem,Medicare,0.0,380.0,single_list,YouGov/Economist,https://yougov.com/en-us/trackers/most-important-issues-facing-the-us
2026-03-02,dem,National Security and foreign policy,0.01,380.0,single_list,YouGov/Economist,https://yougov.com/en-us/trackers/most-important-issues-facing-the-us
2026-03-02,dem,Social security,0.0,380.0,single_list,YouGov/Economist,https://yougov.com/en-us/trackers/most-important-issues-facing-the-us
2026-03-02,dem,Taxes and government spending,0.02,380.0,single_list,YouGov/Economist,https://yougov.com/en-us/trackers/most-important-issues-facing-the-us
2026-03-02,dem,Terrorism,0.0,380.0,single_list,YouGov/Economist,https://yougov.com/en-us/trackers/most-important-issues-facing-the-us
2026-03-02,dem,The budget deficit,0.0,380.0,single_list,YouGov/Economist,https://yougov.com/en-us/trackers/most-important-issues-facing-the-us
2026-03-02,dem,The war in Afghanistan,0.0,380.0,single_list,YouGov/Economist,https://yougov.com/en-us/trackers/most-important-issues-facing-the-us
2026-03-02,dem,Inflation/prices,0.2,380.0,single_list,YouGov/Economist,https://yougov.com/en-us/trackers/most-important-issues-facing-the-us
2026-03-09,dem,Abortion,0.02,389.0,single_list,YouGov/Economist,https://yougov.com/en-us/trackers/most-important-issues-facing-the-us
2026-03-09,dem,Civil rights and civil liberties,0.22,389.0,single_list,YouGov/Economist,https://yougov.com/en-us/trackers/most-important-issues-facing-the-us
2026-03-09,dem,Climate change and the environment,0.09,389.0,single_list,YouGov/Economist,https://yougov.com/en-us/trackers/most-important-issues-facing-the-us
2026-03-09,dem,Crime and criminal justice reform,0.02,389.0,single_list,YouGov/Economist,https://yougov.com/en-us/trackers/most-important-issues-facing-the-us
2026-03-09,dem,Education,0.02,389.0,single_list,YouGov/Economist,https://yougov.com/en-us/trackers/most-important-issues-facing-the-us
2026-03-09,dem,Gay rights,0.0,389.0,single_list,YouGov/Economist,https://yougov.com/en-us/trackers/most-important-issues-facing-the-us
2026-03-09,dem,Gun control,0.03,389.0,single_list,YouGov/Economist,https://yougov.com/en-us/trackers/most-important-issues-facing-the-us
2026-03-09,dem,Health care,0.14,389.0,single_list,YouGov/Economist,https://yougov.com/en-us/trackers/most-important-issues-facing-the-us
2026-03-09,dem,Immigration,0.03,389.0,single_list,YouGov/Economist,https://yougov.com/en-us/trackers/most-important-issues-facing-the-us
2026-03-09,dem,Jobs and the economy,0.13,389.0,single_list,YouGov/Economist,https://yougov.com/en-us/trackers/most-important-issues-facing-the-us
2026-03-09,dem,Medicare,0.0,389.0,single_list,YouGov/Economist,https://yougov.com/en-us/trackers/most-important-issues-facing-the-us
2026-03-09,dem,National Security and foreign policy,0.06,389.0,single_list,YouGov/Economist,https://yougov.com/en-us/trackers/most-important-issues-facing-the-us
2026-03-09,dem,Social security,0.0,389.0,single_list,YouGov/Economist,https://yougov.com/en-us/trackers/most-important-issues-facing-the-us
2026-03-09,dem,Taxes and government spending,0.05,389.0,single_list,YouGov/Economist,https://yougov.com/en-us/trackers/most-important-issues-facing-the-us
2026-03-09,dem,Terrorism,0.0,389.0,single_list,YouGov/Economist,https://yougov.com/en-us/trackers/most-important-issues-facing-the-us
2026-03-09,dem,The budget deficit,0.0,389.0,single_list,YouGov/Economist,https://yougov.com/en-us/trackers/most-important-issues-facing-the-us
2026-03-09,dem,The war in Afghanistan,0.0,389.0,single_list,YouGov/Economist,https://yougov.com/en-us/trackers/most-important-issues-facing-the-us
2026-03-09,dem,Inflation/prices,0.21,389.0,single_list,YouGov/Economist,https://yougov.com/en-us/trackers/most-important-issues-facing-the-us
2026-03-16,dem,Abortion,0.01,396.0,single_list,YouGov/Economist,https://yougov.com/en-us/trackers/most-important-issues-facing-the-us
2026-03-16,dem,Civil rights and civil liberties,0.2,396.0,single_list,YouGov/Economist,https://yougov.com/en-us/trackers/most-important-issues-facing-the-us
2026-03-16,dem,Climate change and the environment,0.07,396.0,single_list,YouGov/Economist,https://yougov.com/en-us/trackers/most-important-issues-facing-the-us
2026-03-16,dem,Crime and criminal justice reform,0.03,396.0,single_list,YouGov/Economist,https://yougov.com/en-us/trackers/most-important-issues-facing-the-us
2026-03-16,dem,Education,0.03,396.0,single_list,YouGov/Economist,https://yougov.com/en-us/trackers/most-important-issues-facing-the-us
2026-03-16,dem,Gay rights,0.0,396.0,single_list,YouGov/Economist,https://yougov.com/en-us/trackers/most-important-issues-facing-the-us
2026-03-16,dem,Gun control,0.02,396.0,single_list,YouGov/Economist,https://yougov.com/en-us/trackers/most-important-issues-facing-the-us
2026-03-16,dem,Health care,0.19,396.0,single_list,YouGov/Economist,https://yougov.com/en-us/trackers/most-important-issues-facing-the-us
2026-03-16,dem,Immigration,0.02,396.0,single_list,YouGov/Economist,https://yougov.com/en-us/trackers/most-important-issues-facing-the-us
2026-03-16,dem,Jobs and the economy,0.14,396.0,single_list,YouGov/Economist,https://yougov.com/en-us/trackers/most-important-issues-facing-the-us
2026-03-16,dem,Medicare,0.0,396.0,single_list,YouGov/Economist,https://yougov.com/en-us/trackers/most-important-issues-facing-the-us
2026-03-16,dem,National Security and foreign policy,0.05,396.0,single_list,YouGov/Economist,https://yougov.com/en-us/trackers/most-important-issues-facing-the-us
2026-03-16,dem,Social security,0.0,396.0,single_list,YouGov/Economist,https://yougov.com/en-us/trackers/most-important-issues-facing-the-us
2026-03-16,dem,Taxes and government spending,0.04,396.0,single_list,YouGov/Economist,https://yougov.com/en-us/trackers/most-important-issues-facing-the-us
2026-03-16,dem,Terrorism,0.0,396.0,single_list,YouGov/Economist,https://yougov.com/en-us/trackers/most-important-issues-facing-the-us
2026-03-16,dem,The budget deficit,0.0,396.0,single_list,YouGov/Economist,https://yougov.com/en-us/trackers/most-important-issues-facing-the-us
2026-03-16,dem,The war in Afghanistan,0.0,396.0,single_list,YouGov/Economist,https://yougov.com/en-us/trackers/most-important-issues-facing-the-us
2026-03-16,dem,Inflation/prices,0.21,396.0,single_list,YouGov/Economist,https://yougov.com/en-us/trackers/most-important-issues-facing-the-us
2026-03-23,dem,Abortion,0.01,412.0,single_list,YouGov/Economist,https://yougov.com/en-us/trackers/most-important-issues-facing-the-us
2026-03-23,dem,Civil rights and civil liberties,0.16,412.0,single_list,YouGov/Economist,https://yougov.com/en-us/trackers/most-important-issues-facing-the-us
2026-03-23,dem,Climate change and the environment,0.12,412.0,single_list,YouGov/Economist,https://yougov.com/en-us/trackers/most-important-issues-facing-the-us
2026-03-23,dem,Crime and criminal justice reform,0.03,412.0,single_list,YouGov/Economist,https://yougov.com/en-us/trackers/most-important-issues-facing-the-us
2026-03-23,dem,Education,0.01,412.0,single_list,YouGov/Economist,https://yougov.com/en-us/trackers/most-important-issues-facing-the-us
2026-03-23,dem,Gay rights,0.0,412.0,single_list,YouGov/Economist,https://yougov.com/en-us/trackers/most-important-issues-facing-the-us
2026-03-23,dem,Gun control,0.02,412.0,single_list,YouGov/Economist,https://yougov.com/en-us/trackers/most-important-issues-facing-the-us
2026-03-23,dem,Health care,0.14,412.0,single_list,YouGov/Economist,https://yougov.com/en-us/trackers/most-important-issues-facing-the-us
2026-03-23,dem,Immigration,0.02,412.0,single_list,YouGov/Economist,https://yougov.com/en-us/trackers/most-important-issues-facing-the-us
2026-03-23,dem,Jobs and the economy,0.16,412.0,single_list,YouGov/Economist,https://yougov.com/en-us/trackers/most-important-issues-facing-the-us
2026-03-23,dem,Medicare,0.0,412.0,single_list,YouGov/Economist,https://yougov.com/en-us/trackers/most-important-issues-facing-the-us
2026-03-23,dem,National Security and foreign policy,0.04,412.0,single_list,YouGov/Economist,https://yougov.com/en-us/trackers/most-important-issues-facing-the-us
2026-03-23,dem,Social security,0.0,412.0,single_list,YouGov/Economist,https://yougov.com/en-us/trackers/most-important-issues-facing-the-us
2026-03-23,dem,Taxes and government spending,0.02,412.0,single_list,YouGov/Economist,https://yougov.com/en-us/trackers/most-important-issues-facing-the-us
2026-03-23,dem,Terrorism,0.0,412.0,single_list,YouGov/Economist,https://yougov.com/en-us/trackers/most-important-issues-facing-the-us
2026-03-23,dem,The budget deficit,0.0,412.0,single_list,YouGov/Economist,https://yougov.com/en-us/trackers/most-important-issues-facing-the-us
2026-03-23,dem,The war in Afghanistan,0.0,412.0,single_list,YouGov/Economist,https://yougov.com/en-us/trackers/most-important-issues-facing-the-us
2026-03-23,dem,Inflation/prices,0.27,412.0,single_list,YouGov/Economist,https://yougov.com/en-us/trackers/most-important-issues-facing-the-us
2026-03-30,dem,Abortion,0.02,415.0,single_list,YouGov/Economist,https://yougov.com/en-us/trackers/most-important-issues-facing-the-us
2026-03-30,dem,Civil rights and civil liberties,0.19,415.0,single_list,YouGov/Economist,https://yougov.com/en-us/trackers/most-important-issues-facing-the-us
2026-03-30,dem,Climate change and the environment,0.09,415.0,single_list,YouGov/Economist,https://yougov.com/en-us/trackers/most-important-issues-facing-the-us
2026-03-30,dem,Crime and criminal justice reform,0.03,415.0,single_list,YouGov/Economist,https://yougov.com/en-us/trackers/most-important-issues-facing-the-us
2026-03-30,dem,Education,0.03,415.0,single_list,YouGov/Economist,https://yougov.com/en-us/trackers/most-important-issues-facing-the-us
2026-03-30,dem,Gay rights,0.0,415.0,single_list,YouGov/Economist,https://yougov.com/en-us/trackers/most-important-issues-facing-the-us
2026-03-30,dem,Gun control,0.02,415.0,single_list,YouGov/Economist,https://yougov.com/en-us/trackers/most-important-issues-facing-the-us
2026-03-30,dem,Health care,0.15,415.0,single_list,YouGov/Economist,https://yougov.com/en-us/trackers/most-important-issues-facing-the-us
2026-03-30,dem,Immigration,0.02,415.0,single_list,YouGov/Economist,https://yougov.com/en-us/trackers/most-important-issues-facing-the-us
2026-03-30,dem,Jobs and the economy,0.14,415.0,single_list,YouGov/Economist,https://yougov.com/en-us/trackers/most-important-issues-facing-the-us
2026-03-30,dem,Medicare,0.0,415.0,single_list,YouGov/Economist,https://yougov.com/en-us/trackers/most-important-issues-facing-the-us
2026-03-30,dem,National Security and foreign policy,0.02,415.0,single_list,YouGov/Economist,https://yougov.com/en-us/trackers/most-important-issues-facing-the-us
2026-03-30,dem,Social security,0.0,415.0,single_list,YouGov/Economist,https://yougov.com/en-us/trackers/most-important-issues-facing-the-us
2026-03-30,dem,Taxes and government spending,0.06,415.0,single_list,YouGov/Economist,https://yougov.com/en-us/trackers/most-important-issues-facing-the-us
2026-03-30,dem,Terrorism,0.0,415.0,single_list,YouGov/Economist,https://yougov.com/en-us/trackers/most-important-issues-facing-the-us
2026-03-30,dem,The budget deficit,0.0,415.0,single_list,YouGov/Economist,https://yougov.com/en-us/trackers/most-important-issues-facing-the-us
2026-03-30,dem,The war in Afghanistan,0.0,415.0,single_list,YouGov/Economist,https://yougov.com/en-us/trackers/most-important-issues-facing-the-us
2026-03-30,dem,Inflation/prices,0.24,415.0,single_list,YouGov/Economist,https://yougov.com/en-us/trackers/most-important-issues-facing-the-us
2026-04-06,dem,Abortion,0.01,433.0,single_list,YouGov/Economist,https://yougov.com/en-us/trackers/most-important-issues-facing-the-us
2026-04-06,dem,Civil rights and civil liberties,0.19,433.0,single_list,YouGov/Economist,https://yougov.com/en-us/trackers/most-important-issues-facing-the-us
2026-04-06,dem,Climate change and the environment,0.09,433.0,single_list,YouGov/Economist,https://yougov.com/en-us/trackers/most-important-issues-facing-the-us
2026-04-06,dem,Crime and criminal justice reform,0.04,433.0,single_list,YouGov/Economist,https://yougov.com/en-us/trackers/most-important-issues-facing-the-us
2026-04-06,dem,Education,0.04,433.0,single_list,YouGov/Economist,https://yougov.com/en-us/trackers/most-important-issues-facing-the-us
2026-04-06,dem,Gay rights,0.0,433.0,single_list,YouGov/Economist,https://yougov.com/en-us/trackers/most-important-issues-facing-the-us
2026-04-06,dem,Gun control,0.01,433.0,single_list,YouGov/Economist,https://yougov.com/en-us/trackers/most-important-issues-facing-the-us
2026-04-06,dem,Health care,0.12,433.0,single_list,YouGov/Economist,https://yougov.com/en-us/trackers/most-important-issues-facing-the-us
2026-04-06,dem,Immigration,0.01,433.0,single_list,YouGov/Economist,https://yougov.com/en-us/trackers/most-important-issues-facing-the-us
2026-04-06,dem,Jobs and the economy,0.13,433.0,single_list,YouGov/Economist,https://yougov.com/en-us/trackers/most-important-issues-facing-the-us
2026-04-06,dem,Medicare,0.0,433.0,single_list,YouGov/Economist,https://yougov.com/en-us/trackers/most-important-issues-facing-the-us
2026-04-06,dem,National Security and foreign policy,0.03,433.0,single_list,YouGov/Economist,https://yougov.com/en-us/trackers/most-important-issues-facing-the-us
2026-04-06,dem,Social security,0.0,433.0,single_list,YouGov/Economist,https://yougov.com/en-us/trackers/most-important-issues-facing-the-us
2026-04-06,dem,Taxes and government spending,0.04,433.0,single_list,YouGov/Economist,https://yougov.com/en-us/trackers/most-important-issues-facing-the-us
2026-04-06,dem,Terrorism,0.0,433.0,single_list,YouGov/Economist,https://yougov.com/en-us/trackers/most-important-issues-facing-the-us
2026-04-06,dem,The budget deficit,0.0,433.0,single_list,YouGov/Economist,https://yougov.com/en-us/trackers/most-important-issues-facing-the-us
2026-04-06,dem,The war in Afghanistan,0.0,433.0,single_list,YouGov/Economist,https://yougov.com/en-us/trackers/most-important-issues-facing-the-us
2026-04-06,dem,Inflation/prices,0.3,433.0,single_list,YouGov/Economist,https://yougov.com/en-us/trackers/most-important-issues-facing-the-us
2026-04-13,dem,Abortion,0.01,423.0,single_list,YouGov/Economist,https://yougov.com/en-us/trackers/most-important-issues-facing-the-us
2026-04-13,dem,Civil rights and civil liberties,0.16,423.0,single_list,YouGov/Economist,https://yougov.com/en-us/trackers/most-important-issues-facing-the-us
2026-04-13,dem,Climate change and the environment,0.09,423.0,single_list,YouGov/Economist,https://yougov.com/en-us/trackers/most-important-issues-facing-the-us
2026-04-13,dem,Crime and criminal justice reform,0.02,423.0,single_list,YouGov/Economist,https://yougov.com/en-us/trackers/most-important-issues-facing-the-us
2026-04-13,dem,Education,0.03,423.0,single_list,YouGov/Economist,https://yougov.com/en-us/trackers/most-important-issues-facing-the-us
2026-04-13,dem,Gay rights,0.0,423.0,single_list,YouGov/Economist,https://yougov.com/en-us/trackers/most-important-issues-facing-the-us
2026-04-13,dem,Gun control,0.01,423.0,single_list,YouGov/Economist,https://yougov.com/en-us/trackers/most-important-issues-facing-the-us
2026-04-13,dem,Health care,0.16,423.0,single_list,YouGov/Economist,https://yougov.com/en-us/trackers/most-important-issues-facing-the-us
2026-04-13,dem,Immigration,0.02,423.0,single_list,YouGov/Economist,https://yougov.com/en-us/trackers/most-important-issues-facing-the-us
2026-04-13,dem,Jobs and the economy,0.17,423.0,single_list,YouGov/Economist,https://yougov.com/en-us/trackers/most-important-issues-facing-the-us
2026-04-13,dem,Medicare,0.0,423.0,single_list,YouGov/Economist,https://yougov.com/en-us/trackers/most-important-issues-facing-the-us
2026-04-13,dem,National Security and foreign policy,0.03,423.0,single_list,YouGov/Economist,https://yougov.com/en-us/trackers/most-important-issues-facing-the-us
2026-04-13,dem,Social security,0.0,423.0,single_list,YouGov/Economist,https://yougov.com/en-us/trackers/most-important-issues-facing-the-us
2026-04-13,dem,Taxes and government spending,0.04,423.0,single_list,YouGov/Economist,https://yougov.com/en-us/trackers/most-important-issues-facing-the-us
2026-04-13,dem,Terrorism,0.0,423.0,single_list,YouGov/Economist,https://yougov.com/en-us/trackers/most-important-issues-facing-the-us
2026-04-13,dem,The budget deficit,0.0,423.0,single_list,YouGov/Economist,https://yougov.com/en-us/trackers/most-important-issues-facing-the-us
2026-04-13,dem,The war in Afghanistan,0.0,423.0,single_list,YouGov/Economist,https://yougov.com/en-us/trackers/most-important-issues-facing-the-us
2026-04-13,dem,Inflation/prices,0.25,423.0,single_list,YouGov/Economist,https://yougov.com/en-us/trackers/most-important-issues-facing-the-us
2026-04-20,dem,Abortion,0.0,408.0,single_list,YouGov/Economist,https://yougov.com/en-us/trackers/most-important-issues-facing-the-us
2026-04-20,dem,Civil rights and civil liberties,0.14,408.0,single_list,YouGov/Economist,https://yougov.com/en-us/trackers/most-important-issues-facing-the-us
2026-04-20,dem,Climate change and the environment,0.07,408.0,single_list,YouGov/Economist,https://yougov.com/en-us/trackers/most-important-issues-facing-the-us
2026-04-20,dem,Crime and criminal justice reform,0.02,408.0,single_list,YouGov/Economist,https://yougov.com/en-us/trackers/most-important-issues-facing-the-us
2026-04-20,dem,Education,0.03,408.0,single_list,YouGov/Economist,https://yougov.com/en-us/trackers/most-important-issues-facing-the-us
2026-04-20,dem,Gay rights,0.0,408.0,single_list,YouGov/Economist,https://yougov.com/en-us/trackers/most-important-issues-facing-the-us
2026-04-20,dem,Gun control,0.01,408.0,single_list,YouGov/Economist,https://yougov.com/en-us/trackers/most-important-issues-facing-the-us
2026-04-20,dem,Health care,0.14,408.0,single_list,YouGov/Economist,https://yougov.com/en-us/trackers/most-important-issues-facing-the-us
2026-04-20,dem,Immigration,0.03,408.0,single_list,YouGov/Economist,https://yougov.com/en-us/trackers/most-important-issues-facing-the-us
2026-04-20,dem,Jobs and the economy,0.2,408.0,single_list,YouGov/Economist,https://yougov.com/en-us/trackers/most-important-issues-facing-the-us
2026-04-20,dem,Medicare,0.0,408.0,single_list,YouGov/Economist,https://yougov.com/en-us/trackers/most-important-issues-facing-the-us
2026-04-20,dem,National Security and foreign policy,0.04,408.0,single_list,YouGov/Economist,https://yougov.com/en-us/trackers/most-important-issues-facing-the-us
2026-04-20,dem,Social security,0.0,408.0,single_list,YouGov/Economist,https://yougov.com/en-us/trackers/most-important-issues-facing-the-us
2026-04-20,dem,Taxes and government spending,0.05,408.0,single_list,YouGov/Economist,https://yougov.com/en-us/trackers/most-important-issues-facing-the-us
2026-04-20,dem,Terrorism,0.0,408.0,single_list,YouGov/Economist,https://yougov.com/en-us/trackers/most-important-issues-facing-the-us
2026-04-20,dem,The budget deficit,0.0,408.0,single_list,YouGov/Economist,https://yougov.com/en-us/trackers/most-important-issues-facing-the-us
2026-04-20,dem,The war in Afghanistan,0.0,408.0,single_list,YouGov/Economist,https://yougov.com/en-us/trackers/most-important-issues-facing-the-us
2026-04-20,dem,Inflation/prices,0.27,408.0,single_list,YouGov/Economist,https://yougov.com/en-us/trackers/most-important-issues-facing-the-us
2026-04-27,dem,Abortion,0.03,453.0,single_list,YouGov/Economist,https://yougov.com/en-us/trackers/most-important-issues-facing-the-us
2026-04-27,dem,Civil rights and civil liberties,0.15,453.0,single_list,YouGov/Economist,https://yougov.com/en-us/trackers/most-important-issues-facing-the-us
2026-04-27,dem,Climate change and the environment,0.1,453.0,single_list,YouGov/Economist,https://yougov.com/en-us/trackers/most-important-issues-facing-the-us
2026-04-27,dem,Crime and criminal justice reform,0.02,453.0,single_list,YouGov/Economist,https://yougov.com/en-us/trackers/most-important-issues-facing-the-us
2026-04-27,dem,Education,0.05,453.0,single_list,YouGov/Economist,https://yougov.com/en-us/trackers/most-important-issues-facing-the-us
2026-04-27,dem,Gay rights,0.0,453.0,single_list,YouGov/Economist,https://yougov.com/en-us/trackers/most-important-issues-facing-the-us
2026-04-27,dem,Gun control,0.02,453.0,single_list,YouGov/Economist,https://yougov.com/en-us/trackers/most-important-issues-facing-the-us
2026-04-27,dem,Health care,0.13,453.0,single_list,YouGov/Economist,https://yougov.com/en-us/trackers/most-important-issues-facing-the-us
2026-04-27,dem,Immigration,0.02,453.0,single_list,YouGov/Economist,https://yougov.com/en-us/trackers/most-important-issues-facing-the-us
2026-04-27,dem,Jobs and the economy,0.17,453.0,single_list,YouGov/Economist,https://yougov.com/en-us/trackers/most-important-issues-facing-the-us
2026-04-27,dem,Medicare,0.0,453.0,single_list,YouGov/Economist,https://yougov.com/en-us/trackers/most-important-issues-facing-the-us
2026-04-27,dem,National Security and foreign policy,0.02,453.0,single_list,YouGov/Economist,https://yougov.com/en-us/trackers/most-important-issues-facing-the-us
2026-04-27,dem,Social security,0.0,453.0,single_list,YouGov/Economist,https://yougov.com/en-us/trackers/most-important-issues-facing-the-us
2026-04-27,dem,Taxes and government spending,0.03,453.0,single_list,YouGov/Economist,https://yougov.com/en-us/trackers/most-important-issues-facing-the-us
2026-04-27,dem,Terrorism,0.0,453.0,single_list,YouGov/Economist,https://yougov.com/en-us/trackers/most-important-issues-facing-the-us
2026-04-27,dem,The budget deficit,0.0,453.0,single_list,YouGov/Economist,https://yougov.com/en-us/trackers/most-important-issues-facing-the-us
2026-04-27,dem,The war in Afghanistan,0.0,453.0,single_list,YouGov/Economist,https://yougov.com/en-us/trackers/most-important-issues-facing-the-us
2026-04-27,dem,Inflation/prices,0.27,453.0,single_list,YouGov/Economist,https://yougov.com/en-us/trackers/most-important-issues-facing-the-us
2026-05-04,dem,Abortion,0.02,388.0,single_list,YouGov/Economist,https://yougov.com/en-us/trackers/most-important-issues-facing-the-us
2026-05-04,dem,Civil rights and civil liberties,0.17,388.0,single_list,YouGov/Economist,https://yougov.com/en-us/trackers/most-important-issues-facing-the-us
2026-05-04,dem,Climate change and the environment,0.1,388.0,single_list,YouGov/Economist,https://yougov.com/en-us/trackers/most-important-issues-facing-the-us
2026-05-04,dem,Crime and criminal justice reform,0.02,388.0,single_list,YouGov/Economist,https://yougov.com/en-us/trackers/most-important-issues-facing-the-us
2026-05-04,dem,Education,0.03,388.0,single_list,YouGov/Economist,https://yougov.com/en-us/trackers/most-important-issues-facing-the-us
2026-05-04,dem,Gay rights,0.0,388.0,single_list,YouGov/Economist,https://yougov.com/en-us/trackers/most-important-issues-facing-the-us
2026-05-04,dem,Gun control,0.01,388.0,single_list,YouGov/Economist,https://yougov.com/en-us/trackers/most-important-issues-facing-the-us
2026-05-04,dem,Health care,0.13,388.0,single_list,YouGov/Economist,https://yougov.com/en-us/trackers/most-important-issues-facing-the-us
2026-05-04,dem,Immigration,0.02,388.0,single_list,YouGov/Economist,https://yougov.com/en-us/trackers/most-important-issues-facing-the-us
2026-05-04,dem,Jobs and the economy,0.13,388.0,single_list,YouGov/Economist,https://yougov.com/en-us/trackers/most-important-issues-facing-the-us
2026-05-04,dem,Medicare,0.0,388.0,single_list,YouGov/Economist,https://yougov.com/en-us/trackers/most-important-issues-facing-the-us
2026-05-04,dem,National Security and foreign policy,0.02,388.0,single_list,YouGov/Economist,https://yougov.com/en-us/trackers/most-important-issues-facing-the-us
2026-05-04,dem,Social security,0.0,388.0,single_list,YouGov/Economist,https://yougov.com/en-us/trackers/most-important-issues-facing-the-us
2026-05-04,dem,Taxes and government spending,0.04,388.0,single_list,YouGov/Economist,https://yougov.com/en-us/trackers/most-important-issues-facing-the-us
2026-05-04,dem,Terrorism,0.0,388.0,single_list,YouGov/Economist,https://yougov.com/en-us/trackers/most-important-issues-facing-the-us
2026-05-04,dem,The budget deficit,0.0,388.0,single_list,YouGov/Economist,https://yougov.com/en-us/trackers/most-important-issues-facing-the-us
2026-05-04,dem,The war in Afghanistan,0.0,388.0,single_list,YouGov/Economist,https://yougov.com/en-us/trackers/most-important-issues-facing-the-us
2026-05-04,dem,Inflation/prices,0.31,388.0,single_list,YouGov/Economist,https://yougov.com/en-us/trackers/most-important-issues-facing-the-us
2026-05-11,dem,Abortion,0.01,394.0,single_list,YouGov/Economist,https://yougov.com/en-us/trackers/most-important-issues-facing-the-us
2026-05-11,dem,Civil rights and civil liberties,0.18,394.0,single_list,YouGov/Economist,https://yougov.com/en-us/trackers/most-important-issues-facing-the-us
2026-05-11,dem,Climate change and the environment,0.07,394.0,single_list,YouGov/Economist,https://yougov.com/en-us/trackers/most-important-issues-facing-the-us
2026-05-11,dem,Crime and criminal justice reform,0.02,394.0,single_list,YouGov/Economist,https://yougov.com/en-us/trackers/most-important-issues-facing-the-us
2026-05-11,dem,Education,0.03,394.0,single_list,YouGov/Economist,https://yougov.com/en-us/trackers/most-important-issues-facing-the-us
2026-05-11,dem,Gay rights,0.0,394.0,single_list,YouGov/Economist,https://yougov.com/en-us/trackers/most-important-issues-facing-the-us
2026-05-11,dem,Gun control,0.01,394.0,single_list,YouGov/Economist,https://yougov.com/en-us/trackers/most-important-issues-facing-the-us
2026-05-11,dem,Health care,0.11,394.0,single_list,YouGov/Economist,https://yougov.com/en-us/trackers/most-important-issues-facing-the-us
2026-05-11,dem,Immigration,0.01,394.0,single_list,YouGov/Economist,https://yougov.com/en-us/trackers/most-important-issues-facing-the-us
2026-05-11,dem,Jobs and the economy,0.15,394.0,single_list,YouGov/Economist,https://yougov.com/en-us/trackers/most-important-issues-facing-the-us
2026-05-11,dem,Medicare,0.0,394.0,single_list,YouGov/Economist,https://yougov.com/en-us/trackers/most-important-issues-facing-the-us
2026-05-11,dem,National Security and foreign policy,0.04,394.0,single_list,YouGov/Economist,https://yougov.com/en-us/trackers/most-important-issues-facing-the-us
2026-05-11,dem,Social security,0.0,394.0,single_list,YouGov/Economist,https://yougov.com/en-us/trackers/most-important-issues-facing-the-us
2026-05-11,dem,Taxes and government spending,0.04,394.0,single_list,YouGov/Economist,https://yougov.com/en-us/trackers/most-important-issues-facing-the-us
2026-05-11,dem,Terrorism,0.0,394.0,single_list,YouGov/Economist,https://yougov.com/en-us/trackers/most-important-issues-facing-the-us
2026-05-11,dem,The budget deficit,0.0,394.0,single_list,YouGov/Economist,https://yougov.com/en-us/trackers/most-important-issues-facing-the-us
2026-05-11,dem,The war in Afghanistan,0.0,394.0,single_list,YouGov/Economist,https://yougov.com/en-us/trackers/most-important-issues-facing-the-us
2026-05-11,dem,Inflation/prices,0.32,394.0,single_list,YouGov/Economist,https://yougov.com/en-us/trackers/most-important-issues-facing-the-us
2026-05-18,dem,Abortion,0.01,389.0,single_list,YouGov/Economist,https://yougov.com/en-us/trackers/most-important-issues-facing-the-us
2026-05-18,dem,Civil rights and civil liberties,0.17,389.0,single_list,YouGov/Economist,https://yougov.com/en-us/trackers/most-important-issues-facing-the-us
2026-05-18,dem,Climate change and the environment,0.1,389.0,single_list,YouGov/Economist,https://yougov.com/en-us/trackers/most-important-issues-facing-the-us
2026-05-18,dem,Crime and criminal justice reform,0.03,389.0,single_list,YouGov/Economist,https://yougov.com/en-us/trackers/most-important-issues-facing-the-us
2026-05-18,dem,Education,0.02,389.0,single_list,YouGov/Economist,https://yougov.com/en-us/trackers/most-important-issues-facing-the-us
2026-05-18,dem,Gay rights,0.0,389.0,single_list,YouGov/Economist,https://yougov.com/en-us/trackers/most-important-issues-facing-the-us
2026-05-18,dem,Gun control,0.02,389.0,single_list,YouGov/Economist,https://yougov.com/en-us/trackers/most-important-issues-facing-the-us
2026-05-18,dem,Health care,0.15,389.0,single_list,YouGov/Economist,https://yougov.com/en-us/trackers/most-important-issues-facing-the-us
2026-05-18,dem,Immigration,0.0,389.0,single_list,YouGov/Economist,https://yougov.com/en-us/trackers/most-important-issues-facing-the-us
2026-05-18,dem,Jobs and the economy,0.14,389.0,single_list,YouGov/Economist,https://yougov.com/en-us/trackers/most-important-issues-facing-the-us
2026-05-18,dem,Medicare,0.0,389.0,single_list,YouGov/Economist,https://yougov.com/en-us/trackers/most-important-issues-facing-the-us
2026-05-18,dem,National Security and foreign policy,0.04,389.0,single_list,YouGov/Economist,https://yougov.com/en-us/trackers/most-important-issues-facing-the-us
2026-05-18,dem,Social security,0.0,389.0,single_list,YouGov/Economist,https://yougov.com/en-us/trackers/most-important-issues-facing-the-us
2026-05-18,dem,Taxes and government spending,0.03,389.0,single_list,YouGov/Economist,https://yougov.com/en-us/trackers/most-important-issues-facing-the-us
2026-05-18,dem,Terrorism,0.0,389.0,single_list,YouGov/Economist,https://yougov.com/en-us/trackers/most-important-issues-facing-the-us
2026-05-18,dem,The budget deficit,0.0,389.0,single_list,YouGov/Economist,https://yougov.com/en-us/trackers/most-important-issues-facing-the-us
2026-05-18,dem,The war in Afghanistan,0.0,389.0,single_list,YouGov/Economist,https://yougov.com/en-us/trackers/most-important-issues-facing-the-us
2026-05-18,dem,Inflation/prices,0.29,389.0,single_list,YouGov/Economist,https://yougov.com/en-us/trackers/most-important-issues-facing-the-us
2026-05-26,dem,Abortion,0.02,375.0,single_list,YouGov/Economist,https://yougov.com/en-us/trackers/most-important-issues-facing-the-us
2026-05-26,dem,Civil rights and civil liberties,0.17,375.0,single_list,YouGov/Economist,https://yougov.com/en-us/trackers/most-important-issues-facing-the-us
2026-05-26,dem,Climate change and the environment,0.09,375.0,single_list,YouGov/Economist,https://yougov.com/en-us/trackers/most-important-issues-facing-the-us
2026-05-26,dem,Crime and criminal justice reform,0.03,375.0,single_list,YouGov/Economist,https://yougov.com/en-us/trackers/most-important-issues-facing-the-us
2026-05-26,dem,Education,0.03,375.0,single_list,YouGov/Economist,https://yougov.com/en-us/trackers/most-important-issues-facing-the-us
2026-05-26,dem,Gay rights,0.0,375.0,single_list,YouGov/Economist,https://yougov.com/en-us/trackers/most-important-issues-facing-the-us
2026-05-26,dem,Gun control,0.03,375.0,single_list,YouGov/Economist,https://yougov.com/en-us/trackers/most-important-issues-facing-the-us
2026-05-26,dem,Health care,0.12,375.0,single_list,YouGov/Economist,https://yougov.com/en-us/trackers/most-important-issues-facing-the-us
2026-05-26,dem,Immigration,0.02,375.0,single_list,YouGov/Economist,https://yougov.com/en-us/trackers/most-important-issues-facing-the-us
2026-05-26,dem,Jobs and the economy,0.14,375.0,single_list,YouGov/Economist,https://yougov.com/en-us/trackers/most-important-issues-facing-the-us
2026-05-26,dem,Medicare,0.0,375.0,single_list,YouGov/Economist,https://yougov.com/en-us/trackers/most-important-issues-facing-the-us
2026-05-26,dem,National Security and foreign policy,0.03,375.0,single_list,YouGov/Economist,https://yougov.com/en-us/trackers/most-important-issues-facing-the-us
2026-05-26,dem,Social security,0.0,375.0,single_list,YouGov/Economist,https://yougov.com/en-us/trackers/most-important-issues-facing-the-us
2026-05-26,dem,Taxes and government spending,0.04,375.0,single_list,YouGov/Economist,https://yougov.com/en-us/trackers/most-important-issues-facing-the-us
2026-05-26,dem,Terrorism,0.0,375.0,single_list,YouGov/Economist,https://yougov.com/en-us/trackers/most-important-issues-facing-the-us
2026-05-26,dem,The budget deficit,0.0,375.0,single_list,YouGov/Economist,https://yougov.com/en-us/trackers/most-important-issues-facing-the-us
2026-05-26,dem,The war in Afghanistan,0.0,375.0,single_list,YouGov/Economist,https://yougov.com/en-us/trackers/most-important-issues-facing-the-us
2026-05-26,dem,Inflation/prices,0.28,375.0,single_list,YouGov/Economist,https://yougov.com/en-us/trackers/most-important-issues-facing-the-us
2026-06-01,dem,Abortion,0.02,409.0,single_list,YouGov/Economist,https://yougov.com/en-us/trackers/most-important-issues-facing-the-us
2026-06-01,dem,Civil rights and civil liberties,0.19,409.0,single_list,YouGov/Economist,https://yougov.com/en-us/trackers/most-important-issues-facing-the-us
2026-06-01,dem,Climate change and the environment,0.08,409.0,single_list,YouGov/Economist,https://yougov.com/en-us/trackers/most-important-issues-facing-the-us
2026-06-01,dem,Crime and criminal justice reform,0.02,409.0,single_list,YouGov/Economist,https://yougov.com/en-us/trackers/most-important-issues-facing-the-us
2026-06-01,dem,Education,0.05,409.0,single_list,YouGov/Economist,https://yougov.com/en-us/trackers/most-important-issues-facing-the-us
2026-06-01,dem,Gay rights,0.0,409.0,single_list,YouGov/Economist,https://yougov.com/en-us/trackers/most-important-issues-facing-the-us
2026-06-01,dem,Gun control,0.01,409.0,single_list,YouGov/Economist,https://yougov.com/en-us/trackers/most-important-issues-facing-the-us
2026-06-01,dem,Health care,0.14,409.0,single_list,YouGov/Economist,https://yougov.com/en-us/trackers/most-important-issues-facing-the-us
2026-06-01,dem,Immigration,0.02,409.0,single_list,YouGov/Economist,https://yougov.com/en-us/trackers/most-important-issues-facing-the-us
2026-06-01,dem,Jobs and the economy,0.1,409.0,single_list,YouGov/Economist,https://yougov.com/en-us/trackers/most-important-issues-facing-the-us
2026-06-01,dem,Medicare,0.0,409.0,single_list,YouGov/Economist,https://yougov.com/en-us/trackers/most-important-issues-facing-the-us
2026-06-01,dem,National Security and foreign policy,0.01,409.0,single_list,YouGov/Economist,https://yougov.com/en-us/trackers/most-important-issues-facing-the-us
2026-06-01,dem,Social security,0.0,409.0,single_list,YouGov/Economist,https://yougov.com/en-us/trackers/most-important-issues-facing-the-us
2026-06-01,dem,Taxes and government spending,0.04,409.0,single_list,YouGov/Economist,https://yougov.com/en-us/trackers/most-important-issues-facing-the-us
2026-06-01,dem,Terrorism,0.0,409.0,single_list,YouGov/Economist,https://yougov.com/en-us/trackers/most-important-issues-facing-the-us
2026-06-01,dem,The budget deficit,0.0,409.0,single_list,YouGov/Economist,https://yougov.com/en-us/trackers/most-important-issues-facing-the-us
2026-06-01,dem,The war in Afghanistan,0.0,409.0,single_list,YouGov/Economist,https://yougov.com/en-us/trackers/most-important-issues-facing-the-us
2026-06-01,dem,Inflation/prices,0.33,409.0,single_list,YouGov/Economist,https://yougov.com/en-us/trackers/most-important-issues-facing-the-us
2026-06-08,dem,Abortion,0.02,388.0,single_list,YouGov/Economist,https://yougov.com/en-us/trackers/most-important-issues-facing-the-us
2026-06-08,dem,Civil rights and civil liberties,0.19,388.0,single_list,YouGov/Economist,https://yougov.com/en-us/trackers/most-important-issues-facing-the-us
2026-06-08,dem,Climate change and the environment,0.08,388.0,single_list,YouGov/Economist,https://yougov.com/en-us/trackers/most-important-issues-facing-the-us
2026-06-08,dem,Crime and criminal justice reform,0.02,388.0,single_list,YouGov/Economist,https://yougov.com/en-us/trackers/most-important-issues-facing-the-us
2026-06-08,dem,Education,0.03,388.0,single_list,YouGov/Economist,https://yougov.com/en-us/trackers/most-important-issues-facing-the-us
2026-06-08,dem,Gay rights,0.0,388.0,single_list,YouGov/Economist,https://yougov.com/en-us/trackers/most-important-issues-facing-the-us
2026-06-08,dem,Gun control,0.01,388.0,single_list,YouGov/Economist,https://yougov.com/en-us/trackers/most-important-issues-facing-the-us
2026-06-08,dem,Health care,0.13,388.0,single_list,YouGov/Economist,https://yougov.com/en-us/trackers/most-important-issues-facing-the-us
2026-06-08,dem,Immigration,0.02,388.0,single_list,YouGov/Economist,https://yougov.com/en-us/trackers/most-important-issues-facing-the-us
2026-06-08,dem,Jobs and the economy,0.1,388.0,single_list,YouGov/Economist,https://yougov.com/en-us/trackers/most-important-issues-facing-the-us
2026-06-08,dem,Medicare,0.0,388.0,single_list,YouGov/Economist,https://yougov.com/en-us/trackers/most-important-issues-facing-the-us
2026-06-08,dem,National Security and foreign policy,0.03,388.0,single_list,YouGov/Economist,https://yougov.com/en-us/trackers/most-important-issues-facing-the-us
2026-06-08,dem,Social security,0.0,388.0,single_list,YouGov/Economist,https://yougov.com/en-us/trackers/most-important-issues-facing-the-us
2026-06-08,dem,Taxes and government spending,0.06,388.0,single_list,YouGov/Economist,https://yougov.com/en-us/trackers/most-important-issues-facing-the-us
2026-06-08,dem,Terrorism,0.0,388.0,single_list,YouGov/Economist,https://yougov.com/en-us/trackers/most-important-issues-facing-the-us
2026-06-08,dem,The budget deficit,0.0,388.0,single_list,YouGov/Economist,https://yougov.com/en-us/trackers/most-important-issues-facing-the-us
2026-06-08,dem,The war in Afghanistan,0.0,388.0,single_list,YouGov/Economist,https://yougov.com/en-us/trackers/most-important-issues-facing-the-us
2026-06-08,dem,Inflation/prices,0.3,388.0,single_list,YouGov/Economist,https://yougov.com/en-us/trackers/most-important-issues-facing-the-us
2026-06-15,dem,Abortion,0.01,402.0,single_list,YouGov/Economist,https://yougov.com/en-us/trackers/most-important-issues-facing-the-us
2026-06-15,dem,Civil rights and civil liberties,0.17,402.0,single_list,YouGov/Economist,https://yougov.com/en-us/trackers/most-important-issues-facing-the-us
2026-06-15,dem,Climate change and the environment,0.1,402.0,single_list,YouGov/Economist,https://yougov.com/en-us/trackers/most-important-issues-facing-the-us
2026-06-15,dem,Crime and criminal justice reform,0.01,402.0,single_list,YouGov/Economist,https://yougov.com/en-us/trackers/most-important-issues-facing-the-us
2026-06-15,dem,Education,0.02,402.0,single_list,YouGov/Economist,https://yougov.com/en-us/trackers/most-important-issues-facing-the-us
2026-06-15,dem,Gay rights,0.0,402.0,single_list,YouGov/Economist,https://yougov.com/en-us/trackers/most-important-issues-facing-the-us
2026-06-15,dem,Gun control,0.02,402.0,single_list,YouGov/Economist,https://yougov.com/en-us/trackers/most-important-issues-facing-the-us
2026-06-15,dem,Health care,0.11,402.0,single_list,YouGov/Economist,https://yougov.com/en-us/trackers/most-important-issues-facing-the-us
2026-06-15,dem,Immigration,0.02,402.0,single_list,YouGov/Economist,https://yougov.com/en-us/trackers/most-important-issues-facing-the-us
2026-06-15,dem,Jobs and the economy,0.15,402.0,single_list,YouGov/Economist,https://yougov.com/en-us/trackers/most-important-issues-facing-the-us
2026-06-15,dem,Medicare,0.0,402.0,single_list,YouGov/Economist,https://yougov.com/en-us/trackers/most-important-issues-facing-the-us
2026-06-15,dem,National Security and foreign policy,0.03,402.0,single_list,YouGov/Economist,https://yougov.com/en-us/trackers/most-important-issues-facing-the-us
2026-06-15,dem,Social security,0.0,402.0,single_list,YouGov/Economist,https://yougov.com/en-us/trackers/most-important-issues-facing-the-us
2026-06-15,dem,Taxes and government spending,0.03,402.0,single_list,YouGov/Economist,https://yougov.com/en-us/trackers/most-important-issues-facing-the-us
2026-06-15,dem,Terrorism,0.0,402.0,single_list,YouGov/Economist,https://yougov.com/en-us/trackers/most-important-issues-facing-the-us
2026-06-15,dem,The budget deficit,0.0,402.0,single_list,YouGov/Economist,https://yougov.com/en-us/trackers/most-important-issues-facing-the-us
2026-06-15,dem,The war in Afghanistan,0.0,402.0,single_list,YouGov/Economist,https://yougov.com/en-us/trackers/most-important-issues-facing-the-us
2026-06-15,dem,Inflation/prices,0.33,402.0,single_list,YouGov/Economist,https://yougov.com/en-us/trackers/most-important-issues-facing-the-us
2026-06-22,dem,Abortion,0.01,439.0,single_list,YouGov/Economist,https://yougov.com/en-us/trackers/most-important-issues-facing-the-us
2026-06-22,dem,Civil rights and civil liberties,0.15,439.0,single_list,YouGov/Economist,https://yougov.com/en-us/trackers/most-important-issues-facing-the-us
2026-06-22,dem,Climate change and the environment,0.09,439.0,single_list,YouGov/Economist,https://yougov.com/en-us/trackers/most-important-issues-facing-the-us
2026-06-22,dem,Crime and criminal justice reform,0.01,439.0,single_list,YouGov/Economist,https://yougov.com/en-us/trackers/most-important-issues-facing-the-us
2026-06-22,dem,Education,0.04,439.0,single_list,YouGov/Economist,https://yougov.com/en-us/trackers/most-important-issues-facing-the-us
2026-06-22,dem,Gay rights,0.0,439.0,single_list,YouGov/Economist,https://yougov.com/en-us/trackers/most-important-issues-facing-the-us
2026-06-22,dem,Gun control,0.01,439.0,single_list,YouGov/Economist,https://yougov.com/en-us/trackers/most-important-issues-facing-the-us
2026-06-22,dem,Health care,0.14,439.0,single_list,YouGov/Economist,https://yougov.com/en-us/trackers/most-important-issues-facing-the-us
2026-06-22,dem,Immigration,0.02,439.0,single_list,YouGov/Economist,https://yougov.com/en-us/trackers/most-important-issues-facing-the-us
2026-06-22,dem,Jobs and the economy,0.14,439.0,single_list,YouGov/Economist,https://yougov.com/en-us/trackers/most-important-issues-facing-the-us
2026-06-22,dem,Medicare,0.0,439.0,single_list,YouGov/Economist,https://yougov.com/en-us/trackers/most-important-issues-facing-the-us
2026-06-22,dem,National Security and foreign policy,0.03,439.0,single_list,YouGov/Economist,https://yougov.com/en-us/trackers/most-important-issues-facing-the-us
2026-06-22,dem,Social security,0.0,439.0,single_list,YouGov/Economist,https://yougov.com/en-us/trackers/most-important-issues-facing-the-us
2026-06-22,dem,Taxes and government spending,0.04,439.0,single_list,YouGov/Economist,https://yougov.com/en-us/trackers/most-important-issues-facing-the-us
2026-06-22,dem,Terrorism,0.0,439.0,single_list,YouGov/Economist,https://yougov.com/en-us/trackers/most-important-issues-facing-the-us
2026-06-22,dem,The budget deficit,0.0,439.0,single_list,YouGov/Economist,https://yougov.com/en-us/trackers/most-important-issues-facing-the-us
2026-06-22,dem,The war in Afghanistan,0.0,439.0,single_list,YouGov/Economist,https://yougov.com/en-us/trackers/most-important-issues-facing-the-us
2026-06-22,dem,Inflation/prices,0.32,439.0,single_list,YouGov/Economist,https://yougov.com/en-us/trackers/most-important-issues-facing-the-us
2026-06-29,dem,Abortion,0.02,420.0,single_list,YouGov/Economist,https://yougov.com/en-us/trackers/most-important-issues-facing-the-us
2026-06-29,dem,Civil rights and civil liberties,0.19,420.0,single_list,YouGov/Economist,https://yougov.com/en-us/trackers/most-important-issues-facing-the-us
2026-06-29,dem,Climate change and the environment,0.09,420.0,single_list,YouGov/Economist,https://yougov.com/en-us/trackers/most-important-issues-facing-the-us
2026-06-29,dem,Crime and criminal justice reform,0.03,420.0,single_list,YouGov/Economist,https://yougov.com/en-us/trackers/most-important-issues-facing-the-us
2026-06-29,dem,Education,0.04,420.0,single_list,YouGov/Economist,https://yougov.com/en-us/trackers/most-important-issues-facing-the-us
2026-06-29,dem,Gay rights,0.0,420.0,single_list,YouGov/Economist,https://yougov.com/en-us/trackers/most-important-issues-facing-the-us
2026-06-29,dem,Gun control,0.01,420.0,single_list,YouGov/Economist,https://yougov.com/en-us/trackers/most-important-issues-facing-the-us
2026-06-29,dem,Health care,0.12,420.0,single_list,YouGov/Economist,https://yougov.com/en-us/trackers/most-important-issues-facing-the-us
2026-06-29,dem,Immigration,0.01,420.0,single_list,YouGov/Economist,https://yougov.com/en-us/trackers/most-important-issues-facing-the-us
2026-06-29,dem,Jobs and the economy,0.11,420.0,single_list,YouGov/Economist,https://yougov.com/en-us/trackers/most-important-issues-facing-the-us
2026-06-29,dem,Medicare,0.0,420.0,single_list,YouGov/Economist,https://yougov.com/en-us/trackers/most-important-issues-facing-the-us
2026-06-29,dem,National Security and foreign policy,0.03,420.0,single_list,YouGov/Economist,https://yougov.com/en-us/trackers/most-important-issues-facing-the-us
2026-06-29,dem,Social security,0.0,420.0,single_list,YouGov/Economist,https://yougov.com/en-us/trackers/most-important-issues-facing-the-us
2026-06-29,dem,Taxes and government spending,0.02,420.0,single_list,YouGov/Economist,https://yougov.com/en-us/trackers/most-important-issues-facing-the-us
2026-06-29,dem,Terrorism,0.0,420.0,single_list,YouGov/Economist,https://yougov.com/en-us/trackers/most-important-issues-facing-the-us
2026-06-29,dem,The budget deficit,0.0,420.0,single_list,YouGov/Economist,https://yougov.com/en-us/trackers/most-important-issues-facing-the-us
2026-06-29,dem,The war in Afghanistan,0.0,420.0,single_list,YouGov/Economist,https://yougov.com/en-us/trackers/most-important-issues-facing-the-us
2026-06-29,dem,Inflation/prices,0.31,420.0,single_list,YouGov/Economist,https://yougov.com/en-us/trackers/most-important-issues-facing-the-us
2026-07-06,dem,Abortion,0.03,419.0,single_list,YouGov/Economist,https://yougov.com/en-us/trackers/most-important-issues-facing-the-us
2026-07-06,dem,Civil rights and civil liberties,0.16,419.0,single_list,YouGov/Economist,https://yougov.com/en-us/trackers/most-important-issues-facing-the-us
2026-07-06,dem,Climate change and the environment,0.11,419.0,single_list,YouGov/Economist,https://yougov.com/en-us/trackers/most-important-issues-facing-the-us
2026-07-06,dem,Crime and criminal justice reform,0.02,419.0,single_list,YouGov/Economist,https://yougov.com/en-us/trackers/most-important-issues-facing-the-us
2026-07-06,dem,Education,0.02,419.0,single_list,YouGov/Economist,https://yougov.com/en-us/trackers/most-important-issues-facing-the-us
2026-07-06,dem,Gay rights,0.0,419.0,single_list,YouGov/Economist,https://yougov.com/en-us/trackers/most-important-issues-facing-the-us
2026-07-06,dem,Gun control,0.03,419.0,single_list,YouGov/Economist,https://yougov.com/en-us/trackers/most-important-issues-facing-the-us
2026-07-06,dem,Health care,0.17,419.0,single_list,YouGov/Economist,https://yougov.com/en-us/trackers/most-important-issues-facing-the-us
2026-07-06,dem,Immigration,0.02,419.0,single_list,YouGov/Economist,https://yougov.com/en-us/trackers/most-important-issues-facing-the-us
2026-07-06,dem,Jobs and the economy,0.09,419.0,single_list,YouGov/Economist,https://yougov.com/en-us/trackers/most-important-issues-facing-the-us
2026-07-06,dem,Medicare,0.0,419.0,single_list,YouGov/Economist,https://yougov.com/en-us/trackers/most-important-issues-facing-the-us
2026-07-06,dem,National Security and foreign policy,0.02,419.0,single_list,YouGov/Economist,https://yougov.com/en-us/trackers/most-important-issues-facing-the-us
2026-07-06,dem,Social security,0.0,419.0,single_list,YouGov/Economist,https://yougov.com/en-us/trackers/most-important-issues-facing-the-us
2026-07-06,dem,Taxes and government spending,0.05,419.0,single_list,YouGov/Economist,https://yougov.com/en-us/trackers/most-important-issues-facing-the-us
2026-07-06,dem,Terrorism,0.0,419.0,single_list,YouGov/Economist,https://yougov.com/en-us/trackers/most-important-issues-facing-the-us
2026-07-06,dem,The budget deficit,0.0,419.0,single_list,YouGov/Economist,https://yougov.com/en-us/trackers/most-important-issues-facing-the-us
2026-07-06,dem,The war in Afghanistan,0.0,419.0,single_list,YouGov/Economist,https://yougov.com/en-us/trackers/most-important-issues-facing-the-us
2026-07-06,dem,Inflation/prices,0.28,419.0,single_list,YouGov/Economist,https://yougov.com/en-us/trackers/most-important-issues-facing-the-us
2026-07-13,dem,Abortion,0.01,427.0,single_list,YouGov/Economist,https://yougov.com/en-us/trackers/most-important-issues-facing-the-us
2026-07-13,dem,Civil rights and civil liberties,0.18,427.0,single_list,YouGov/Economist,https://yougov.com/en-us/trackers/most-important-issues-facing-the-us
2026-07-13,dem,Climate change and the environment,0.09,427.0,single_list,YouGov/Economist,https://yougov.com/en-us/trackers/most-important-issues-facing-the-us
2026-07-13,dem,Crime and criminal justice reform,0.02,427.0,single_list,YouGov/Economist,https://yougov.com/en-us/trackers/most-important-issues-facing-the-us
2026-07-13,dem,Education,0.03,427.0,single_list,YouGov/Economist,https://yougov.com/en-us/trackers/most-important-issues-facing-the-us
2026-07-13,dem,Gay rights,0.0,427.0,single_list,YouGov/Economist,https://yougov.com/en-us/trackers/most-important-issues-facing-the-us
2026-07-13,dem,Gun control,0.02,427.0,single_list,YouGov/Economist,https://yougov.com/en-us/trackers/most-important-issues-facing-the-us
2026-07-13,dem,Health care,0.11,427.0,single_list,YouGov/Economist,https://yougov.com/en-us/trackers/most-important-issues-facing-the-us
2026-07-13,dem,Immigration,0.02,427.0,single_list,YouGov/Economist,https://yougov.com/en-us/trackers/most-important-issues-facing-the-us
2026-07-13,dem,Jobs and the economy,0.15,427.0,single_list,YouGov/Economist,https://yougov.com/en-us/trackers/most-important-issues-facing-the-us
2026-07-13,dem,Medicare,0.0,427.0,single_list,YouGov/Economist,https://yougov.com/en-us/trackers/most-important-issues-facing-the-us
2026-07-13,dem,National Security and foreign policy,0.04,427.0,single_list,YouGov/Economist,https://yougov.com/en-us/trackers/most-important-issues-facing-the-us
2026-07-13,dem,Social security,0.0,427.0,single_list,YouGov/Economist,https://yougov.com/en-us/trackers/most-important-issues-facing-the-us
2026-07-13,dem,Taxes and government spending,0.05,427.0,single_list,YouGov/Economist,https://yougov.com/en-us/trackers/most-important-issues-facing-the-us
2026-07-13,dem,Terrorism,0.0,427.0,single_list,YouGov/Economist,https://yougov.com/en-us/trackers/most-important-issues-facing-the-us
2026-07-13,dem,The budget deficit,0.0,427.0,single_list,YouGov/Economist,https://yougov.com/en-us/trackers/most-important-issues-facing-the-us
2026-07-13,dem,The war in Afghanistan,0.0,427.0,single_list,YouGov/Economist,https://yougov.com/en-us/trackers/most-important-issues-facing-the-us
2026-07-13,dem,Inflation/prices,0.28,427.0,single_list,YouGov/Economist,https://yougov.com/en-us/trackers/most-important-issues-facing-the-us
2026-07-20,dem,Abortion,0.03,409.0,single_list,YouGov/Economist,https://yougov.com/en-us/trackers/most-important-issues-facing-the-us
2026-07-20,dem,Civil rights and civil liberties,0.17,409.0,single_list,YouGov/Economist,https://yougov.com/en-us/trackers/most-important-issues-facing-the-us
2026-07-20,dem,Climate change and the environment,0.09,409.0,single_list,YouGov/Economist,https://yougov.com/en-us/trackers/most-important-issues-facing-the-us
2026-07-20,dem,Crime and criminal justice reform,0.03,409.0,single_list,YouGov/Economist,https://yougov.com/en-us/trackers/most-important-issues-facing-the-us
2026-07-20,dem,Education,0.02,409.0,single_list,YouGov/Economist,https://yougov.com/en-us/trackers/most-important-issues-facing-the-us
2026-07-20,dem,Gay rights,0.0,409.0,single_list,YouGov/Economist,https://yougov.com/en-us/trackers/most-important-issues-facing-the-us
2026-07-20,dem,Gun control,0.01,409.0,single_list,YouGov/Economist,https://yougov.com/en-us/trackers/most-important-issues-facing-the-us
2026-07-20,dem,Health care,0.11,409.0,single_list,YouGov/Economist,https://yougov.com/en-us/trackers/most-important-issues-facing-the-us
2026-07-20,dem,Immigration,0.01,409.0,single_list,YouGov/Economist,https://yougov.com/en-us/trackers/most-important-issues-facing-the-us
2026-07-20,dem,Jobs and the economy,0.16,409.0,single_list,YouGov/Economist,https://yougov.com/en-us/trackers/most-important-issues-facing-the-us
2026-07-20,dem,Medicare,0.0,409.0,single_list,YouGov/Economist,https://yougov.com/en-us/trackers/most-important-issues-facing-the-us
2026-07-20,dem,National Security and foreign policy,0.03,409.0,single_list,YouGov/Economist,https://yougov.com/en-us/trackers/most-important-issues-facing-the-us
2026-07-20,dem,Social security,0.0,409.0,single_list,YouGov/Economist,https://yougov.com/en-us/trackers/most-important-issues-facing-the-us
2026-07-20,dem,Taxes and government spending,0.03,409.0,single_list,YouGov/Economist,https://yougov.com/en-us/trackers/most-important-issues-facing-the-us
2026-07-20,dem,Terrorism,0.0,409.0,single_list,YouGov/Economist,https://yougov.com/en-us/trackers/most-important-issues-facing-the-us
2026-07-20,dem,The budget deficit,0.0,409.0,single_list,YouGov/Economist,https://yougov.com/en-us/trackers/most-important-issues-facing-the-us
2026-07-20,dem,The war in Afghanistan,0.0,409.0,single_list,YouGov/Economist,https://yougov.com/en-us/trackers/most-important-issues-facing-the-us
2026-07-20,dem,Inflation/prices,0.32,409.0,single_list,YouGov/Economist,https://yougov.com/en-us/trackers/most-important-issues-facing-the-us
2026-07-27,dem,Abortion,0.02,401.0,single_list,YouGov/Economist,https://yougov.com/en-us/trackers/most-important-issues-facing-the-us
2026-07-27,dem,Civil rights and civil liberties,0.18,401.0,single_list,YouGov/Economist,https://yougov.com/en-us/trackers/most-important-issues-facing-the-us
2026-07-27,dem,Climate change and the environment,0.12,401.0,single_list,YouGov/Economist,https://yougov.com/en-us/trackers/most-important-issues-facing-the-us
2026-07-27,dem,Crime and criminal justice reform,0.03,401.0,single_list,YouGov/Economist,https://yougov.com/en-us/trackers/most-important-issues-facing-the-us
2026-07-27,dem,Education,0.05,401.0,single_list,YouGov/Economist,https://yougov.com/en-us/trackers/most-important-issues-facing-the-us
2026-07-27,dem,Gay rights,0.0,401.0,single_list,YouGov/Economist,https://yougov.com/en-us/trackers/most-important-issues-facing-the-us
2026-07-27,dem,Gun control,0.03,401.0,single_list,YouGov/Economist,https://yougov.com/en-us/trackers/most-important-issues-facing-the-us
2026-07-27,dem,Health care,0.12,401.0,single_list,YouGov/Economist,https://yougov.com/en-us/trackers/most-important-issues-facing-the-us
2026-07-27,dem,Immigration,0.01,401.0,single_list,YouGov/Economist,https://yougov.com/en-us/trackers/most-important-issues-facing-the-us
2026-07-27,dem,Jobs and the economy,0.13,401.0,single_list,YouGov/Economist,https://yougov.com/en-us/trackers/most-important-issues-facing-the-us
2026-07-27,dem,Medicare,0.0,401.0,single_list,YouGov/Economist,https://yougov.com/en-us/trackers/most-important-issues-facing-the-us
2026-07-27,dem,National Security and foreign policy,0.04,401.0,single_list,YouGov/Economist,https://yougov.com/en-us/trackers/most-important-issues-facing-the-us
2026-07-27,dem,Social security,0.0,401.0,single_list,YouGov/Economist,https://yougov.com/en-us/trackers/most-important-issues-facing-the-us
2026-07-27,dem,Taxes and government spending,0.02,401.0,single_list,YouGov/Economist,https://yougov.com/en-us/trackers/most-important-issues-facing-the-us
2026-07-27,dem,Terrorism,0.0,401.0,single_list,YouGov/Economist,https://yougov.com/en-us/trackers/most-important-issues-facing-the-us
2026-07-27,dem,The budget deficit,0.0,401.0,single_list,YouGov/Economist,https://yougov.com/en-us/trackers/most-important-issues-facing-the-us
2026-07-27,dem,The war in Afghanistan,0.0,401.0,single_list,YouGov/Economist,https://yougov.com/en-us/trackers/most-important-issues-facing-the-us
2026-07-27,dem,Inflation/prices,0.26,401.0,single_list,YouGov/Economist,https://yougov.com/en-us/trackers/most-important-issues-facing-the-us
2026-08-02,dem,Abortion,0.01,413.0,single_list,YouGov/Economist,https://yougov.com/en-us/trackers/most-important-issues-facing-the-us
2026-08-02,dem,Civil rights and civil liberties,0.16,413.0,single_list,YouGov/Economist,https://yougov.com/en-us/trackers/most-important-issues-facing-the-us
2026-08-02,dem,Climate change and the environment,0.08,413.0,single_list,YouGov/Economist,https://yougov.com/en-us/trackers/most-important-issues-facing-the-us
2026-08-02,dem,Crime and criminal justice reform,0.02,413.0,single_list,YouGov/Economist,https://yougov.com/en-us/trackers/most-important-issues-facing-the-us
2026-08-02,dem,Education,0.03,413.0,single_list,YouGov/Economist,https://yougov.com/en-us/trackers/most-important-issues-facing-the-us
2026-08-02,dem,Gay rights,0.0,413.0,single_list,YouGov/Economist,https://yougov.com/en-us/trackers/most-important-issues-facing-the-us
2026-08-02,dem,Gun control,0.02,413.0,single_list,YouGov/Economist,https://yougov.com/en-us/trackers/most-important-issues-facing-the-us
2026-08-02,dem,Health care,0.13,413.0,single_list,YouGov/Economist,https://yougov.com/en-us/trackers/most-important-issues-facing-the-us
2026-08-02,dem,Immigration,0.02,413.0,single_list,YouGov/Economist,https://yougov.com/en-us/trackers/most-important-issues-facing-the-us
2026-08-02,dem,Jobs and the economy,0.13,413.0,single_list,YouGov/Economist,https://yougov.com/en-us/trackers/most-important-issues-facing-the-us
2026-08-02,dem,Medicare,0.0,413.0,single_list,YouGov/Economist,https://yougov.com/en-us/trackers/most-important-issues-facing-the-us
2026-08-02,dem,National Security and foreign policy,0.03,413.0,single_list,YouGov/Economist,https://yougov.com/en-us/trackers/most-important-issues-facing-the-us
2026-08-02,dem,Social security,0.0,413.0,single_list,YouGov/Economist,https://yougov.com/en-us/trackers/most-important-issues-facing-the-us
2026-08-02,dem,Taxes and government spending,0.04,413.0,single_list,YouGov/Economist,https://yougov.com/en-us/trackers/most-important-issues-facing-the-us
2026-08-02,dem,Terrorism,0.0,413.0,single_list,YouGov/Economist,https://yougov.com/en-us/trackers/most-important-issues-facing-the-us
2026-08-02,dem,The budget deficit,0.0,413.0,single_list,YouGov/Economist,https://yougov.com/en-us/trackers/most-important-issues-facing-the-us
2026-08-02,dem,The war in Afghanistan,0.0,413.0,single_list,YouGov/Economist,https://yougov.com/en-us/trackers/most-important-issues-facing-the-us
2026-08-02,dem,Inflation/prices,0.34,413.0,single_list,YouGov/Economist,https://yougov.com/en-us/trackers/most-important-issues-facing-the-us
2026-08-10,dem,Abortion,0.02,401.0,single_list,YouGov/Economist,https://yougov.com/en-us/trackers/most-important-issues-facing-the-us
2026-08-10,dem,Civil rights and civil liberties,0.15,401.0,single_list,YouGov/Economist,https://yougov.com/en-us/trackers/most-important-issues-facing-the-us
2026-08-10,dem,Climate change and the environment,0.1,401.0,single_list,YouGov/Economist,https://yougov.com/en-us/trackers/most-important-issues-facing-the-us
2026-08-10,dem,Crime and criminal justice reform,0.03,401.0,single_list,YouGov/Economist,https://yougov.com/en-us/trackers/most-important-issues-facing-the-us
2026-08-10,dem,Education,0.03,401.0,single_list,YouGov/Economist,https://yougov.com/en-us/trackers/most-important-issues-facing-the-us
2026-08-10,dem,Gay rights,0.0,401.0,single_list,YouGov/Economist,https://yougov.com/en-us/trackers/most-important-issues-facing-the-us
2026-08-10,dem,Gun control,0.03,401.0,single_list,YouGov/Economist,https://yougov.com/en-us/trackers/most-important-issues-facing-the-us
2026-08-10,dem,Health care,0.13,401.0,single_list,YouGov/Economist,https://yougov.com/en-us/trackers/most-important-issues-facing-the-us
2026-08-10,dem,Immigration,0.0,401.0,single_list,YouGov/Economist,https://yougov.com/en-us/trackers/most-important-issues-facing-the-us
2026-08-10,dem,Jobs and the economy,0.15,401.0,single_list,YouGov/Economist,https://yougov.com/en-us/trackers/most-important-issues-facing-the-us
2026-08-10,dem,Medicare,0.0,401.0,single_list,YouGov/Economist,https://yougov.com/en-us/trackers/most-important-issues-facing-the-us
2026-08-10,dem,National Security and foreign policy,0.02,401.0,single_list,YouGov/Economist,https://yougov.com/en-us/trackers/most-important-issues-facing-the-us
2026-08-10,dem,Social security,0.0,401.0,single_list,YouGov/Economist,https://yougov.com/en-us/trackers/most-important-issues-facing-the-us
2026-08-10,dem,Taxes and government spending,0.05,401.0,single_list,YouGov/Economist,https://yougov.com/en-us/trackers/most-important-issues-facing-the-us
2026-08-10,dem,Terrorism,0.0,401.0,single_list,YouGov/Economist,https://yougov.com/en-us/trackers/most-important-issues-facing-the-us
2026-08-10,dem,The budget deficit,0.0,401.0,single_list,YouGov/Economist,https://yougov.com/en-us/trackers/most-important-issues-facing-the-us
2026-08-10,dem,The war in Afghanistan,0.0,401.0,single_list,YouGov/Economist,https://yougov.com/en-us/trackers/most-important-issues-facing-the-us
2026-08-10,dem,Inflation/prices,0.28,401.0,single_list,YouGov/Economist,https://yougov.com/en-us/trackers/most-important-issues-facing-the-us
2026-08-17,dem,Abortion,0.02,401.0,single_list,YouGov/Economist,https://yougov.com/en-us/trackers/most-important-issues-facing-the-us
2026-08-17,dem,Civil rights and civil liberties,0.17,401.0,single_list,YouGov/Economist,https://yougov.com/en-us/trackers/most-important-issues-facing-the-us
2026-08-17,dem,Climate change and the environment,0.09,401.0,single_list,YouGov/Economist,https://yougov.com/en-us/trackers/most-important-issues-facing-the-us
2026-08-17,dem,Crime and criminal justice reform,0.01,401.0,single_list,YouGov/Economist,https://yougov.com/en-us/trackers/most-important-issues-facing-the-us
2026-08-17,dem,Education,0.02,401.0,single_list,YouGov/Economist,https://yougov.com/en-us/trackers/most-important-issues-facing-the-us
2026-08-17,dem,Gay rights,0.0,401.0,single_list,YouGov/Economist,https://yougov.com/en-us/trackers/most-important-issues-facing-the-us
2026-08-17,dem,Gun control,0.02,401.0,single_list,YouGov/Economist,https://yougov.com/en-us/trackers/most-important-issues-facing-the-us
2026-08-17,dem,Health care,0.1,401.0,single_list,YouGov/Economist,https://yougov.com/en-us/trackers/most-important-issues-facing-the-us
2026-08-17,dem,Immigration,0.02,401.0,single_list,YouGov/Economist,https://yougov.com/en-us/trackers/most-important-issues-facing-the-us
2026-08-17,dem,Jobs and the economy,0.15,401.0,single_list,YouGov/Economist,https://yougov.com/en-us/trackers/most-important-issues-facing-the-us
2026-08-17,dem,Medicare,0.0,401.0,single_list,YouGov/Economist,https://yougov.com/en-us/trackers/most-important-issues-facing-the-us
2026-08-17,dem,National Security and foreign policy,0.03,401.0,single_list,YouGov/Economist,https://yougov.com/en-us/trackers/most-important-issues-facing-the-us
2026-08-17,dem,Social security,0.0,401.0,single_list,YouGov/Economist,https://yougov.com/en-us/trackers/most-important-issues-facing-the-us
2026-08-17,dem,Taxes and government spending,0.02,401.0,single_list,YouGov/Economist,https://yougov.com/en-us/trackers/most-important-issues-facing-the-us
2026-08-17,dem,Terrorism,0.0,401.0,single_list,YouGov/Economist,https://yougov.com/en-us/trackers/most-important-issues-facing-the-us
2026-08-17,dem,The budget deficit,0.0,401.0,single_list,YouGov/Economist,https://yougov.com/en-us/trackers/most-important-issues-facing-the-us
2026-08-17,dem,The war in Afghanistan,0.0,401.0,single_list,YouGov/Economist,https://yougov.com/en-us/trackers/most-important-issues-facing-the-us
2026-08-17,dem,Inflation/prices,0.35,401.0,single_list,YouGov/Economist,https://yougov.com/en-us/trackers/most-important-issues-facing-the-us
2026-08-24,dem,Abortion,0.02,391.0,single_list,YouGov/Economist,https://yougov.com/en-us/trackers/most-important-issues-facing-the-us
2026-08-24,dem,Civil rights and civil liberties,0.16,391.0,single_list,YouGov/Economist,https://yougov.com/en-us/trackers/most-important-issues-facing-the-us
2026-08-24,dem,Climate change and the environment,0.09,391.0,single_list,YouGov/Economist,https://yougov.com/en-us/trackers/most-important-issues-facing-the-us
2026-08-24,dem,Crime and criminal justice reform,0.03,391.0,single_list,YouGov/Economist,https://yougov.com/en-us/trackers/most-important-issues-facing-the-us
2026-08-24,dem,Education,0.04,391.0,single_list,YouGov/Economist,https://yougov.com/en-us/trackers/most-important-issues-facing-the-us
2026-08-24,dem,Gay rights,0.0,391.0,single_list,YouGov/Economist,https://yougov.com/en-us/trackers/most-important-issues-facing-the-us
2026-08-24,dem,Gun control,0.01,391.0,single_list,YouGov/Economist,https://yougov.com/en-us/trackers/most-important-issues-facing-the-us
2026-08-24,dem,Health care,0.15,391.0,single_list,YouGov/Economist,https://yougov.com/en-us/trackers/most-important-issues-facing-the-us
2026-08-24,dem,Immigration,0.02,391.0,single_list,YouGov/Economist,https://yougov.com/en-us/trackers/most-important-issues-facing-the-us
2026-08-24,dem,Jobs and the economy,0.13,391.0,single_list,YouGov/Economist,https://yougov.com/en-us/trackers/most-important-issues-facing-the-us
2026-08-24,dem,Medicare,0.0,391.0,single_list,YouGov/Economist,https://yougov.com/en-us/trackers/most-important-issues-facing-the-us
2026-08-24,dem,National Security and foreign policy,0.02,391.0,single_list,YouGov/Economist,https://yougov.com/en-us/trackers/most-important-issues-facing-the-us
2026-08-24,dem,Social security,0.0,391.0,single_list,YouGov/Economist,https://yougov.com/en-us/trackers/most-important-issues-facing-the-us
2026-08-24,dem,Taxes and government spending,0.04,391.0,single_list,YouGov/Economist,https://yougov.com/en-us/trackers/most-important-issues-facing-the-us
2026-08-24,dem,Terrorism,0.0,391.0,single_list,YouGov/Economist,https://yougov.com/en-us/trackers/most-important-issues-facing-the-us
2026-08-24,dem,The budget deficit,0.0,391.0,single_list,YouGov/Economist,https://yougov.com/en-us/trackers/most-important-issues-facing-the-us
2026-08-24,dem,The war in Afghanistan,0.0,391.0,single_list,YouGov/Economist,https://yougov.com/en-us/trackers/most-important-issues-facing-the-us
2026-08-24,dem,Inflation/prices,0.28,391.0,single_list,YouGov/Economist,https://yougov.com/en-us/trackers/most-important-issues-facing-the-us
2026-09-07,dem,Abortion,0.01,407.0,single_list,YouGov/Economist,https://yougov.com/en-us/trackers/most-important-issues-facing-the-us
2026-09-07,dem,Civil rights and civil liberties,0.13,407.0,single_list,YouGov/Economist,https://yougov.com/en-us/trackers/most-important-issues-facing-the-us
2026-09-07,dem,Climate change and the environment,0.11,407.0,single_list,YouGov/Economist,https://yougov.com/en-us/trackers/most-important-issues-facing-the-us
2026-09-07,dem,Crime and criminal justice reform,0.02,407.0,single_list,YouGov/Economist,https://yougov.com/en-us/trackers/most-important-issues-facing-the-us
2026-09-07,dem,Education,0.04,407.0,single_list,YouGov/Economist,https://yougov.com/en-us/trackers/most-important-issues-facing-the-us
2026-09-07,dem,Gay rights,0.0,407.0,single_list,YouGov/Economist,https://yougov.com/en-us/trackers/most-important-issues-facing-the-us
2026-09-07,dem,Gun control,0.02,407.0,single_list,YouGov/Economist,https://yougov.com/en-us/trackers/most-important-issues-facing-the-us
2026-09-07,dem,Health care,0.15,407.0,single_list,YouGov/Economist,https://yougov.com/en-us/trackers/most-important-issues-facing-the-us
2026-09-07,dem,Immigration,0.01,407.0,single_list,YouGov/Economist,https://yougov.com/en-us/trackers/most-important-issues-facing-the-us
2026-09-07,dem,Jobs and the economy,0.1,407.0,single_list,YouGov/Economist,https://yougov.com/en-us/trackers/most-important-issues-facing-the-us
2026-09-07,dem,Medicare,0.0,407.0,single_list,YouGov/Economist,https://yougov.com/en-us/trackers/most-important-issues-facing-the-us
2026-09-07,dem,National Security and foreign policy,0.02,407.0,single_list,YouGov/Economist,https://yougov.com/en-us/trackers/most-important-issues-facing-the-us
2026-09-07,dem,Social security,0.0,407.0,single_list,YouGov/Economist,https://yougov.com/en-us/trackers/most-important-issues-facing-the-us
2026-09-07,dem,Taxes and government spending,0.03,407.0,single_list,YouGov/Economist,https://yougov.com/en-us/trackers/most-important-issues-facing-the-us
2026-09-07,dem,Terrorism,0.0,407.0,single_list,YouGov/Economist,https://yougov.com/en-us/trackers/most-important-issues-facing-the-us
2026-09-07,dem,The budget deficit,0.0,407.0,single_list,YouGov/Economist,https://yougov.com/en-us/trackers/most-important-issues-facing-the-us
2026-09-07,dem,The war in Afghanistan,0.0,407.0,single_list,YouGov/Economist,https://yougov.com/en-us/trackers/most-important-issues-facing-the-us
2026-09-07,dem,Inflation/prices,0.36,407.0,single_list,YouGov/Economist,https://yougov.com/en-us/trackers/most-important-issues-facing-the-us
2026-09-14,dem,Abortion,0.02,402.0,single_list,YouGov/Economist,https://yougov.com/en-us/trackers/most-important-issues-facing-the-us
2026-09-14,dem,Civil rights and civil liberties,0.12,402.0,single_list,YouGov/Economist,https://yougov.com/en-us/trackers/most-important-issues-facing-the-us
2026-09-14,dem,Climate change and the environment,0.1,402.0,single_list,YouGov/Economist,https://yougov.com/en-us/trackers/most-important-issues-facing-the-us
2026-09-14,dem,Crime and criminal justice reform,0.02,402.0,single_list,YouGov/Economist,https://yougov.com/en-us/trackers/most-important-issues-facing-the-us
2026-09-14,dem,Education,0.02,402.0,single_list,YouGov/Economist,https://yougov.com/en-us/trackers/most-important-issues-facing-the-us
2026-09-14,dem,Gay rights,0.0,402.0,single_list,YouGov/Economist,https://yougov.com/en-us/trackers/most-important-issues-facing-the-us
2026-09-14,dem,Gun control,0.01,402.0,single_list,YouGov/Economist,https://yougov.com/en-us/trackers/most-important-issues-facing-the-us
2026-09-14,dem,Health care,0.14,402.0,single_list,YouGov/Economist,https://yougov.com/en-us/trackers/most-important-issues-facing-the-us
2026-09-14,dem,Immigration,0.01,402.0,single_list,YouGov/Economist,https://yougov.com/en-us/trackers/most-important-issues-facing-the-us
2026-09-14,dem,Jobs and the economy,0.12,402.0,single_list,YouGov/Economist,https://yougov.com/en-us/trackers/most-important-issues-facing-the-us
2026-09-14,dem,Medicare,0.0,402.0,single_list,YouGov/Economist,https://yougov.com/en-us/trackers/most-important-issues-facing-the-us
2026-09-14,dem,National Security and foreign policy,0.02,402.0,single_list,YouGov/Economist,https://yougov.com/en-us/trackers/most-important-issues-facing-the-us
2026-09-14,dem,Social security,0.0,402.0,single_list,YouGov/Economist,https://yougov.com/en-us/trackers/most-important-issues-facing-the-us
2026-09-14,dem,Taxes and government spending,0.05,402.0,single_list,YouGov/Economist,https://yougov.com/en-us/trackers/most-important-issues-facing-the-us
2026-09-14,dem,Terrorism,0.0,402.0,single_list,YouGov/Economist,https://yougov.com/en-us/trackers/most-important-issues-facing-the-us
2026-09-14,dem,The budget deficit,0.0,402.0,single_list,YouGov/Economist,https://yougov.com/en-us/trackers/most-important-issues-facing-the-us
2026-09-14,dem,The war in Afghanistan,0.0,402.0,single_list,YouGov/Economist,https://yougov.com/en-us/trackers/most-important-issues-facing-the-us
2026-09-14,dem,Inflation/prices,0.36,402.0,single_list,YouGov/Economist,https://yougov.com/en-us/trackers/most-important-issues-facing-the-us
2026-09-21,dem,Abortion,0.02,405.0,single_list,YouGov/Economist,https://yougov.com/en-us/trackers/most-important-issues-facing-the-us
2026-09-21,dem,Civil rights and civil liberties,0.14,405.0,single_list,YouGov/Economist,https://yougov.com/en-us/trackers/most-important-issues-facing-the-us
2026-09-21,dem,Climate change and the environment,0.1,405.0,single_list,YouGov/Economist,https://yougov.com/en-us/trackers/most-important-issues-facing-the-us
2026-09-21,dem,Crime and criminal justice reform,0.03,405.0,single_list,YouGov/Economist,https://yougov.com/en-us/trackers/most-important-issues-facing-the-us
2026-09-21,dem,Education,0.04,405.0,single_list,YouGov/Economist,https://yougov.com/en-us/trackers/most-important-issues-facing-the-us
2026-09-21,dem,Gay rights,0.0,405.0,single_list,YouGov/Economist,https://yougov.com/en-us/trackers/most-important-issues-facing-the-us
2026-09-21,dem,Gun control,0.0,405.0,single_list,YouGov/Economist,https://yougov.com/en-us/trackers/most-important-issues-facing-the-us
2026-09-21,dem,Health care,0.14,405.0,single_list,YouGov/Economist,https://yougov.com/en-us/trackers/most-important-issues-facing-the-us
2026-09-21,dem,Immigration,0.02,405.0,single_list,YouGov/Economist,https://yougov.com/en-us/trackers/most-important-issues-facing-the-us
2026-09-21,dem,Jobs and the economy,0.13,405.0,single_list,YouGov/Economist,https://yougov.com/en-us/trackers/most-important-issues-facing-the-us
2026-09-21,dem,Medicare,0.0,405.0,single_list,YouGov/Economist,https://yougov.com/en-us/trackers/most-important-issues-facing-the-us
2026-09-21,dem,National Security and foreign policy,0.05,405.0,single_list,YouGov/Economist,https://yougov.com/en-us/trackers/most-important-issues-facing-the-us
2026-09-21,dem,Social security,0.0,405.0,single_list,YouGov/Economist,https://yougov.com/en-us/trackers/most-important-issues-facing-the-us
2026-09-21,dem,Taxes and government spending,0.03,405.0,single_list,YouGov/Economist,https://yougov.com/en-us/trackers/most-important-issues-facing-the-us
2026-09-21,dem,Terrorism,0.0,405.0,single_list,YouGov/Economist,https://yougov.com/en-us/trackers/most-important-issues-facing-the-us
2026-09-21,dem,The budget deficit,0.0,405.0,single_list,YouGov/Economist,https://yougov.com/en-us/trackers/most-important-issues-facing-the-us
2026-09-21,dem,The war in Afghanistan,0.0,405.0,single_list,YouGov/Economist,https://yougov.com/en-us/trackers/most-important-issues-facing-the-us
2026-09-21,dem,Inflation/prices,0.31,405.0,single_list,YouGov/Economist,https://yougov.com/en-us/trackers/most-important-issues-facing-the-us
2026-09-28,dem,Abortion,0.02,394.0,single_list,YouGov/Economist,https://yougov.com/en-us/trackers/most-important-issues-facing-the-us
2026-09-28,dem,Civil rights and civil liberties,0.14,394.0,single_list,YouGov/Economist,https://yougov.com/en-us/trackers/most-important-issues-facing-the-us
2026-09-28,dem,Climate change and the environment,0.09,394.0,single_list,YouGov/Economist,https://yougov.com/en-us/trackers/most-important-issues-facing-the-us
2026-09-28,dem,Crime and criminal justice reform,0.01,394.0,single_list,YouGov/Economist,https://yougov.com/en-us/trackers/most-important-issues-facing-the-us
2026-09-28,dem,Education,0.04,394.0,single_list,YouGov/Economist,https://yougov.com/en-us/trackers/most-important-issues-facing-the-us
2026-09-28,dem,Gay rights,0.0,394.0,single_list,YouGov/Economist,https://yougov.com/en-us/trackers/most-important-issues-facing-the-us
2026-09-28,dem,Gun control,0.01,394.0,single_list,YouGov/Economist,https://yougov.com/en-us/trackers/most-important-issues-facing-the-us
2026-09-28,dem,Health care,0.16,394.0,single_list,YouGov/Economist,https://yougov.com/en-us/trackers/most-important-issues-facing-the-us
2026-09-28,dem,Immigration,0.01,394.0,single_list,YouGov/Economist,https://yougov.com/en-us/trackers/most-important-issues-facing-the-us
2026-09-28,dem,Jobs and the economy,0.13,394.0,single_list,YouGov/Economist,https://yougov.com/en-us/trackers/most-important-issues-facing-the-us
2026-09-28,dem,Medicare,0.0,394.0,single_list,YouGov/Economist,https://yougov.com/en-us/trackers/most-important-issues-facing-the-us
2026-09-28,dem,National Security and foreign policy,0.02,394.0,single_list,YouGov/Economist,https://yougov.com/en-us/trackers/most-important-issues-facing-the-us
2026-09-28,dem,Social security,0.0,394.0,single_list,YouGov/Economist,https://yougov.com/en-us/trackers/most-important-issues-facing-the-us
2026-09-28,dem,Taxes and government spending,0.04,394.0,single_list,YouGov/Economist,https://yougov.com/en-us/trackers/most-important-issues-facing-the-us
2026-09-28,dem,Terrorism,0.0,394.0,single_list,YouGov/Economist,https://yougov.com/en-us/trackers/most-important-issues-facing-the-us
2026-09-28,dem,The budget deficit,0.0,394.0,single_list,YouGov/Economist,https://yougov.com/en-us/trackers/most-important-issues-facing-the-us
2026-09-28,dem,The war in Afghanistan,0.0,394.0,single_list,YouGov/Economist,https://yougov.com/en-us/trackers/most-important-issues-facing-the-us
2026-09-28,dem,Inflation/prices,0.33,394.0,single_list,YouGov/Economist,https://yougov.com/en-us/trackers/most-important-issues-facing-the-us
2025-01-07,ind,Abortion,0.04,355.0,two_step,YouGov/Economist,https://yougov.com/en-us/trackers/most-important-issues-facing-the-us
2025-01-07,ind,Civil rights and civil liberties,0.07,355.0,two_step,YouGov/Economist,https://yougov.com/en-us/trackers/most-important-issues-facing-the-us
2025-01-07,ind,Climate change and the environment,0.08,355.0,two_step,YouGov/Economist,https://yougov.com/en-us/trackers/most-important-issues-facing-the-us
2025-01-07,ind,Crime and criminal justice reform,0.04,355.0,two_step,YouGov/Economist,https://yougov.com/en-us/trackers/most-important-issues-facing-the-us
2025-01-07,ind,Education,0.02,355.0,two_step,YouGov/Economist,https://yougov.com/en-us/trackers/most-important-issues-facing-the-us
2025-01-07,ind,Gay rights,0.0,355.0,two_step,YouGov/Economist,https://yougov.com/en-us/trackers/most-important-issues-facing-the-us
2025-01-07,ind,Gun control,0.02,355.0,two_step,YouGov/Economist,https://yougov.com/en-us/trackers/most-important-issues-facing-the-us
2025-01-07,ind,Health care,0.14,355.0,two_step,YouGov/Economist,https://yougov.com/en-us/trackers/most-important-issues-facing-the-us
2025-01-07,ind,Immigration,0.09,355.0,two_step,YouGov/Economist,https://yougov.com/en-us/trackers/most-important-issues-facing-the-us
2025-01-07,ind,Jobs and the economy,0.12,355.0,two_step,YouGov/Economist,https://yougov.com/en-us/trackers/most-important-issues-facing-the-us
2025-01-07,ind,Medicare,0.0,355.0,two_step,YouGov/Economist,https://yougov.com/en-us/trackers/most-important-issues-facing-the-us
2025-01-07,ind,National Security and foreign policy,0.05,355.0,two_step,YouGov/Economist,https://yougov.com/en-us/trackers/most-important-issues-facing-the-us
2025-01-07,ind,Social security,0.0,355.0,two_step,YouGov/Economist,https://yougov.com/en-us/trackers/most-important-issues-facing-the-us
2025-01-07,ind,Taxes and government spending,0.06,355.0,two_step,YouGov/Economist,https://yougov.com/en-us/trackers/most-important-issues-facing-the-us
2025-01-07,ind,Terrorism,0.0,355.0,two_step,YouGov/Economist,https://yougov.com/en-us/trackers/most-important-issues-facing-the-us
2025-01-07,ind,The budget deficit,0.0,355.0,two_step,YouGov/Economist,https://yougov.com/en-us/trackers/most-important-issues-facing-the-us
2025-01-07,ind,The war in Afghanistan,0.0,355.0,two_step,YouGov/Economist,https://yougov.com/en-us/trackers/most-important-issues-facing-the-us
2025-01-07,ind,Inflation/prices,0.26,355.0,two_step,YouGov/Economist,https://yougov.com/en-us/trackers/most-important-issues-facing-the-us
2025-01-13,ind,Abortion,0.04,338.0,two_step,YouGov/Economist,https://yougov.com/en-us/trackers/most-important-issues-facing-the-us
2025-01-13,ind,Civil rights and civil liberties,0.08,338.0,two_step,YouGov/Economist,https://yougov.com/en-us/trackers/most-important-issues-facing-the-us
2025-01-13,ind,Climate change and the environment,0.1,338.0,two_step,YouGov/Economist,https://yougov.com/en-us/trackers/most-important-issues-facing-the-us
2025-01-13,ind,Crime and criminal justice reform,0.02,338.0,two_step,YouGov/Economist,https://yougov.com/en-us/trackers/most-important-issues-facing-the-us
2025-01-13,ind,Education,0.04,338.0,two_step,YouGov/Economist,https://yougov.com/en-us/trackers/most-important-issues-facing-the-us
2025-01-13,ind,Gay rights,0.0,338.0,two_step,YouGov/Economist,https://yougov.com/en-us/trackers/most-important-issues-facing-the-us
2025-01-13,ind,Gun control,0.03,338.0,two_step,YouGov/Economist,https://yougov.com/en-us/trackers/most-important-issues-facing-the-us
2025-01-13,ind,Health care,0.16,338.0,two_step,YouGov/Economist,https://yougov.com/en-us/trackers/most-important-issues-facing-the-us
2025-01-13,ind,Immigration,0.1,338.0,two_step,YouGov/Economist,https://yougov.com/en-us/trackers/most-important-issues-facing-the-us
2025-01-13,ind,Jobs and the economy,0.12,338.0,two_step,YouGov/Economist,https://yougov.com/en-us/trackers/most-important-issues-facing-the-us
2025-01-13,ind,Medicare,0.0,338.0,two_step,YouGov/Economist,https://yougov.com/en-us/trackers/most-important-issues-facing-the-us
2025-01-13,ind,National Security and foreign policy,0.09,338.0,two_step,YouGov/Economist,https://yougov.com/en-us/trackers/most-important-issues-facing-the-us
2025-01-13,ind,Social security,0.0,338.0,two_step,YouGov/Economist,https://yougov.com/en-us/trackers/most-important-issues-facing-the-us
2025-01-13,ind,Taxes and government spending,0.08,338.0,two_step,YouGov/Economist,https://yougov.com/en-us/trackers/most-important-issues-facing-the-us
2025-01-13,ind,Terrorism,0.0,338.0,two_step,YouGov/Economist,https://yougov.com/en-us/trackers/most-important-issues-facing-the-us
2025-01-13,ind,The budget deficit,0.0,338.0,two_step,YouGov/Economist,https://yougov.com/en-us/trackers/most-important-issues-facing-the-us
2025-01-13,ind,The war in Afghanistan,0.0,338.0,two_step,YouGov/Economist,https://yougov.com/en-us/trackers/most-important-issues-facing-the-us
2025-01-13,ind,Inflation/prices,0.16,338.0,two_step,YouGov/Economist,https://yougov.com/en-us/trackers/most-important-issues-facing-the-us
2025-01-20,ind,Abortion,0.02,335.0,two_step,YouGov/Economist,https://yougov.com/en-us/trackers/most-important-issues-facing-the-us
2025-01-20,ind,Civil rights and civil liberties,0.11,335.0,two_step,YouGov/Economist,https://yougov.com/en-us/trackers/most-important-issues-facing-the-us
2025-01-20,ind,Climate change and the environment,0.08,335.0,two_step,YouGov/Economist,https://yougov.com/en-us/trackers/most-important-issues-facing-the-us
2025-01-20,ind,Crime and criminal justice reform,0.02,335.0,two_step,YouGov/Economist,https://yougov.com/en-us/trackers/most-important-issues-facing-the-us
2025-01-20,ind,Education,0.03,335.0,two_step,YouGov/Economist,https://yougov.com/en-us/trackers/most-important-issues-facing-the-us
2025-01-20,ind,Gay rights,0.0,335.0,two_step,YouGov/Economist,https://yougov.com/en-us/trackers/most-important-issues-facing-the-us
2025-01-20,ind,Gun control,0.02,335.0,two_step,YouGov/Economist,https://yougov.com/en-us/trackers/most-important-issues-facing-the-us
2025-01-20,ind,Health care,0.14,335.0,two_step,YouGov/Economist,https://yougov.com/en-us/trackers/most-important-issues-facing-the-us
2025-01-20,ind,Immigration,0.08,335.0,two_step,YouGov/Economist,https://yougov.com/en-us/trackers/most-important-issues-facing-the-us
2025-01-20,ind,Jobs and the economy,0.12,335.0,two_step,YouGov/Economist,https://yougov.com/en-us/trackers/most-important-issues-facing-the-us
2025-01-20,ind,Medicare,0.0,335.0,two_step,YouGov/Economist,https://yougov.com/en-us/trackers/most-important-issues-facing-the-us
2025-01-20,ind,National Security and foreign policy,0.08,335.0,two_step,YouGov/Economist,https://yougov.com/en-us/trackers/most-important-issues-facing-the-us
2025-01-20,ind,Social security,0.0,335.0,two_step,YouGov/Economist,https://yougov.com/en-us/trackers/most-important-issues-facing-the-us
2025-01-20,ind,Taxes and government spending,0.08,335.0,two_step,YouGov/Economist,https://yougov.com/en-us/trackers/most-important-issues-facing-the-us
2025-01-20,ind,Terrorism,0.0,335.0,two_step,YouGov/Economist,https://yougov.com/en-us/trackers/most-important-issues-facing-the-us
2025-01-20,ind,The budget deficit,0.0,335.0,two_step,YouGov/Economist,https://yougov.com/en-us/trackers/most-important-issues-facing-the-us
2025-01-20,ind,The war in Afghanistan,0.0,335.0,two_step,YouGov/Economist,https://yougov.com/en-us/trackers/most-important-issues-facing-the-us
2025-01-20,ind,Inflation/prices,0.21,335.0,two_step,YouGov/Economist,https://yougov.com/en-us/trackers/most-important-issues-facing-the-us
2025-01-28,ind,Abortion,0.03,334.0,two_step,YouGov/Economist,https://yougov.com/en-us/trackers/most-important-issues-facing-the-us
2025-01-28,ind,Civil rights and civil liberties,0.13,334.0,two_step,YouGov/Economist,https://yougov.com/en-us/trackers/most-important-issues-facing-the-us
2025-01-28,ind,Climate change and the environment,0.08,334.0,two_step,YouGov/Economist,https://yougov.com/en-us/trackers/most-important-issues-facing-the-us
2025-01-28,ind,Crime and criminal justice reform,0.02,334.0,two_step,YouGov/Economist,https://yougov.com/en-us/trackers/most-important-issues-facing-the-us
2025-01-28,ind,Education,0.04,334.0,two_step,YouGov/Economist,https://yougov.com/en-us/trackers/most-important-issues-facing-the-us
2025-01-28,ind,Gay rights,0.0,334.0,two_step,YouGov/Economist,https://yougov.com/en-us/trackers/most-important-issues-facing-the-us
2025-01-28,ind,Gun control,0.02,334.0,two_step,YouGov/Economist,https://yougov.com/en-us/trackers/most-important-issues-facing-the-us
2025-01-28,ind,Health care,0.09,334.0,two_step,YouGov/Economist,https://yougov.com/en-us/trackers/most-important-issues-facing-the-us
2025-01-28,ind,Immigration,0.07,334.0,two_step,YouGov/Economist,https://yougov.com/en-us/trackers/most-important-issues-facing-the-us
2025-01-28,ind,Jobs and the economy,0.09,334.0,two_step,YouGov/Economist,https://yougov.com/en-us/trackers/most-important-issues-facing-the-us
2025-01-28,ind,Medicare,0.0,334.0,two_step,YouGov/Economist,https://yougov.com/en-us/trackers/most-important-issues-facing-the-us
2025-01-28,ind,National Security and foreign policy,0.07,334.0,two_step,YouGov/Economist,https://yougov.com/en-us/trackers/most-important-issues-facing-the-us
2025-01-28,ind,Social security,0.0,334.0,two_step,YouGov/Economist,https://yougov.com/en-us/trackers/most-important-issues-facing-the-us
2025-01-28,ind,Taxes and government spending,0.06,334.0,two_step,YouGov/Economist,https://yougov.com/en-us/trackers/most-important-issues-facing-the-us
2025-01-28,ind,Terrorism,0.0,334.0,two_step,YouGov/Economist,https://yougov.com/en-us/trackers/most-important-issues-facing-the-us
2025-01-28,ind,The budget deficit,0.0,334.0,two_step,YouGov/Economist,https://yougov.com/en-us/trackers/most-important-issues-facing-the-us
2025-01-28,ind,The war in Afghanistan,0.0,334.0,two_step,YouGov/Economist,https://yougov.com/en-us/trackers/most-important-issues-facing-the-us
2025-01-28,ind,Inflation/prices,0.28,334.0,two_step,YouGov/Economist,https://yougov.com/en-us/trackers/most-important-issues-facing-the-us
2025-02-04,ind,Abortion,0.04,319.0,two_step,YouGov/Economist,https://yougov.com/en-us/trackers/most-important-issues-facing-the-us
2025-02-04,ind,Civil rights and civil liberties,0.13,319.0,two_step,YouGov/Economist,https://yougov.com/en-us/trackers/most-important-issues-facing-the-us
2025-02-04,ind,Climate change and the environment,0.09,319.0,two_step,YouGov/Economist,https://yougov.com/en-us/trackers/most-important-issues-facing-the-us
2025-02-04,ind,Crime and criminal justice reform,0.02,319.0,two_step,YouGov/Economist,https://yougov.com/en-us/trackers/most-important-issues-facing-the-us
2025-02-04,ind,Education,0.02,319.0,two_step,YouGov/Economist,https://yougov.com/en-us/trackers/most-important-issues-facing-the-us
2025-02-04,ind,Gay rights,0.0,319.0,two_step,YouGov/Economist,https://yougov.com/en-us/trackers/most-important-issues-facing-the-us
2025-02-04,ind,Gun control,0.01,319.0,two_step,YouGov/Economist,https://yougov.com/en-us/trackers/most-important-issues-facing-the-us
2025-02-04,ind,Health care,0.07,319.0,two_step,YouGov/Economist,https://yougov.com/en-us/trackers/most-important-issues-facing-the-us
2025-02-04,ind,Immigration,0.06,319.0,two_step,YouGov/Economist,https://yougov.com/en-us/trackers/most-important-issues-facing-the-us
2025-02-04,ind,Jobs and the economy,0.12,319.0,two_step,YouGov/Economist,https://yougov.com/en-us/trackers/most-important-issues-facing-the-us
2025-02-04,ind,Medicare,0.0,319.0,two_step,YouGov/Economist,https://yougov.com/en-us/trackers/most-important-issues-facing-the-us
2025-02-04,ind,National Security and foreign policy,0.06,319.0,two_step,YouGov/Economist,https://yougov.com/en-us/trackers/most-important-issues-facing-the-us
2025-02-04,ind,Social security,0.0,319.0,two_step,YouGov/Economist,https://yougov.com/en-us/trackers/most-important-issues-facing-the-us
2025-02-04,ind,Taxes and government spending,0.09,319.0,two_step,YouGov/Economist,https://yougov.com/en-us/trackers/most-important-issues-facing-the-us
2025-02-04,ind,Terrorism,0.0,319.0,two_step,YouGov/Economist,https://yougov.com/en-us/trackers/most-important-issues-facing-the-us
2025-02-04,ind,The budget deficit,0.0,319.0,two_step,YouGov/Economist,https://yougov.com/en-us/trackers/most-important-issues-facing-the-us
2025-02-04,ind,The war in Afghanistan,0.0,319.0,two_step,YouGov/Economist,https://yougov.com/en-us/trackers/most-important-issues-facing-the-us
2025-02-04,ind,Inflation/prices,0.29,319.0,two_step,YouGov/Economist,https://yougov.com/en-us/trackers/most-important-issues-facing-the-us
2025-02-11,ind,Abortion,0.03,354.0,two_step,YouGov/Economist,https://yougov.com/en-us/trackers/most-important-issues-facing-the-us
2025-02-11,ind,Civil rights and civil liberties,0.13,354.0,two_step,YouGov/Economist,https://yougov.com/en-us/trackers/most-important-issues-facing-the-us
2025-02-11,ind,Climate change and the environment,0.08,354.0,two_step,YouGov/Economist,https://yougov.com/en-us/trackers/most-important-issues-facing-the-us
2025-02-11,ind,Crime and criminal justice reform,0.01,354.0,two_step,YouGov/Economist,https://yougov.com/en-us/trackers/most-important-issues-facing-the-us
2025-02-11,ind,Education,0.02,354.0,two_step,YouGov/Economist,https://yougov.com/en-us/trackers/most-important-issues-facing-the-us
2025-02-11,ind,Gay rights,0.0,354.0,two_step,YouGov/Economist,https://yougov.com/en-us/trackers/most-important-issues-facing-the-us
2025-02-11,ind,Gun control,0.03,354.0,two_step,YouGov/Economist,https://yougov.com/en-us/trackers/most-important-issues-facing-the-us
2025-02-11,ind,Health care,0.13,354.0,two_step,YouGov/Economist,https://yougov.com/en-us/trackers/most-important-issues-facing-the-us
2025-02-11,ind,Immigration,0.07,354.0,two_step,YouGov/Economist,https://yougov.com/en-us/trackers/most-important-issues-facing-the-us
2025-02-11,ind,Jobs and the economy,0.08,354.0,two_step,YouGov/Economist,https://yougov.com/en-us/trackers/most-important-issues-facing-the-us
2025-02-11,ind,Medicare,0.0,354.0,two_step,YouGov/Economist,https://yougov.com/en-us/trackers/most-important-issues-facing-the-us
2025-02-11,ind,National Security and foreign policy,0.09,354.0,two_step,YouGov/Economist,https://yougov.com/en-us/trackers/most-important-issues-facing-the-us
2025-02-11,ind,Social security,0.0,354.0,two_step,YouGov/Economist,https://yougov.com/en-us/trackers/most-important-issues-facing-the-us
2025-02-11,ind,Taxes and government spending,0.12,354.0,two_step,YouGov/Economist,https://yougov.com/en-us/trackers/most-important-issues-facing-the-us
2025-02-11,ind,Terrorism,0.0,354.0,two_step,YouGov/Economist,https://yougov.com/en-us/trackers/most-important-issues-facing-the-us
2025-02-11,ind,The budget deficit,0.0,354.0,two_step,YouGov/Economist,https://yougov.com/en-us/trackers/most-important-issues-facing-the-us
2025-02-11,ind,The war in Afghanistan,0.0,354.0,two_step,YouGov/Economist,https://yougov.com/en-us/trackers/most-important-issues-facing-the-us
2025-02-11,ind,Inflation/prices,0.2,354.0,two_step,YouGov/Economist,https://yougov.com/en-us/trackers/most-important-issues-facing-the-us
2025-02-18,ind,Abortion,0.05,360.0,two_step,YouGov/Economist,https://yougov.com/en-us/trackers/most-important-issues-facing-the-us
2025-02-18,ind,Civil rights and civil liberties,0.14,360.0,two_step,YouGov/Economist,https://yougov.com/en-us/trackers/most-important-issues-facing-the-us
2025-02-18,ind,Climate change and the environment,0.07,360.0,two_step,YouGov/Economist,https://yougov.com/en-us/trackers/most-important-issues-facing-the-us
2025-02-18,ind,Crime and criminal justice reform,0.05,360.0,two_step,YouGov/Economist,https://yougov.com/en-us/trackers/most-important-issues-facing-the-us
2025-02-18,ind,Education,0.05,360.0,two_step,YouGov/Economist,https://yougov.com/en-us/trackers/most-important-issues-facing-the-us
2025-02-18,ind,Gay rights,0.0,360.0,two_step,YouGov/Economist,https://yougov.com/en-us/trackers/most-important-issues-facing-the-us
2025-02-18,ind,Gun control,0.0,360.0,two_step,YouGov/Economist,https://yougov.com/en-us/trackers/most-important-issues-facing-the-us
2025-02-18,ind,Health care,0.11,360.0,two_step,YouGov/Economist,https://yougov.com/en-us/trackers/most-important-issues-facing-the-us
2025-02-18,ind,Immigration,0.08,360.0,two_step,YouGov/Economist,https://yougov.com/en-us/trackers/most-important-issues-facing-the-us
2025-02-18,ind,Jobs and the economy,0.09,360.0,two_step,YouGov/Economist,https://yougov.com/en-us/trackers/most-important-issues-facing-the-us
2025-02-18,ind,Medicare,0.0,360.0,two_step,YouGov/Economist,https://yougov.com/en-us/trackers/most-important-issues-facing-the-us
2025-02-18,ind,National Security and foreign policy,0.06,360.0,two_step,YouGov/Economist,https://yougov.com/en-us/trackers/most-important-issues-facing-the-us
2025-02-18,ind,Social security,0.0,360.0,two_step,YouGov/Economist,https://yougov.com/en-us/trackers/most-important-issues-facing-the-us
2025-02-18,ind,Taxes and government spending,0.09,360.0,two_step,YouGov/Economist,https://yougov.com/en-us/trackers/most-important-issues-facing-the-us
2025-02-18,ind,Terrorism,0.0,360.0,two_step,YouGov/Economist,https://yougov.com/en-us/trackers/most-important-issues-facing-the-us
2025-02-18,ind,The budget deficit,0.0,360.0,two_step,YouGov/Economist,https://yougov.com/en-us/trackers/most-important-issues-facing-the-us
2025-02-18,ind,The war in Afghanistan,0.0,360.0,two_step,YouGov/Economist,https://yougov.com/en-us/trackers/most-important-issues-facing-the-us
2025-02-18,ind,Inflation/prices,0.21,360.0,two_step,YouGov/Economist,https://yougov.com/en-us/trackers/most-important-issues-facing-the-us
2025-02-25,ind,Abortion,0.02,358.0,two_step,YouGov/Economist,https://yougov.com/en-us/trackers/most-important-issues-facing-the-us
2025-02-25,ind,Civil rights and civil liberties,0.14,358.0,two_step,YouGov/Economist,https://yougov.com/en-us/trackers/most-important-issues-facing-the-us
2025-02-25,ind,Climate change and the environment,0.11,358.0,two_step,YouGov/Economist,https://yougov.com/en-us/trackers/most-important-issues-facing-the-us
2025-02-25,ind,Crime and criminal justice reform,0.04,358.0,two_step,YouGov/Economist,https://yougov.com/en-us/trackers/most-important-issues-facing-the-us
2025-02-25,ind,Education,0.03,358.0,two_step,YouGov/Economist,https://yougov.com/en-us/trackers/most-important-issues-facing-the-us
2025-02-25,ind,Gay rights,0.0,358.0,two_step,YouGov/Economist,https://yougov.com/en-us/trackers/most-important-issues-facing-the-us
2025-02-25,ind,Gun control,0.02,358.0,two_step,YouGov/Economist,https://yougov.com/en-us/trackers/most-important-issues-facing-the-us
2025-02-25,ind,Health care,0.11,358.0,two_step,YouGov/Economist,https://yougov.com/en-us/trackers/most-important-issues-facing-the-us
2025-02-25,ind,Immigration,0.08,358.0,two_step,YouGov/Economist,https://yougov.com/en-us/trackers/most-important-issues-facing-the-us
2025-02-25,ind,Jobs and the economy,0.12,358.0,two_step,YouGov/Economist,https://yougov.com/en-us/trackers/most-important-issues-facing-the-us
2025-02-25,ind,Medicare,0.0,358.0,two_step,YouGov/Economist,https://yougov.com/en-us/trackers/most-important-issues-facing-the-us
2025-02-25,ind,National Security and foreign policy,0.06,358.0,two_step,YouGov/Economist,https://yougov.com/en-us/trackers/most-important-issues-facing-the-us
2025-02-25,ind,Social security,0.0,358.0,two_step,YouGov/Economist,https://yougov.com/en-us/trackers/most-important-issues-facing-the-us
2025-02-25,ind,Taxes and government spending,0.09,358.0,two_step,YouGov/Economist,https://yougov.com/en-us/trackers/most-important-issues-facing-the-us
2025-02-25,ind,Terrorism,0.0,358.0,two_step,YouGov/Economist,https://yougov.com/en-us/trackers/most-important-issues-facing-the-us
2025-02-25,ind,The budget deficit,0.0,358.0,two_step,YouGov/Economist,https://yougov.com/en-us/trackers/most-important-issues-facing-the-us
2025-02-25,ind,The war in Afghanistan,0.0,358.0,two_step,YouGov/Economist,https://yougov.com/en-us/trackers/most-important-issues-facing-the-us
2025-02-25,ind,Inflation/prices,0.19,358.0,two_step,YouGov/Economist,https://yougov.com/en-us/trackers/most-important-issues-facing-the-us
2025-03-04,ind,Abortion,0.02,385.0,two_step,YouGov/Economist,https://yougov.com/en-us/trackers/most-important-issues-facing-the-us
2025-03-04,ind,Civil rights and civil liberties,0.06,385.0,two_step,YouGov/Economist,https://yougov.com/en-us/trackers/most-important-issues-facing-the-us
2025-03-04,ind,Climate change and the environment,0.06,385.0,two_step,YouGov/Economist,https://yougov.com/en-us/trackers/most-important-issues-facing-the-us
2025-03-04,ind,Crime and criminal justice reform,0.03,385.0,two_step,YouGov/Economist,https://yougov.com/en-us/trackers/most-important-issues-facing-the-us
2025-03-04,ind,Education,0.03,385.0,two_step,YouGov/Economist,https://yougov.com/en-us/trackers/most-important-issues-facing-the-us
2025-03-04,ind,Gay rights,0.0,385.0,two_step,YouGov/Economist,https://yougov.com/en-us/trackers/most-important-issues-facing-the-us
2025-03-04,ind,Gun control,0.02,385.0,two_step,YouGov/Economist,https://yougov.com/en-us/trackers/most-important-issues-facing-the-us
2025-03-04,ind,Health care,0.09,385.0,two_step,YouGov/Economist,https://yougov.com/en-us/trackers/most-important-issues-facing-the-us
2025-03-04,ind,Immigration,0.08,385.0,two_step,YouGov/Economist,https://yougov.com/en-us/trackers/most-important-issues-facing-the-us
2025-03-04,ind,Jobs and the economy,0.13,385.0,two_step,YouGov/Economist,https://yougov.com/en-us/trackers/most-important-issues-facing-the-us
2025-03-04,ind,Medicare,0.0,385.0,two_step,YouGov/Economist,https://yougov.com/en-us/trackers/most-important-issues-facing-the-us
2025-03-04,ind,National Security and foreign policy,0.09,385.0,two_step,YouGov/Economist,https://yougov.com/en-us/trackers/most-important-issues-facing-the-us
2025-03-04,ind,Social security,0.0,385.0,two_step,YouGov/Economist,https://yougov.com/en-us/trackers/most-important-issues-facing-the-us
2025-03-04,ind,Taxes and government spending,0.1,385.0,two_step,YouGov/Economist,https://yougov.com/en-us/trackers/most-important-issues-facing-the-us
2025-03-04,ind,Terrorism,0.0,385.0,two_step,YouGov/Economist,https://yougov.com/en-us/trackers/most-important-issues-facing-the-us
2025-03-04,ind,The budget deficit,0.0,385.0,two_step,YouGov/Economist,https://yougov.com/en-us/trackers/most-important-issues-facing-the-us
2025-03-04,ind,The war in Afghanistan,0.0,385.0,two_step,YouGov/Economist,https://yougov.com/en-us/trackers/most-important-issues-facing-the-us
2025-03-04,ind,Inflation/prices,0.28,385.0,two_step,YouGov/Economist,https://yougov.com/en-us/trackers/most-important-issues-facing-the-us
2025-03-11,ind,Abortion,0.03,391.0,two_step,YouGov/Economist,https://yougov.com/en-us/trackers/most-important-issues-facing-the-us
2025-03-11,ind,Civil rights and civil liberties,0.1,391.0,two_step,YouGov/Economist,https://yougov.com/en-us/trackers/most-important-issues-facing-the-us
2025-03-11,ind,Climate change and the environment,0.08,391.0,two_step,YouGov/Economist,https://yougov.com/en-us/trackers/most-important-issues-facing-the-us
2025-03-11,ind,Crime and criminal justice reform,0.03,391.0,two_step,YouGov/Economist,https://yougov.com/en-us/trackers/most-important-issues-facing-the-us
2025-03-11,ind,Education,0.02,391.0,two_step,YouGov/Economist,https://yougov.com/en-us/trackers/most-important-issues-facing-the-us
2025-03-11,ind,Gay rights,0.0,391.0,two_step,YouGov/Economist,https://yougov.com/en-us/trackers/most-important-issues-facing-the-us
2025-03-11,ind,Gun control,0.02,391.0,two_step,YouGov/Economist,https://yougov.com/en-us/trackers/most-important-issues-facing-the-us
2025-03-11,ind,Health care,0.11,391.0,two_step,YouGov/Economist,https://yougov.com/en-us/trackers/most-important-issues-facing-the-us
2025-03-11,ind,Immigration,0.07,391.0,two_step,YouGov/Economist,https://yougov.com/en-us/trackers/most-important-issues-facing-the-us
2025-03-11,ind,Jobs and the economy,0.1,391.0,two_step,YouGov/Economist,https://yougov.com/en-us/trackers/most-important-issues-facing-the-us
2025-03-11,ind,Medicare,0.0,391.0,two_step,YouGov/Economist,https://yougov.com/en-us/trackers/most-important-issues-facing-the-us
2025-03-11,ind,National Security and foreign policy,0.07,391.0,two_step,YouGov/Economist,https://yougov.com/en-us/trackers/most-important-issues-facing-the-us
2025-03-11,ind,Social security,0.0,391.0,two_step,YouGov/Economist,https://yougov.com/en-us/trackers/most-important-issues-facing-the-us
2025-03-11,ind,Taxes and government spending,0.11,391.0,two_step,YouGov/Economist,https://yougov.com/en-us/trackers/most-important-issues-facing-the-us
2025-03-11,ind,Terrorism,0.0,391.0,two_step,YouGov/Economist,https://yougov.com/en-us/trackers/most-important-issues-facing-the-us
2025-03-11,ind,The budget deficit,0.0,391.0,two_step,YouGov/Economist,https://yougov.com/en-us/trackers/most-important-issues-facing-the-us
2025-03-11,ind,The war in Afghanistan,0.0,391.0,two_step,YouGov/Economist,https://yougov.com/en-us/trackers/most-important-issues-facing-the-us
2025-03-11,ind,Inflation/prices,0.25,391.0,two_step,YouGov/Economist,https://yougov.com/en-us/trackers/most-important-issues-facing-the-us
2025-03-18,ind,Abortion,0.05,357.0,two_step,YouGov/Economist,https://yougov.com/en-us/trackers/most-important-issues-facing-the-us
2025-03-18,ind,Civil rights and civil liberties,0.09,357.0,two_step,YouGov/Economist,https://yougov.com/en-us/trackers/most-important-issues-facing-the-us
2025-03-18,ind,Climate change and the environment,0.06,357.0,two_step,YouGov/Economist,https://yougov.com/en-us/trackers/most-important-issues-facing-the-us
2025-03-18,ind,Crime and criminal justice reform,0.03,357.0,two_step,YouGov/Economist,https://yougov.com/en-us/trackers/most-important-issues-facing-the-us
2025-03-18,ind,Education,0.03,357.0,two_step,YouGov/Economist,https://yougov.com/en-us/trackers/most-important-issues-facing-the-us
2025-03-18,ind,Gay rights,0.0,357.0,two_step,YouGov/Economist,https://yougov.com/en-us/trackers/most-important-issues-facing-the-us
2025-03-18,ind,Gun control,0.02,357.0,two_step,YouGov/Economist,https://yougov.com/en-us/trackers/most-important-issues-facing-the-us
2025-03-18,ind,Health care,0.12,357.0,two_step,YouGov/Economist,https://yougov.com/en-us/trackers/most-important-issues-facing-the-us
2025-03-18,ind,Immigration,0.07,357.0,two_step,YouGov/Economist,https://yougov.com/en-us/trackers/most-important-issues-facing-the-us
2025-03-18,ind,Jobs and the economy,0.13,357.0,two_step,YouGov/Economist,https://yougov.com/en-us/trackers/most-important-issues-facing-the-us
2025-03-18,ind,Medicare,0.0,357.0,two_step,YouGov/Economist,https://yougov.com/en-us/trackers/most-important-issues-facing-the-us
2025-03-18,ind,National Security and foreign policy,0.11,357.0,two_step,YouGov/Economist,https://yougov.com/en-us/trackers/most-important-issues-facing-the-us
2025-03-18,ind,Social security,0.0,357.0,two_step,YouGov/Economist,https://yougov.com/en-us/trackers/most-important-issues-facing-the-us
2025-03-18,ind,Taxes and government spending,0.09,357.0,two_step,YouGov/Economist,https://yougov.com/en-us/trackers/most-important-issues-facing-the-us
2025-03-18,ind,Terrorism,0.0,357.0,two_step,YouGov/Economist,https://yougov.com/en-us/trackers/most-important-issues-facing-the-us
2025-03-18,ind,The budget deficit,0.0,357.0,two_step,YouGov/Economist,https://yougov.com/en-us/trackers/most-important-issues-facing-the-us
2025-03-18,ind,The war in Afghanistan,0.0,357.0,two_step,YouGov/Economist,https://yougov.com/en-us/trackers/most-important-issues-facing-the-us
2025-03-18,ind,Inflation/prices,0.19,357.0,two_step,YouGov/Economist,https://yougov.com/en-us/trackers/most-important-issues-facing-the-us
2025-03-25,ind,Abortion,0.04,315.0,two_step,YouGov/Economist,https://yougov.com/en-us/trackers/most-important-issues-facing-the-us
2025-03-25,ind,Civil rights and civil liberties,0.17,315.0,two_step,YouGov/Economist,https://yougov.com/en-us/trackers/most-important-issues-facing-the-us
2025-03-25,ind,Climate change and the environment,0.06,315.0,two_step,YouGov/Economist,https://yougov.com/en-us/trackers/most-important-issues-facing-the-us
2025-03-25,ind,Crime and criminal justice reform,0.04,315.0,two_step,YouGov/Economist,https://yougov.com/en-us/trackers/most-important-issues-facing-the-us
2025-03-25,ind,Education,0.04,315.0,two_step,YouGov/Economist,https://yougov.com/en-us/trackers/most-important-issues-facing-the-us
2025-03-25,ind,Gay rights,0.0,315.0,two_step,YouGov/Economist,https://yougov.com/en-us/trackers/most-important-issues-facing-the-us
2025-03-25,ind,Gun control,0.01,315.0,two_step,YouGov/Economist,https://yougov.com/en-us/trackers/most-important-issues-facing-the-us
2025-03-25,ind,Health care,0.13,315.0,two_step,YouGov/Economist,https://yougov.com/en-us/trackers/most-important-issues-facing-the-us
2025-03-25,ind,Immigration,0.06,315.0,two_step,YouGov/Economist,https://yougov.com/en-us/trackers/most-important-issues-facing-the-us
2025-03-25,ind,Jobs and the economy,0.1,315.0,two_step,YouGov/Economist,https://yougov.com/en-us/trackers/most-important-issues-facing-the-us
2025-03-25,ind,Medicare,0.0,315.0,two_step,YouGov/Economist,https://yougov.com/en-us/trackers/most-important-issues-facing-the-us
2025-03-25,ind,National Security and foreign policy,0.09,315.0,two_step,YouGov/Economist,https://yougov.com/en-us/trackers/most-important-issues-facing-the-us
2025-03-25,ind,Social security,0.0,315.0,two_step,YouGov/Economist,https://yougov.com/en-us/trackers/most-important-issues-facing-the-us
2025-03-25,ind,Taxes and government spending,0.09,315.0,two_step,YouGov/Economist,https://yougov.com/en-us/trackers/most-important-issues-facing-the-us
2025-03-25,ind,Terrorism,0.0,315.0,two_step,YouGov/Economist,https://yougov.com/en-us/trackers/most-important-issues-facing-the-us
2025-03-25,ind,The budget deficit,0.0,315.0,two_step,YouGov/Economist,https://yougov.com/en-us/trackers/most-important-issues-facing-the-us
2025-03-25,ind,The war in Afghanistan,0.0,315.0,two_step,YouGov/Economist,https://yougov.com/en-us/trackers/most-important-issues-facing-the-us
2025-03-25,ind,Inflation/prices,0.16,315.0,two_step,YouGov/Economist,https://yougov.com/en-us/trackers/most-important-issues-facing-the-us
2025-04-01,ind,Abortion,0.03,357.0,two_step,YouGov/Economist,https://yougov.com/en-us/trackers/most-important-issues-facing-the-us
2025-04-01,ind,Civil rights and civil liberties,0.18,357.0,two_step,YouGov/Economist,https://yougov.com/en-us/trackers/most-important-issues-facing-the-us
2025-04-01,ind,Climate change and the environment,0.08,357.0,two_step,YouGov/Economist,https://yougov.com/en-us/trackers/most-important-issues-facing-the-us
2025-04-01,ind,Crime and criminal justice reform,0.02,357.0,two_step,YouGov/Economist,https://yougov.com/en-us/trackers/most-important-issues-facing-the-us
2025-04-01,ind,Education,0.02,357.0,two_step,YouGov/Economist,https://yougov.com/en-us/trackers/most-important-issues-facing-the-us
2025-04-01,ind,Gay rights,0.0,357.0,two_step,YouGov/Economist,https://yougov.com/en-us/trackers/most-important-issues-facing-the-us
2025-04-01,ind,Gun control,0.01,357.0,two_step,YouGov/Economist,https://yougov.com/en-us/trackers/most-important-issues-facing-the-us
2025-04-01,ind,Health care,0.1,357.0,two_step,YouGov/Economist,https://yougov.com/en-us/trackers/most-important-issues-facing-the-us
2025-04-01,ind,Immigration,0.05,357.0,two_step,YouGov/Economist,https://yougov.com/en-us/trackers/most-important-issues-facing-the-us
2025-04-01,ind,Jobs and the economy,0.11,357.0,two_step,YouGov/Economist,https://yougov.com/en-us/trackers/most-important-issues-facing-the-us
2025-04-01,ind,Medicare,0.0,357.0,two_step,YouGov/Economist,https://yougov.com/en-us/trackers/most-important-issues-facing-the-us
2025-04-01,ind,National Security and foreign policy,0.08,357.0,two_step,YouGov/Economist,https://yougov.com/en-us/trackers/most-important-issues-facing-the-us
2025-04-01,ind,Social security,0.0,357.0,two_step,YouGov/Economist,https://yougov.com/en-us/trackers/most-important-issues-facing-the-us
2025-04-01,ind,Taxes and government spending,0.09,357.0,two_step,YouGov/Economist,https://yougov.com/en-us/trackers/most-important-issues-facing-the-us
2025-04-01,ind,Terrorism,0.0,357.0,two_step,YouGov/Economist,https://yougov.com/en-us/trackers/most-important-issues-facing-the-us
2025-04-01,ind,The budget deficit,0.0,357.0,two_step,YouGov/Economist,https://yougov.com/en-us/trackers/most-important-issues-facing-the-us
2025-04-01,ind,The war in Afghanistan,0.0,357.0,two_step,YouGov/Economist,https://yougov.com/en-us/trackers/most-important-issues-facing-the-us
2025-04-01,ind,Inflation/prices,0.22,357.0,two_step,YouGov/Economist,https://yougov.com/en-us/trackers/most-important-issues-facing-the-us
2025-04-07,ind,Abortion,0.02,413.0,two_step,YouGov/Economist,https://yougov.com/en-us/trackers/most-important-issues-facing-the-us
2025-04-07,ind,Civil rights and civil liberties,0.14,413.0,two_step,YouGov/Economist,https://yougov.com/en-us/trackers/most-important-issues-facing-the-us
2025-04-07,ind,Climate change and the environment,0.06,413.0,two_step,YouGov/Economist,https://yougov.com/en-us/trackers/most-important-issues-facing-the-us
2025-04-07,ind,Crime and criminal justice reform,0.05,413.0,two_step,YouGov/Economist,https://yougov.com/en-us/trackers/most-important-issues-facing-the-us
2025-04-07,ind,Education,0.03,413.0,two_step,YouGov/Economist,https://yougov.com/en-us/trackers/most-important-issues-facing-the-us
2025-04-07,ind,Gay rights,0.0,413.0,two_step,YouGov/Economist,https://yougov.com/en-us/trackers/most-important-issues-facing-the-us
2025-04-07,ind,Gun control,0.03,413.0,two_step,YouGov/Economist,https://yougov.com/en-us/trackers/most-important-issues-facing-the-us
2025-04-07,ind,Health care,0.1,413.0,two_step,YouGov/Economist,https://yougov.com/en-us/trackers/most-important-issues-facing-the-us
2025-04-07,ind,Immigration,0.05,413.0,two_step,YouGov/Economist,https://yougov.com/en-us/trackers/most-important-issues-facing-the-us
2025-04-07,ind,Jobs and the economy,0.13,413.0,two_step,YouGov/Economist,https://yougov.com/en-us/trackers/most-important-issues-facing-the-us
2025-04-07,ind,Medicare,0.0,413.0,two_step,YouGov/Economist,https://yougov.com/en-us/trackers/most-important-issues-facing-the-us
2025-04-07,ind,National Security and foreign policy,0.07,413.0,two_step,YouGov/Economist,https://yougov.com/en-us/trackers/most-important-issues-facing-the-us
2025-04-07,ind,Social security,0.0,413.0,two_step,YouGov/Economist,https://yougov.com/en-us/trackers/most-important-issues-facing-the-us
2025-04-07,ind,Taxes and government spending,0.09,413.0,two_step,YouGov/Economist,https://yougov.com/en-us/trackers/most-important-issues-facing-the-us
2025-04-07,ind,Terrorism,0.0,413.0,two_step,YouGov/Economist,https://yougov.com/en-us/trackers/most-important-issues-facing-the-us
2025-04-07,ind,The budget deficit,0.0,413.0,two_step,YouGov/Economist,https://yougov.com/en-us/trackers/most-important-issues-facing-the-us
2025-04-07,ind,The war in Afghanistan,0.0,413.0,two_step,YouGov/Economist,https://yougov.com/en-us/trackers/most-important-issues-facing-the-us
2025-04-07,ind,Inflation/prices,0.22,413.0,two_step,YouGov/Economist,https://yougov.com/en-us/trackers/most-important-issues-facing-the-us
2025-04-14,ind,Abortion,0.02,337.0,two_step,YouGov/Economist,https://yougov.com/en-us/trackers/most-important-issues-facing-the-us
2025-04-14,ind,Civil rights and civil liberties,0.14,337.0,two_step,YouGov/Economist,https://yougov.com/en-us/trackers/most-important-issues-facing-the-us
2025-04-14,ind,Climate change and the environment,0.09,337.0,two_step,YouGov/Economist,https://yougov.com/en-us/trackers/most-important-issues-facing-the-us
2025-04-14,ind,Crime and criminal justice reform,0.02,337.0,two_step,YouGov/Economist,https://yougov.com/en-us/trackers/most-important-issues-facing-the-us
2025-04-14,ind,Education,0.02,337.0,two_step,YouGov/Economist,https://yougov.com/en-us/trackers/most-important-issues-facing-the-us
2025-04-14,ind,Gay rights,0.0,337.0,two_step,YouGov/Economist,https://yougov.com/en-us/trackers/most-important-issues-facing-the-us
2025-04-14,ind,Gun control,0.01,337.0,two_step,YouGov/Economist,https://yougov.com/en-us/trackers/most-important-issues-facing-the-us
2025-04-14,ind,Health care,0.12,337.0,two_step,YouGov/Economist,https://yougov.com/en-us/trackers/most-important-issues-facing-the-us
2025-04-14,ind,Immigration,0.07,337.0,two_step,YouGov/Economist,https://yougov.com/en-us/trackers/most-important-issues-facing-the-us
2025-04-14,ind,Jobs and the economy,0.12,337.0,two_step,YouGov/Economist,https://yougov.com/en-us/trackers/most-important-issues-facing-the-us
2025-04-14,ind,Medicare,0.0,337.0,two_step,YouGov/Economist,https://yougov.com/en-us/trackers/most-important-issues-facing-the-us
2025-04-14,ind,National Security and foreign policy,0.05,337.0,two_step,YouGov/Economist,https://yougov.com/en-us/trackers/most-important-issues-facing-the-us
2025-04-14,ind,Social security,0.0,337.0,two_step,YouGov/Economist,https://yougov.com/en-us/trackers/most-important-issues-facing-the-us
2025-04-14,ind,Taxes and government spending,0.11,337.0,two_step,YouGov/Economist,https://yougov.com/en-us/trackers/most-important-issues-facing-the-us
2025-04-14,ind,Terrorism,0.0,337.0,two_step,YouGov/Economist,https://yougov.com/en-us/trackers/most-important-issues-facing-the-us
2025-04-14,ind,The budget deficit,0.0,337.0,two_step,YouGov/Economist,https://yougov.com/en-us/trackers/most-important-issues-facing-the-us
2025-04-14,ind,The war in Afghanistan,0.0,337.0,two_step,YouGov/Economist,https://yougov.com/en-us/trackers/most-important-issues-facing-the-us
2025-04-14,ind,Inflation/prices,0.23,337.0,two_step,YouGov/Economist,https://yougov.com/en-us/trackers/most-important-issues-facing-the-us
2025-04-22,ind,Abortion,0.02,378.0,two_step,YouGov/Economist,https://yougov.com/en-us/trackers/most-important-issues-facing-the-us
2025-04-22,ind,Civil rights and civil liberties,0.22,378.0,two_step,YouGov/Economist,https://yougov.com/en-us/trackers/most-important-issues-facing-the-us
2025-04-22,ind,Climate change and the environment,0.09,378.0,two_step,YouGov/Economist,https://yougov.com/en-us/trackers/most-important-issues-facing-the-us
2025-04-22,ind,Crime and criminal justice reform,0.04,378.0,two_step,YouGov/Economist,https://yougov.com/en-us/trackers/most-important-issues-facing-the-us
2025-04-22,ind,Education,0.02,378.0,two_step,YouGov/Economist,https://yougov.com/en-us/trackers/most-important-issues-facing-the-us
2025-04-22,ind,Gay rights,0.0,378.0,two_step,YouGov/Economist,https://yougov.com/en-us/trackers/most-important-issues-facing-the-us
2025-04-22,ind,Gun control,0.01,378.0,two_step,YouGov/Economist,https://yougov.com/en-us/trackers/most-important-issues-facing-the-us
2025-04-22,ind,Health care,0.06,378.0,two_step,YouGov/Economist,https://yougov.com/en-us/trackers/most-important-issues-facing-the-us
2025-04-22,ind,Immigration,0.08,378.0,two_step,YouGov/Economist,https://yougov.com/en-us/trackers/most-important-issues-facing-the-us
2025-04-22,ind,Jobs and the economy,0.1,378.0,two_step,YouGov/Economist,https://yougov.com/en-us/trackers/most-important-issues-facing-the-us
2025-04-22,ind,Medicare,0.0,378.0,two_step,YouGov/Economist,https://yougov.com/en-us/trackers/most-important-issues-facing-the-us
2025-04-22,ind,National Security and foreign policy,0.07,378.0,two_step,YouGov/Economist,https://yougov.com/en-us/trackers/most-important-issues-facing-the-us
2025-04-22,ind,Social security,0.0,378.0,two_step,YouGov/Economist,https://yougov.com/en-us/trackers/most-important-issues-facing-the-us
2025-04-22,ind,Taxes and government spending,0.09,378.0,two_step,YouGov/Economist,https://yougov.com/en-us/trackers/most-important-issues-facing-the-us
2025-04-22,ind,Terrorism,0.0,378.0,two_step,YouGov/Economist,https://yougov.com/en-us/trackers/most-important-issues-facing-the-us
2025-04-22,ind,The budget deficit,0.0,378.0,two_step,YouGov/Economist,https://yougov.com/en-us/trackers/most-important-issues-facing-the-us
2025-04-22,ind,The war in Afghanistan,0.0,378.0,two_step,YouGov/Economist,https://yougov.com/en-us/trackers/most-important-issues-facing-the-us
2025-04-22,ind,Inflation/prices,0.19,378.0,two_step,YouGov/Economist,https://yougov.com/en-us/trackers/most-important-issues-facing-the-us
2025-04-28,ind,Abortion,0.02,425.0,two_step,YouGov/Economist,https://yougov.com/en-us/trackers/most-important-issues-facing-the-us
2025-04-28,ind,Civil rights and civil liberties,0.19,425.0,two_step,YouGov/Economist,https://yougov.com/en-us/trackers/most-important-issues-facing-the-us
2025-04-28,ind,Climate change and the environment,0.07,425.0,two_step,YouGov/Economist,https://yougov.com/en-us/trackers/most-important-issues-facing-the-us
2025-04-28,ind,Crime and criminal justice reform,0.02,425.0,two_step,YouGov/Economist,https://yougov.com/en-us/trackers/most-important-issues-facing-the-us
2025-04-28,ind,Education,0.02,425.0,two_step,YouGov/Economist,https://yougov.com/en-us/trackers/most-important-issues-facing-the-us
2025-04-28,ind,Gay rights,0.0,425.0,two_step,YouGov/Economist,https://yougov.com/en-us/trackers/most-important-issues-facing-the-us
2025-04-28,ind,Gun control,0.03,425.0,two_step,YouGov/Economist,https://yougov.com/en-us/trackers/most-important-issues-facing-the-us
2025-04-28,ind,Health care,0.09,425.0,two_step,YouGov/Economist,https://yougov.com/en-us/trackers/most-important-issues-facing-the-us
2025-04-28,ind,Immigration,0.06,425.0,two_step,YouGov/Economist,https://yougov.com/en-us/trackers/most-important-issues-facing-the-us
2025-04-28,ind,Jobs and the economy,0.15,425.0,two_step,YouGov/Economist,https://yougov.com/en-us/trackers/most-important-issues-facing-the-us
2025-04-28,ind,Medicare,0.0,425.0,two_step,YouGov/Economist,https://yougov.com/en-us/trackers/most-important-issues-facing-the-us
2025-04-28,ind,National Security and foreign policy,0.07,425.0,two_step,YouGov/Economist,https://yougov.com/en-us/trackers/most-important-issues-facing-the-us
2025-04-28,ind,Social security,0.0,425.0,two_step,YouGov/Economist,https://yougov.com/en-us/trackers/most-important-issues-facing-the-us
2025-04-28,ind,Taxes and government spending,0.1,425.0,two_step,YouGov/Economist,https://yougov.com/en-us/trackers/most-important-issues-facing-the-us
2025-04-28,ind,Terrorism,0.0,425.0,two_step,YouGov/Economist,https://yougov.com/en-us/trackers/most-important-issues-facing-the-us
2025-04-28,ind,The budget deficit,0.0,425.0,two_step,YouGov/Economist,https://yougov.com/en-us/trackers/most-important-issues-facing-the-us
2025-04-28,ind,The war in Afghanistan,0.0,425.0,two_step,YouGov/Economist,https://yougov.com/en-us/trackers/most-important-issues-facing-the-us
2025-04-28,ind,Inflation/prices,0.18,425.0,two_step,YouGov/Economist,https://yougov.com/en-us/trackers/most-important-issues-facing-the-us
2025-05-04,ind,Abortion,0.03,393.0,two_step,YouGov/Economist,https://yougov.com/en-us/trackers/most-important-issues-facing-the-us
2025-05-04,ind,Civil rights and civil liberties,0.17,393.0,two_step,YouGov/Economist,https://yougov.com/en-us/trackers/most-important-issues-facing-the-us
2025-05-04,ind,Climate change and the environment,0.08,393.0,two_step,YouGov/Economist,https://yougov.com/en-us/trackers/most-important-issues-facing-the-us
2025-05-04,ind,Crime and criminal justice reform,0.03,393.0,two_step,YouGov/Economist,https://yougov.com/en-us/trackers/most-important-issues-facing-the-us
2025-05-04,ind,Education,0.04,393.0,two_step,YouGov/Economist,https://yougov.com/en-us/trackers/most-important-issues-facing-the-us
2025-05-04,ind,Gay rights,0.0,393.0,two_step,YouGov/Economist,https://yougov.com/en-us/trackers/most-important-issues-facing-the-us
2025-05-04,ind,Gun control,0.04,393.0,two_step,YouGov/Economist,https://yougov.com/en-us/trackers/most-important-issues-facing-the-us
2025-05-04,ind,Health care,0.1,393.0,two_step,YouGov/Economist,https://yougov.com/en-us/trackers/most-important-issues-facing-the-us
2025-05-04,ind,Immigration,0.05,393.0,two_step,YouGov/Economist,https://yougov.com/en-us/trackers/most-important-issues-facing-the-us
2025-05-04,ind,Jobs and the economy,0.1,393.0,two_step,YouGov/Economist,https://yougov.com/en-us/trackers/most-important-issues-facing-the-us
2025-05-04,ind,Medicare,0.0,393.0,two_step,YouGov/Economist,https://yougov.com/en-us/trackers/most-important-issues-facing-the-us
2025-05-04,ind,National Security and foreign policy,0.09,393.0,two_step,YouGov/Economist,https://yougov.com/en-us/trackers/most-important-issues-facing-the-us
2025-05-04,ind,Social security,0.0,393.0,two_step,YouGov/Economist,https://yougov.com/en-us/trackers/most-important-issues-facing-the-us
2025-05-04,ind,Taxes and government spending,0.09,393.0,two_step,YouGov/Economist,https://yougov.com/en-us/trackers/most-important-issues-facing-the-us
2025-05-04,ind,Terrorism,0.0,393.0,two_step,YouGov/Economist,https://yougov.com/en-us/trackers/most-important-issues-facing-the-us
2025-05-04,ind,The budget deficit,0.0,393.0,two_step,YouGov/Economist,https://yougov.com/en-us/trackers/most-important-issues-facing-the-us
2025-05-04,ind,The war in Afghanistan,0.0,393.0,two_step,YouGov/Economist,https://yougov.com/en-us/trackers/most-important-issues-facing-the-us
2025-05-04,ind,Inflation/prices,0.18,393.0,two_step,YouGov/Economist,https://yougov.com/en-us/trackers/most-important-issues-facing-the-us
2025-05-12,ind,Abortion,0.02,421.0,two_step,YouGov/Economist,https://yougov.com/en-us/trackers/most-important-issues-facing-the-us
2025-05-12,ind,Civil rights and civil liberties,0.15,421.0,two_step,YouGov/Economist,https://yougov.com/en-us/trackers/most-important-issues-facing-the-us
2025-05-12,ind,Climate change and the environment,0.07,421.0,two_step,YouGov/Economist,https://yougov.com/en-us/trackers/most-important-issues-facing-the-us
2025-05-12,ind,Crime and criminal justice reform,0.05,421.0,two_step,YouGov/Economist,https://yougov.com/en-us/trackers/most-important-issues-facing-the-us
2025-05-12,ind,Education,0.05,421.0,two_step,YouGov/Economist,https://yougov.com/en-us/trackers/most-important-issues-facing-the-us
2025-05-12,ind,Gay rights,0.0,421.0,two_step,YouGov/Economist,https://yougov.com/en-us/trackers/most-important-issues-facing-the-us
2025-05-12,ind,Gun control,0.03,421.0,two_step,YouGov/Economist,https://yougov.com/en-us/trackers/most-important-issues-facing-the-us
2025-05-12,ind,Health care,0.11,421.0,two_step,YouGov/Economist,https://yougov.com/en-us/trackers/most-important-issues-facing-the-us
2025-05-12,ind,Immigration,0.05,421.0,two_step,YouGov/Economist,https://yougov.com/en-us/trackers/most-important-issues-facing-the-us
2025-05-12,ind,Jobs and the economy,0.11,421.0,two_step,YouGov/Economist,https://yougov.com/en-us/trackers/most-important-issues-facing-the-us
2025-05-12,ind,Medicare,0.0,421.0,two_step,YouGov/Economist,https://yougov.com/en-us/trackers/most-important-issues-facing-the-us
2025-05-12,ind,National Security and foreign policy,0.06,421.0,two_step,YouGov/Economist,https://yougov.com/en-us/trackers/most-important-issues-facing-the-us
2025-05-12,ind,Social security,0.0,421.0,two_step,YouGov/Economist,https://yougov.com/en-us/trackers/most-important-issues-facing-the-us
2025-05-12,ind,Taxes and government spending,0.1,421.0,two_step,YouGov/Economist,https://yougov.com/en-us/trackers/most-important-issues-facing-the-us
2025-05-12,ind,Terrorism,0.0,421.0,two_step,YouGov/Economist,https://yougov.com/en-us/trackers/most-important-issues-facing-the-us
2025-05-12,ind,The budget deficit,0.0,421.0,two_step,YouGov/Economist,https://yougov.com/en-us/trackers/most-important-issues-facing-the-us
2025-05-12,ind,The war in Afghanistan,0.0,421.0,two_step,YouGov/Economist,https://yougov.com/en-us/trackers/most-important-issues-facing-the-us
2025-05-12,ind,Inflation/prices,0.2,421.0,two_step,YouGov/Economist,https://yougov.com/en-us/trackers/most-important-issues-facing-the-us
2025-05-19,ind,Abortion,0.03,391.0,two_step,YouGov/Economist,https://yougov.com/en-us/trackers/most-important-issues-facing-the-us
2025-05-19,ind,Civil rights and civil liberties,0.14,391.0,two_step,YouGov/Economist,https://yougov.com/en-us/trackers/most-important-issues-facing-the-us
2025-05-19,ind,Climate change and the environment,0.12,391.0,two_step,YouGov/Economist,https://yougov.com/en-us/trackers/most-important-issues-facing-the-us
2025-05-19,ind,Crime and criminal justice reform,0.03,391.0,two_step,YouGov/Economist,https://yougov.com/en-us/trackers/most-important-issues-facing-the-us
2025-05-19,ind,Education,0.02,391.0,two_step,YouGov/Economist,https://yougov.com/en-us/trackers/most-important-issues-facing-the-us
2025-05-19,ind,Gay rights,0.0,391.0,two_step,YouGov/Economist,https://yougov.com/en-us/trackers/most-important-issues-facing-the-us
2025-05-19,ind,Gun control,0.01,391.0,two_step,YouGov/Economist,https://yougov.com/en-us/trackers/most-important-issues-facing-the-us
2025-05-19,ind,Health care,0.1,391.0,two_step,YouGov/Economist,https://yougov.com/en-us/trackers/most-important-issues-facing-the-us
2025-05-19,ind,Immigration,0.08,391.0,two_step,YouGov/Economist,https://yougov.com/en-us/trackers/most-important-issues-facing-the-us
2025-05-19,ind,Jobs and the economy,0.15,391.0,two_step,YouGov/Economist,https://yougov.com/en-us/trackers/most-important-issues-facing-the-us
2025-05-19,ind,Medicare,0.0,391.0,two_step,YouGov/Economist,https://yougov.com/en-us/trackers/most-important-issues-facing-the-us
2025-05-19,ind,National Security and foreign policy,0.06,391.0,two_step,YouGov/Economist,https://yougov.com/en-us/trackers/most-important-issues-facing-the-us
2025-05-19,ind,Social security,0.0,391.0,two_step,YouGov/Economist,https://yougov.com/en-us/trackers/most-important-issues-facing-the-us
2025-05-19,ind,Taxes and government spending,0.07,391.0,two_step,YouGov/Economist,https://yougov.com/en-us/trackers/most-important-issues-facing-the-us
2025-05-19,ind,Terrorism,0.0,391.0,two_step,YouGov/Economist,https://yougov.com/en-us/trackers/most-important-issues-facing-the-us
2025-05-19,ind,The budget deficit,0.0,391.0,two_step,YouGov/Economist,https://yougov.com/en-us/trackers/most-important-issues-facing-the-us
2025-05-19,ind,The war in Afghanistan,0.0,391.0,two_step,YouGov/Economist,https://yougov.com/en-us/trackers/most-important-issues-facing-the-us
2025-05-19,ind,Inflation/prices,0.21,391.0,two_step,YouGov/Economist,https://yougov.com/en-us/trackers/most-important-issues-facing-the-us
2025-05-26,ind,Abortion,0.02,377.0,two_step,YouGov/Economist,https://yougov.com/en-us/trackers/most-important-issues-facing-the-us
2025-05-26,ind,Civil rights and civil liberties,0.14,377.0,two_step,YouGov/Economist,https://yougov.com/en-us/trackers/most-important-issues-facing-the-us
2025-05-26,ind,Climate change and the environment,0.09,377.0,two_step,YouGov/Economist,https://yougov.com/en-us/trackers/most-important-issues-facing-the-us
2025-05-26,ind,Crime and criminal justice reform,0.02,377.0,two_step,YouGov/Economist,https://yougov.com/en-us/trackers/most-important-issues-facing-the-us
2025-05-26,ind,Education,0.02,377.0,two_step,YouGov/Economist,https://yougov.com/en-us/trackers/most-important-issues-facing-the-us
2025-05-26,ind,Gay rights,0.0,377.0,two_step,YouGov/Economist,https://yougov.com/en-us/trackers/most-important-issues-facing-the-us
2025-05-26,ind,Gun control,0.02,377.0,two_step,YouGov/Economist,https://yougov.com/en-us/trackers/most-important-issues-facing-the-us
2025-05-26,ind,Health care,0.12,377.0,two_step,YouGov/Economist,https://yougov.com/en-us/trackers/most-important-issues-facing-the-us
2025-05-26,ind,Immigration,0.09,377.0,two_step,YouGov/Economist,https://yougov.com/en-us/trackers/most-important-issues-facing-the-us
2025-05-26,ind,Jobs and the economy,0.11,377.0,two_step,YouGov/Economist,https://yougov.com/en-us/trackers/most-important-issues-facing-the-us
2025-05-26,ind,Medicare,0.0,377.0,two_step,YouGov/Economist,https://yougov.com/en-us/trackers/most-important-issues-facing-the-us
2025-05-26,ind,National Security and foreign policy,0.07,377.0,two_step,YouGov/Economist,https://yougov.com/en-us/trackers/most-important-issues-facing-the-us
2025-05-26,ind,Social security,0.0,377.0,two_step,YouGov/Economist,https://yougov.com/en-us/trackers/most-important-issues-facing-the-us
2025-05-26,ind,Taxes and government spending,0.1,377.0,two_step,YouGov/Economist,https://yougov.com/en-us/trackers/most-important-issues-facing-the-us
2025-05-26,ind,Terrorism,0.0,377.0,two_step,YouGov/Economist,https://yougov.com/en-us/trackers/most-important-issues-facing-the-us
2025-05-26,ind,The budget deficit,0.0,377.0,two_step,YouGov/Economist,https://yougov.com/en-us/trackers/most-important-issues-facing-the-us
2025-05-26,ind,The war in Afghanistan,0.0,377.0,two_step,YouGov/Economist,https://yougov.com/en-us/trackers/most-important-issues-facing-the-us
2025-05-26,ind,Inflation/prices,0.19,377.0,two_step,YouGov/Economist,https://yougov.com/en-us/trackers/most-important-issues-facing-the-us
2025-06-02,ind,Abortion,0.02,179.0,single_list,YouGov/Economist,https://yougov.com/en-us/trackers/most-important-issues-facing-the-us
2025-06-02,ind,Civil rights and civil liberties,0.19,179.0,single_list,YouGov/Economist,https://yougov.com/en-us/trackers/most-important-issues-facing-the-us
2025-06-02,ind,Climate change and the environment,0.04,179.0,single_list,YouGov/Economist,https://yougov.com/en-us/trackers/most-important-issues-facing-the-us
2025-06-02,ind,Crime and criminal justice reform,0.07,179.0,single_list,YouGov/Economist,https://yougov.com/en-us/trackers/most-important-issues-facing-the-us
2025-06-02,ind,Education,0.03,179.0,single_list,YouGov/Economist,https://yougov.com/en-us/trackers/most-important-issues-facing-the-us
2025-06-02,ind,Gay rights,0.0,179.0,single_list,YouGov/Economist,https://yougov.com/en-us/trackers/most-important-issues-facing-the-us
2025-06-02,ind,Gun control,0.02,179.0,single_list,YouGov/Economist,https://yougov.com/en-us/trackers/most-important-issues-facing-the-us
2025-06-02,ind,Health care,0.08,179.0,single_list,YouGov/Economist,https://yougov.com/en-us/trackers/most-important-issues-facing-the-us
2025-06-02,ind,Immigration,0.09,179.0,single_list,YouGov/Economist,https://yougov.com/en-us/trackers/most-important-issues-facing-the-us
2025-06-02,ind,Jobs and the economy,0.15,179.0,single_list,YouGov/Economist,https://yougov.com/en-us/trackers/most-important-issues-facing-the-us
2025-06-02,ind,Medicare,0.0,179.0,single_list,YouGov/Economist,https://yougov.com/en-us/trackers/most-important-issues-facing-the-us
2025-06-02,ind,National Security and foreign policy,0.06,179.0,single_list,YouGov/Economist,https://yougov.com/en-us/trackers/most-important-issues-facing-the-us
2025-06-02,ind,Social security,0.0,179.0,single_list,YouGov/Economist,https://yougov.com/en-us/trackers/most-important-issues-facing-the-us
2025-06-02,ind,Taxes and government spending,0.09,179.0,single_list,YouGov/Economist,https://yougov.com/en-us/trackers/most-important-issues-facing-the-us
2025-06-02,ind,Terrorism,0.0,179.0,single_list,YouGov/Economist,https://yougov.com/en-us/trackers/most-important-issues-facing-the-us
2025-06-02,ind,The budget deficit,0.0,179.0,single_list,YouGov/Economist,https://yougov.com/en-us/trackers/most-important-issues-facing-the-us
2025-06-02,ind,The war in Afghanistan,0.0,179.0,single_list,YouGov/Economist,https://yougov.com/en-us/trackers/most-important-issues-facing-the-us
2025-06-02,ind,Inflation/prices,0.15,179.0,single_list,YouGov/Economist,https://yougov.com/en-us/trackers/most-important-issues-facing-the-us
2025-06-09,ind,Abortion,0.02,326.0,single_list,YouGov/Economist,https://yougov.com/en-us/trackers/most-important-issues-facing-the-us
2025-06-09,ind,Civil rights and civil liberties,0.17,326.0,single_list,YouGov/Economist,https://yougov.com/en-us/trackers/most-important-issues-facing-the-us
2025-06-09,ind,Climate change and the environment,0.08,326.0,single_list,YouGov/Economist,https://yougov.com/en-us/trackers/most-important-issues-facing-the-us
2025-06-09,ind,Crime and criminal justice reform,0.03,326.0,single_list,YouGov/Economist,https://yougov.com/en-us/trackers/most-important-issues-facing-the-us
2025-06-09,ind,Education,0.03,326.0,single_list,YouGov/Economist,https://yougov.com/en-us/trackers/most-important-issues-facing-the-us
2025-06-09,ind,Gay rights,0.0,326.0,single_list,YouGov/Economist,https://yougov.com/en-us/trackers/most-important-issues-facing-the-us
2025-06-09,ind,Gun control,0.0,326.0,single_list,YouGov/Economist,https://yougov.com/en-us/trackers/most-important-issues-facing-the-us
2025-06-09,ind,Health care,0.13,326.0,single_list,YouGov/Economist,https://yougov.com/en-us/trackers/most-important-issues-facing-the-us
2025-06-09,ind,Immigration,0.07,326.0,single_list,YouGov/Economist,https://yougov.com/en-us/trackers/most-important-issues-facing-the-us
2025-06-09,ind,Jobs and the economy,0.13,326.0,single_list,YouGov/Economist,https://yougov.com/en-us/trackers/most-important-issues-facing-the-us
2025-06-09,ind,Medicare,0.0,326.0,single_list,YouGov/Economist,https://yougov.com/en-us/trackers/most-important-issues-facing-the-us
2025-06-09,ind,National Security and foreign policy,0.07,326.0,single_list,YouGov/Economist,https://yougov.com/en-us/trackers/most-important-issues-facing-the-us
2025-06-09,ind,Social security,0.0,326.0,single_list,YouGov/Economist,https://yougov.com/en-us/trackers/most-important-issues-facing-the-us
2025-06-09,ind,Taxes and government spending,0.08,326.0,single_list,YouGov/Economist,https://yougov.com/en-us/trackers/most-important-issues-facing-the-us
2025-06-09,ind,Terrorism,0.0,326.0,single_list,YouGov/Economist,https://yougov.com/en-us/trackers/most-important-issues-facing-the-us
2025-06-09,ind,The budget deficit,0.0,326.0,single_list,YouGov/Economist,https://yougov.com/en-us/trackers/most-important-issues-facing-the-us
2025-06-09,ind,The war in Afghanistan,0.0,326.0,single_list,YouGov/Economist,https://yougov.com/en-us/trackers/most-important-issues-facing-the-us
2025-06-09,ind,Inflation/prices,0.18,326.0,single_list,YouGov/Economist,https://yougov.com/en-us/trackers/most-important-issues-facing-the-us
2025-06-16,ind,Abortion,0.02,337.0,single_list,YouGov/Economist,https://yougov.com/en-us/trackers/most-important-issues-facing-the-us
2025-06-16,ind,Civil rights and civil liberties,0.19,337.0,single_list,YouGov/Economist,https://yougov.com/en-us/trackers/most-important-issues-facing-the-us
2025-06-16,ind,Climate change and the environment,0.07,337.0,single_list,YouGov/Economist,https://yougov.com/en-us/trackers/most-important-issues-facing-the-us
2025-06-16,ind,Crime and criminal justice reform,0.04,337.0,single_list,YouGov/Economist,https://yougov.com/en-us/trackers/most-important-issues-facing-the-us
2025-06-16,ind,Education,0.01,337.0,single_list,YouGov/Economist,https://yougov.com/en-us/trackers/most-important-issues-facing-the-us
2025-06-16,ind,Gay rights,0.0,337.0,single_list,YouGov/Economist,https://yougov.com/en-us/trackers/most-important-issues-facing-the-us
2025-06-16,ind,Gun control,0.01,337.0,single_list,YouGov/Economist,https://yougov.com/en-us/trackers/most-important-issues-facing-the-us
2025-06-16,ind,Health care,0.08,337.0,single_list,YouGov/Economist,https://yougov.com/en-us/trackers/most-important-issues-facing-the-us
2025-06-16,ind,Immigration,0.09,337.0,single_list,YouGov/Economist,https://yougov.com/en-us/trackers/most-important-issues-facing-the-us
2025-06-16,ind,Jobs and the economy,0.16,337.0,single_list,YouGov/Economist,https://yougov.com/en-us/trackers/most-important-issues-facing-the-us
2025-06-16,ind,Medicare,0.0,337.0,single_list,YouGov/Economist,https://yougov.com/en-us/trackers/most-important-issues-facing-the-us
2025-06-16,ind,National Security and foreign policy,0.1,337.0,single_list,YouGov/Economist,https://yougov.com/en-us/trackers/most-important-issues-facing-the-us
2025-06-16,ind,Social security,0.0,337.0,single_list,YouGov/Economist,https://yougov.com/en-us/trackers/most-important-issues-facing-the-us
2025-06-16,ind,Taxes and government spending,0.06,337.0,single_list,YouGov/Economist,https://yougov.com/en-us/trackers/most-important-issues-facing-the-us
2025-06-16,ind,Terrorism,0.0,337.0,single_list,YouGov/Economist,https://yougov.com/en-us/trackers/most-important-issues-facing-the-us
2025-06-16,ind,The budget deficit,0.0,337.0,single_list,YouGov/Economist,https://yougov.com/en-us/trackers/most-important-issues-facing-the-us
2025-06-16,ind,The war in Afghanistan,0.0,337.0,single_list,YouGov/Economist,https://yougov.com/en-us/trackers/most-important-issues-facing-the-us
2025-06-16,ind,Inflation/prices,0.18,337.0,single_list,YouGov/Economist,https://yougov.com/en-us/trackers/most-important-issues-facing-the-us
2025-06-23,ind,Abortion,0.02,326.0,single_list,YouGov/Economist,https://yougov.com/en-us/trackers/most-important-issues-facing-the-us
2025-06-23,ind,Civil rights and civil liberties,0.15,326.0,single_list,YouGov/Economist,https://yougov.com/en-us/trackers/most-important-issues-facing-the-us
2025-06-23,ind,Climate change and the environment,0.07,326.0,single_list,YouGov/Economist,https://yougov.com/en-us/trackers/most-important-issues-facing-the-us
2025-06-23,ind,Crime and criminal justice reform,0.02,326.0,single_list,YouGov/Economist,https://yougov.com/en-us/trackers/most-important-issues-facing-the-us
2025-06-23,ind,Education,0.03,326.0,single_list,YouGov/Economist,https://yougov.com/en-us/trackers/most-important-issues-facing-the-us
2025-06-23,ind,Gay rights,0.0,326.0,single_list,YouGov/Economist,https://yougov.com/en-us/trackers/most-important-issues-facing-the-us
2025-06-23,ind,Gun control,0.01,326.0,single_list,YouGov/Economist,https://yougov.com/en-us/trackers/most-important-issues-facing-the-us
2025-06-23,ind,Health care,0.08,326.0,single_list,YouGov/Economist,https://yougov.com/en-us/trackers/most-important-issues-facing-the-us
2025-06-23,ind,Immigration,0.08,326.0,single_list,YouGov/Economist,https://yougov.com/en-us/trackers/most-important-issues-facing-the-us
2025-06-23,ind,Jobs and the economy,0.12,326.0,single_list,YouGov/Economist,https://yougov.com/en-us/trackers/most-important-issues-facing-the-us
2025-06-23,ind,Medicare,0.0,326.0,single_list,YouGov/Economist,https://yougov.com/en-us/trackers/most-important-issues-facing-the-us
2025-06-23,ind,National Security and foreign policy,0.12,326.0,single_list,YouGov/Economist,https://yougov.com/en-us/trackers/most-important-issues-facing-the-us
2025-06-23,ind,Social security,0.0,326.0,single_list,YouGov/Economist,https://yougov.com/en-us/trackers/most-important-issues-facing-the-us
2025-06-23,ind,Taxes and government spending,0.11,326.0,single_list,YouGov/Economist,https://yougov.com/en-us/trackers/most-important-issues-facing-the-us
2025-06-23,ind,Terrorism,0.0,326.0,single_list,YouGov/Economist,https://yougov.com/en-us/trackers/most-important-issues-facing-the-us
2025-06-23,ind,The budget deficit,0.0,326.0,single_list,YouGov/Economist,https://yougov.com/en-us/trackers/most-important-issues-facing-the-us
2025-06-23,ind,The war in Afghanistan,0.0,326.0,single_list,YouGov/Economist,https://yougov.com/en-us/trackers/most-important-issues-facing-the-us
2025-06-23,ind,Inflation/prices,0.18,326.0,single_list,YouGov/Economist,https://yougov.com/en-us/trackers/most-important-issues-facing-the-us
2025-06-30,ind,Abortion,0.04,448.0,single_list,YouGov/Economist,https://yougov.com/en-us/trackers/most-important-issues-facing-the-us
2025-06-30,ind,Civil rights and civil liberties,0.24,448.0,single_list,YouGov/Economist,https://yougov.com/en-us/trackers/most-important-issues-facing-the-us
2025-06-30,ind,Climate change and the environment,0.08,448.0,single_list,YouGov/Economist,https://yougov.com/en-us/trackers/most-important-issues-facing-the-us
2025-06-30,ind,Crime and criminal justice reform,0.03,448.0,single_list,YouGov/Economist,https://yougov.com/en-us/trackers/most-important-issues-facing-the-us
2025-06-30,ind,Education,0.03,448.0,single_list,YouGov/Economist,https://yougov.com/en-us/trackers/most-important-issues-facing-the-us
2025-06-30,ind,Gay rights,0.0,448.0,single_list,YouGov/Economist,https://yougov.com/en-us/trackers/most-important-issues-facing-the-us
2025-06-30,ind,Gun control,0.01,448.0,single_list,YouGov/Economist,https://yougov.com/en-us/trackers/most-important-issues-facing-the-us
2025-06-30,ind,Health care,0.08,448.0,single_list,YouGov/Economist,https://yougov.com/en-us/trackers/most-important-issues-facing-the-us
2025-06-30,ind,Immigration,0.08,448.0,single_list,YouGov/Economist,https://yougov.com/en-us/trackers/most-important-issues-facing-the-us
2025-06-30,ind,Jobs and the economy,0.1,448.0,single_list,YouGov/Economist,https://yougov.com/en-us/trackers/most-important-issues-facing-the-us
2025-06-30,ind,Medicare,0.0,448.0,single_list,YouGov/Economist,https://yougov.com/en-us/trackers/most-important-issues-facing-the-us
2025-06-30,ind,National Security and foreign policy,0.09,448.0,single_list,YouGov/Economist,https://yougov.com/en-us/trackers/most-important-issues-facing-the-us
2025-06-30,ind,Social security,0.0,448.0,single_list,YouGov/Economist,https://yougov.com/en-us/trackers/most-important-issues-facing-the-us
2025-06-30,ind,Taxes and government spending,0.12,448.0,single_list,YouGov/Economist,https://yougov.com/en-us/trackers/most-important-issues-facing-the-us
2025-06-30,ind,Terrorism,0.0,448.0,single_list,YouGov/Economist,https://yougov.com/en-us/trackers/most-important-issues-facing-the-us
2025-06-30,ind,The budget deficit,0.0,448.0,single_list,YouGov/Economist,https://yougov.com/en-us/trackers/most-important-issues-facing-the-us
2025-06-30,ind,The war in Afghanistan,0.0,448.0,single_list,YouGov/Economist,https://yougov.com/en-us/trackers/most-important-issues-facing-the-us
2025-06-30,ind,Inflation/prices,0.12,448.0,single_list,YouGov/Economist,https://yougov.com/en-us/trackers/most-important-issues-facing-the-us
2025-07-07,ind,Abortion,0.02,418.0,single_list,YouGov/Economist,https://yougov.com/en-us/trackers/most-important-issues-facing-the-us
2025-07-07,ind,Civil rights and civil liberties,0.16,418.0,single_list,YouGov/Economist,https://yougov.com/en-us/trackers/most-important-issues-facing-the-us
2025-07-07,ind,Climate change and the environment,0.11,418.0,single_list,YouGov/Economist,https://yougov.com/en-us/trackers/most-important-issues-facing-the-us
2025-07-07,ind,Crime and criminal justice reform,0.02,418.0,single_list,YouGov/Economist,https://yougov.com/en-us/trackers/most-important-issues-facing-the-us
2025-07-07,ind,Education,0.05,418.0,single_list,YouGov/Economist,https://yougov.com/en-us/trackers/most-important-issues-facing-the-us
2025-07-07,ind,Gay rights,0.0,418.0,single_list,YouGov/Economist,https://yougov.com/en-us/trackers/most-important-issues-facing-the-us
2025-07-07,ind,Gun control,0.01,418.0,single_list,YouGov/Economist,https://yougov.com/en-us/trackers/most-important-issues-facing-the-us
2025-07-07,ind,Health care,0.1,418.0,single_list,YouGov/Economist,https://yougov.com/en-us/trackers/most-important-issues-facing-the-us
2025-07-07,ind,Immigration,0.1,418.0,single_list,YouGov/Economist,https://yougov.com/en-us/trackers/most-important-issues-facing-the-us
2025-07-07,ind,Jobs and the economy,0.12,418.0,single_list,YouGov/Economist,https://yougov.com/en-us/trackers/most-important-issues-facing-the-us
2025-07-07,ind,Medicare,0.0,418.0,single_list,YouGov/Economist,https://yougov.com/en-us/trackers/most-important-issues-facing-the-us
2025-07-07,ind,National Security and foreign policy,0.06,418.0,single_list,YouGov/Economist,https://yougov.com/en-us/trackers/most-important-issues-facing-the-us
2025-07-07,ind,Social security,0.0,418.0,single_list,YouGov/Economist,https://yougov.com/en-us/trackers/most-important-issues-facing-the-us
2025-07-07,ind,Taxes and government spending,0.08,418.0,single_list,YouGov/Economist,https://yougov.com/en-us/trackers/most-important-issues-facing-the-us
2025-07-07,ind,Terrorism,0.0,418.0,single_list,YouGov/Economist,https://yougov.com/en-us/trackers/most-important-issues-facing-the-us
2025-07-07,ind,The budget deficit,0.0,418.0,single_list,YouGov/Economist,https://yougov.com/en-us/trackers/most-important-issues-facing-the-us
2025-07-07,ind,The war in Afghanistan,0.0,418.0,single_list,YouGov/Economist,https://yougov.com/en-us/trackers/most-important-issues-facing-the-us
2025-07-07,ind,Inflation/prices,0.18,418.0,single_list,YouGov/Economist,https://yougov.com/en-us/trackers/most-important-issues-facing-the-us
2025-07-14,ind,Abortion,0.02,460.0,single_list,YouGov/Economist,https://yougov.com/en-us/trackers/most-important-issues-facing-the-us
2025-07-14,ind,Civil rights and civil liberties,0.15,460.0,single_list,YouGov/Economist,https://yougov.com/en-us/trackers/most-important-issues-facing-the-us
2025-07-14,ind,Climate change and the environment,0.05,460.0,single_list,YouGov/Economist,https://yougov.com/en-us/trackers/most-important-issues-facing-the-us
2025-07-14,ind,Crime and criminal justice reform,0.03,460.0,single_list,YouGov/Economist,https://yougov.com/en-us/trackers/most-important-issues-facing-the-us
2025-07-14,ind,Education,0.03,460.0,single_list,YouGov/Economist,https://yougov.com/en-us/trackers/most-important-issues-facing-the-us
2025-07-14,ind,Gay rights,0.0,460.0,single_list,YouGov/Economist,https://yougov.com/en-us/trackers/most-important-issues-facing-the-us
2025-07-14,ind,Gun control,0.02,460.0,single_list,YouGov/Economist,https://yougov.com/en-us/trackers/most-important-issues-facing-the-us
2025-07-14,ind,Health care,0.14,460.0,single_list,YouGov/Economist,https://yougov.com/en-us/trackers/most-important-issues-facing-the-us
2025-07-14,ind,Immigration,0.08,460.0,single_list,YouGov/Economist,https://yougov.com/en-us/trackers/most-important-issues-facing-the-us
2025-07-14,ind,Jobs and the economy,0.14,460.0,single_list,YouGov/Economist,https://yougov.com/en-us/trackers/most-important-issues-facing-the-us
2025-07-14,ind,Medicare,0.0,460.0,single_list,YouGov/Economist,https://yougov.com/en-us/trackers/most-important-issues-facing-the-us
2025-07-14,ind,National Security and foreign policy,0.05,460.0,single_list,YouGov/Economist,https://yougov.com/en-us/trackers/most-important-issues-facing-the-us
2025-07-14,ind,Social security,0.0,460.0,single_list,YouGov/Economist,https://yougov.com/en-us/trackers/most-important-issues-facing-the-us
2025-07-14,ind,Taxes and government spending,0.08,460.0,single_list,YouGov/Economist,https://yougov.com/en-us/trackers/most-important-issues-facing-the-us
2025-07-14,ind,Terrorism,0.0,460.0,single_list,YouGov/Economist,https://yougov.com/en-us/trackers/most-important-issues-facing-the-us
2025-07-14,ind,The budget deficit,0.0,460.0,single_list,YouGov/Economist,https://yougov.com/en-us/trackers/most-important-issues-facing-the-us
2025-07-14,ind,The war in Afghanistan,0.0,460.0,single_list,YouGov/Economist,https://yougov.com/en-us/trackers/most-important-issues-facing-the-us
2025-07-14,ind,Inflation/prices,0.2,460.0,single_list,YouGov/Economist,https://yougov.com/en-us/trackers/most-important-issues-facing-the-us
2025-07-21,ind,Abortion,0.04,465.0,single_list,YouGov/Economist,https://yougov.com/en-us/trackers/most-important-issues-facing-the-us
2025-07-21,ind,Civil rights and civil liberties,0.18,465.0,single_list,YouGov/Economist,https://yougov.com/en-us/trackers/most-important-issues-facing-the-us
2025-07-21,ind,Climate change and the environment,0.08,465.0,single_list,YouGov/Economist,https://yougov.com/en-us/trackers/most-important-issues-facing-the-us
2025-07-21,ind,Crime and criminal justice reform,0.02,465.0,single_list,YouGov/Economist,https://yougov.com/en-us/trackers/most-important-issues-facing-the-us
2025-07-21,ind,Education,0.02,465.0,single_list,YouGov/Economist,https://yougov.com/en-us/trackers/most-important-issues-facing-the-us
2025-07-21,ind,Gay rights,0.0,465.0,single_list,YouGov/Economist,https://yougov.com/en-us/trackers/most-important-issues-facing-the-us
2025-07-21,ind,Gun control,0.01,465.0,single_list,YouGov/Economist,https://yougov.com/en-us/trackers/most-important-issues-facing-the-us
2025-07-21,ind,Health care,0.1,465.0,single_list,YouGov/Economist,https://yougov.com/en-us/trackers/most-important-issues-facing-the-us
2025-07-21,ind,Immigration,0.08,465.0,single_list,YouGov/Economist,https://yougov.com/en-us/trackers/most-important-issues-facing-the-us
2025-07-21,ind,Jobs and the economy,0.15,465.0,single_list,YouGov/Economist,https://yougov.com/en-us/trackers/most-important-issues-facing-the-us
2025-07-21,ind,Medicare,0.0,465.0,single_list,YouGov/Economist,https://yougov.com/en-us/trackers/most-important-issues-facing-the-us
2025-07-21,ind,National Security and foreign policy,0.08,465.0,single_list,YouGov/Economist,https://yougov.com/en-us/trackers/most-important-issues-facing-the-us
2025-07-21,ind,Social security,0.0,465.0,single_list,YouGov/Economist,https://yougov.com/en-us/trackers/most-important-issues-facing-the-us
2025-07-21,ind,Taxes and government spending,0.07,465.0,single_list,YouGov/Economist,https://yougov.com/en-us/trackers/most-important-issues-facing-the-us
2025-07-21,ind,Terrorism,0.0,465.0,single_list,YouGov/Economist,https://yougov.com/en-us/trackers/most-important-issues-facing-the-us
2025-07-21,ind,The budget deficit,0.0,465.0,single_list,YouGov/Economist,https://yougov.com/en-us/trackers/most-important-issues-facing-the-us
2025-07-21,ind,The war in Afghanistan,0.0,465.0,single_list,YouGov/Economist,https://yougov.com/en-us/trackers/most-important-issues-facing-the-us
2025-07-21,ind,Inflation/prices,0.17,465.0,single_list,YouGov/Economist,https://yougov.com/en-us/trackers/most-important-issues-facing-the-us
2025-07-28,ind,Abortion,0.03,459.0,single_list,YouGov/Economist,https://yougov.com/en-us/trackers/most-important-issues-facing-the-us
2025-07-28,ind,Civil rights and civil liberties,0.16,459.0,single_list,YouGov/Economist,https://yougov.com/en-us/trackers/most-important-issues-facing-the-us
2025-07-28,ind,Climate change and the environment,0.09,459.0,single_list,YouGov/Economist,https://yougov.com/en-us/trackers/most-important-issues-facing-the-us
2025-07-28,ind,Crime and criminal justice reform,0.03,459.0,single_list,YouGov/Economist,https://yougov.com/en-us/trackers/most-important-issues-facing-the-us
2025-07-28,ind,Education,0.03,459.0,single_list,YouGov/Economist,https://yougov.com/en-us/trackers/most-important-issues-facing-the-us
2025-07-28,ind,Gay rights,0.0,459.0,single_list,YouGov/Economist,https://yougov.com/en-us/trackers/most-important-issues-facing-the-us
2025-07-28,ind,Gun control,0.01,459.0,single_list,YouGov/Economist,https://yougov.com/en-us/trackers/most-important-issues-facing-the-us
2025-07-28,ind,Health care,0.12,459.0,single_list,YouGov/Economist,https://yougov.com/en-us/trackers/most-important-issues-facing-the-us
2025-07-28,ind,Immigration,0.06,459.0,single_list,YouGov/Economist,https://yougov.com/en-us/trackers/most-important-issues-facing-the-us
2025-07-28,ind,Jobs and the economy,0.12,459.0,single_list,YouGov/Economist,https://yougov.com/en-us/trackers/most-important-issues-facing-the-us
2025-07-28,ind,Medicare,0.0,459.0,single_list,YouGov/Economist,https://yougov.com/en-us/trackers/most-important-issues-facing-the-us
2025-07-28,ind,National Security and foreign policy,0.06,459.0,single_list,YouGov/Economist,https://yougov.com/en-us/trackers/most-important-issues-facing-the-us
2025-07-28,ind,Social security,0.0,459.0,single_list,YouGov/Economist,https://yougov.com/en-us/trackers/most-important-issues-facing-the-us
2025-07-28,ind,Taxes and government spending,0.08,459.0,single_list,YouGov/Economist,https://yougov.com/en-us/trackers/most-important-issues-facing-the-us
2025-07-28,ind,Terrorism,0.0,459.0,single_list,YouGov/Economist,https://yougov.com/en-us/trackers/most-important-issues-facing-the-us
2025-07-28,ind,The budget deficit,0.0,459.0,single_list,YouGov/Economist,https://yougov.com/en-us/trackers/most-important-issues-facing-the-us
2025-07-28,ind,The war in Afghanistan,0.0,459.0,single_list,YouGov/Economist,https://yougov.com/en-us/trackers/most-important-issues-facing-the-us
2025-07-28,ind,Inflation/prices,0.22,459.0,single_list,YouGov/Economist,https://yougov.com/en-us/trackers/most-important-issues-facing-the-us
2025-08-04,ind,Abortion,0.03,455.0,single_list,YouGov/Economist,https://yougov.com/en-us/trackers/most-important-issues-facing-the-us
2025-08-04,ind,Civil rights and civil liberties,0.17,455.0,single_list,YouGov/Economist,https://yougov.com/en-us/trackers/most-important-issues-facing-the-us
2025-08-04,ind,Climate change and the environment,0.06,455.0,single_list,YouGov/Economist,https://yougov.com/en-us/trackers/most-important-issues-facing-the-us
2025-08-04,ind,Crime and criminal justice reform,0.05,455.0,single_list,YouGov/Economist,https://yougov.com/en-us/trackers/most-important-issues-facing-the-us
2025-08-04,ind,Education,0.02,455.0,single_list,YouGov/Economist,https://yougov.com/en-us/trackers/most-important-issues-facing-the-us
2025-08-04,ind,Gay rights,0.0,455.0,single_list,YouGov/Economist,https://yougov.com/en-us/trackers/most-important-issues-facing-the-us
2025-08-04,ind,Gun control,0.0,455.0,single_list,YouGov/Economist,https://yougov.com/en-us/trackers/most-important-issues-facing-the-us
2025-08-04,ind,Health care,0.13,455.0,single_list,YouGov/Economist,https://yougov.com/en-us/trackers/most-important-issues-facing-the-us
2025-08-04,ind,Immigration,0.06,455.0,single_list,YouGov/Economist,https://yougov.com/en-us/trackers/most-important-issues-facing-the-us
2025-08-04,ind,Jobs and the economy,0.14,455.0,single_list,YouGov/Economist,https://yougov.com/en-us/trackers/most-important-issues-facing-the-us
2025-08-04,ind,Medicare,0.0,455.0,single_list,YouGov/Economist,https://yougov.com/en-us/trackers/most-important-issues-facing-the-us
2025-08-04,ind,National Security and foreign policy,0.06,455.0,single_list,YouGov/Economist,https://yougov.com/en-us/trackers/most-important-issues-facing-the-us
2025-08-04,ind,Social security,0.0,455.0,single_list,YouGov/Economist,https://yougov.com/en-us/trackers/most-important-issues-facing-the-us
2025-08-04,ind,Taxes and government spending,0.1,455.0,single_list,YouGov/Economist,https://yougov.com/en-us/trackers/most-important-issues-facing-the-us
2025-08-04,ind,Terrorism,0.0,455.0,single_list,YouGov/Economist,https://yougov.com/en-us/trackers/most-important-issues-facing-the-us
2025-08-04,ind,The budget deficit,0.0,455.0,single_list,YouGov/Economist,https://yougov.com/en-us/trackers/most-important-issues-facing-the-us
2025-08-04,ind,The war in Afghanistan,0.0,455.0,single_list,YouGov/Economist,https://yougov.com/en-us/trackers/most-important-issues-facing-the-us
2025-08-04,ind,Inflation/prices,0.18,455.0,single_list,YouGov/Economist,https://yougov.com/en-us/trackers/most-important-issues-facing-the-us
2025-08-11,ind,Abortion,0.02,443.0,single_list,YouGov/Economist,https://yougov.com/en-us/trackers/most-important-issues-facing-the-us
2025-08-11,ind,Civil rights and civil liberties,0.19,443.0,single_list,YouGov/Economist,https://yougov.com/en-us/trackers/most-important-issues-facing-the-us
2025-08-11,ind,Climate change and the environment,0.07,443.0,single_list,YouGov/Economist,https://yougov.com/en-us/trackers/most-important-issues-facing-the-us
2025-08-11,ind,Crime and criminal justice reform,0.03,443.0,single_list,YouGov/Economist,https://yougov.com/en-us/trackers/most-important-issues-facing-the-us
2025-08-11,ind,Education,0.03,443.0,single_list,YouGov/Economist,https://yougov.com/en-us/trackers/most-important-issues-facing-the-us
2025-08-11,ind,Gay rights,0.0,443.0,single_list,YouGov/Economist,https://yougov.com/en-us/trackers/most-important-issues-facing-the-us
2025-08-11,ind,Gun control,0.02,443.0,single_list,YouGov/Economist,https://yougov.com/en-us/trackers/most-important-issues-facing-the-us
2025-08-11,ind,Health care,0.09,443.0,single_list,YouGov/Economist,https://yougov.com/en-us/trackers/most-important-issues-facing-the-us
2025-08-11,ind,Immigration,0.06,443.0,single_list,YouGov/Economist,https://yougov.com/en-us/trackers/most-important-issues-facing-the-us
2025-08-11,ind,Jobs and the economy,0.13,443.0,single_list,YouGov/Economist,https://yougov.com/en-us/trackers/most-important-issues-facing-the-us
2025-08-11,ind,Medicare,0.0,443.0,single_list,YouGov/Economist,https://yougov.com/en-us/trackers/most-important-issues-facing-the-us
2025-08-11,ind,National Security and foreign policy,0.08,443.0,single_list,YouGov/Economist,https://yougov.com/en-us/trackers/most-important-issues-facing-the-us
2025-08-11,ind,Social security,0.0,443.0,single_list,YouGov/Economist,https://yougov.com/en-us/trackers/most-important-issues-facing-the-us
2025-08-11,ind,Taxes and government spending,0.08,443.0,single_list,YouGov/Economist,https://yougov.com/en-us/trackers/most-important-issues-facing-the-us
2025-08-11,ind,Terrorism,0.0,443.0,single_list,YouGov/Economist,https://yougov.com/en-us/trackers/most-important-issues-facing-the-us
2025-08-11,ind,The budget deficit,0.0,443.0,single_list,YouGov/Economist,https://yougov.com/en-us/trackers/most-important-issues-facing-the-us
2025-08-11,ind,The war in Afghanistan,0.0,443.0,single_list,YouGov/Economist,https://yougov.com/en-us/trackers/most-important-issues-facing-the-us
2025-08-11,ind,Inflation/prices,0.19,443.0,single_list,YouGov/Economist,https://yougov.com/en-us/trackers/most-important-issues-facing-the-us
2025-08-18,ind,Abortion,0.02,411.0,single_list,YouGov/Economist,https://yougov.com/en-us/trackers/most-important-issues-facing-the-us
2025-08-18,ind,Civil rights and civil liberties,0.17,411.0,single_list,YouGov/Economist,https://yougov.com/en-us/trackers/most-important-issues-facing-the-us
2025-08-18,ind,Climate change and the environment,0.08,411.0,single_list,YouGov/Economist,https://yougov.com/en-us/trackers/most-important-issues-facing-the-us
2025-08-18,ind,Crime and criminal justice reform,0.04,411.0,single_list,YouGov/Economist,https://yougov.com/en-us/trackers/most-important-issues-facing-the-us
2025-08-18,ind,Education,0.03,411.0,single_list,YouGov/Economist,https://yougov.com/en-us/trackers/most-important-issues-facing-the-us
2025-08-18,ind,Gay rights,0.0,411.0,single_list,YouGov/Economist,https://yougov.com/en-us/trackers/most-important-issues-facing-the-us
2025-08-18,ind,Gun control,0.02,411.0,single_list,YouGov/Economist,https://yougov.com/en-us/trackers/most-important-issues-facing-the-us
2025-08-18,ind,Health care,0.1,411.0,single_list,YouGov/Economist,https://yougov.com/en-us/trackers/most-important-issues-facing-the-us
2025-08-18,ind,Immigration,0.07,411.0,single_list,YouGov/Economist,https://yougov.com/en-us/trackers/most-important-issues-facing-the-us
2025-08-18,ind,Jobs and the economy,0.13,411.0,single_list,YouGov/Economist,https://yougov.com/en-us/trackers/most-important-issues-facing-the-us
2025-08-18,ind,Medicare,0.0,411.0,single_list,YouGov/Economist,https://yougov.com/en-us/trackers/most-important-issues-facing-the-us
2025-08-18,ind,National Security and foreign policy,0.06,411.0,single_list,YouGov/Economist,https://yougov.com/en-us/trackers/most-important-issues-facing-the-us
2025-08-18,ind,Social security,0.0,411.0,single_list,YouGov/Economist,https://yougov.com/en-us/trackers/most-important-issues-facing-the-us
2025-08-18,ind,Taxes and government spending,0.08,411.0,single_list,YouGov/Economist,https://yougov.com/en-us/trackers/most-important-issues-facing-the-us
2025-08-18,ind,Terrorism,0.0,411.0,single_list,YouGov/Economist,https://yougov.com/en-us/trackers/most-important-issues-facing-the-us
2025-08-18,ind,The budget deficit,0.0,411.0,single_list,YouGov/Economist,https://yougov.com/en-us/trackers/most-important-issues-facing-the-us
2025-08-18,ind,The war in Afghanistan,0.0,411.0,single_list,YouGov/Economist,https://yougov.com/en-us/trackers/most-important-issues-facing-the-us
2025-08-18,ind,Inflation/prices,0.2,411.0,single_list,YouGov/Economist,https://yougov.com/en-us/trackers/most-important-issues-facing-the-us
2025-08-25,ind,Abortion,0.02,398.0,single_list,YouGov/Economist,https://yougov.com/en-us/trackers/most-important-issues-facing-the-us
2025-08-25,ind,Civil rights and civil liberties,0.16,398.0,single_list,YouGov/Economist,https://yougov.com/en-us/trackers/most-important-issues-facing-the-us
2025-08-25,ind,Climate change and the environment,0.11,398.0,single_list,YouGov/Economist,https://yougov.com/en-us/trackers/most-important-issues-facing-the-us
2025-08-25,ind,Crime and criminal justice reform,0.03,398.0,single_list,YouGov/Economist,https://yougov.com/en-us/trackers/most-important-issues-facing-the-us
2025-08-25,ind,Education,0.04,398.0,single_list,YouGov/Economist,https://yougov.com/en-us/trackers/most-important-issues-facing-the-us
2025-08-25,ind,Gay rights,0.0,398.0,single_list,YouGov/Economist,https://yougov.com/en-us/trackers/most-important-issues-facing-the-us
2025-08-25,ind,Gun control,0.02,398.0,single_list,YouGov/Economist,https://yougov.com/en-us/trackers/most-important-issues-facing-the-us
2025-08-25,ind,Health care,0.07,398.0,single_list,YouGov/Economist,https://yougov.com/en-us/trackers/most-important-issues-facing-the-us
2025-08-25,ind,Immigration,0.08,398.0,single_list,YouGov/Economist,https://yougov.com/en-us/trackers/most-important-issues-facing-the-us
2025-08-25,ind,Jobs and the economy,0.11,398.0,single_list,YouGov/Economist,https://yougov.com/en-us/trackers/most-important-issues-facing-the-us
2025-08-25,ind,Medicare,0.0,398.0,single_list,YouGov/Economist,https://yougov.com/en-us/trackers/most-important-issues-facing-the-us
2025-08-25,ind,National Security and foreign policy,0.06,398.0,single_list,YouGov/Economist,https://yougov.com/en-us/trackers/most-important-issues-facing-the-us
2025-08-25,ind,Social security,0.0,398.0,single_list,YouGov/Economist,https://yougov.com/en-us/trackers/most-important-issues-facing-the-us
2025-08-25,ind,Taxes and government spending,0.06,398.0,single_list,YouGov/Economist,https://yougov.com/en-us/trackers/most-important-issues-facing-the-us
2025-08-25,ind,Terrorism,0.0,398.0,single_list,YouGov/Economist,https://yougov.com/en-us/trackers/most-important-issues-facing-the-us
2025-08-25,ind,The budget deficit,0.0,398.0,single_list,YouGov/Economist,https://yougov.com/en-us/trackers/most-important-issues-facing-the-us
2025-08-25,ind,The war in Afghanistan,0.0,398.0,single_list,YouGov/Economist,https://yougov.com/en-us/trackers/most-important-issues-facing-the-us
2025-08-25,ind,Inflation/prices,0.23,398.0,single_list,YouGov/Economist,https://yougov.com/en-us/trackers/most-important-issues-facing-the-us
2025-09-02,ind,Abortion,0.02,412.0,single_list,YouGov/Economist,https://yougov.com/en-us/trackers/most-important-issues-facing-the-us
2025-09-02,ind,Civil rights and civil liberties,0.16,412.0,single_list,YouGov/Economist,https://yougov.com/en-us/trackers/most-important-issues-facing-the-us
2025-09-02,ind,Climate change and the environment,0.06,412.0,single_list,YouGov/Economist,https://yougov.com/en-us/trackers/most-important-issues-facing-the-us
2025-09-02,ind,Crime and criminal justice reform,0.04,412.0,single_list,YouGov/Economist,https://yougov.com/en-us/trackers/most-important-issues-facing-the-us
2025-09-02,ind,Education,0.02,412.0,single_list,YouGov/Economist,https://yougov.com/en-us/trackers/most-important-issues-facing-the-us
2025-09-02,ind,Gay rights,0.0,412.0,single_list,YouGov/Economist,https://yougov.com/en-us/trackers/most-important-issues-facing-the-us
2025-09-02,ind,Gun control,0.03,412.0,single_list,YouGov/Economist,https://yougov.com/en-us/trackers/most-important-issues-facing-the-us
2025-09-02,ind,Health care,0.09,412.0,single_list,YouGov/Economist,https://yougov.com/en-us/trackers/most-important-issues-facing-the-us
2025-09-02,ind,Immigration,0.07,412.0,single_list,YouGov/Economist,https://yougov.com/en-us/trackers/most-important-issues-facing-the-us
2025-09-02,ind,Jobs and the economy,0.12,412.0,single_list,YouGov/Economist,https://yougov.com/en-us/trackers/most-important-issues-facing-the-us
2025-09-02,ind,Medicare,0.0,412.0,single_list,YouGov/Economist,https://yougov.com/en-us/trackers/most-important-issues-facing-the-us
2025-09-02,ind,National Security and foreign policy,0.06,412.0,single_list,YouGov/Economist,https://yougov.com/en-us/trackers/most-important-issues-facing-the-us
2025-09-02,ind,Social security,0.0,412.0,single_list,YouGov/Economist,https://yougov.com/en-us/trackers/most-important-issues-facing-the-us
2025-09-02,ind,Taxes and government spending,0.1,412.0,single_list,YouGov/Economist,https://yougov.com/en-us/trackers/most-important-issues-facing-the-us
2025-09-02,ind,Terrorism,0.0,412.0,single_list,YouGov/Economist,https://yougov.com/en-us/trackers/most-important-issues-facing-the-us
2025-09-02,ind,The budget deficit,0.0,412.0,single_list,YouGov/Economist,https://yougov.com/en-us/trackers/most-important-issues-facing-the-us
2025-09-02,ind,The war in Afghanistan,0.0,412.0,single_list,YouGov/Economist,https://yougov.com/en-us/trackers/most-important-issues-facing-the-us
2025-09-02,ind,Inflation/prices,0.23,412.0,single_list,YouGov/Economist,https://yougov.com/en-us/trackers/most-important-issues-facing-the-us
2025-09-08,ind,Abortion,0.02,403.0,single_list,YouGov/Economist,https://yougov.com/en-us/trackers/most-important-issues-facing-the-us
2025-09-08,ind,Civil rights and civil liberties,0.16,403.0,single_list,YouGov/Economist,https://yougov.com/en-us/trackers/most-important-issues-facing-the-us
2025-09-08,ind,Climate change and the environment,0.06,403.0,single_list,YouGov/Economist,https://yougov.com/en-us/trackers/most-important-issues-facing-the-us
2025-09-08,ind,Crime and criminal justice reform,0.03,403.0,single_list,YouGov/Economist,https://yougov.com/en-us/trackers/most-important-issues-facing-the-us
2025-09-08,ind,Education,0.02,403.0,single_list,YouGov/Economist,https://yougov.com/en-us/trackers/most-important-issues-facing-the-us
2025-09-08,ind,Gay rights,0.0,403.0,single_list,YouGov/Economist,https://yougov.com/en-us/trackers/most-important-issues-facing-the-us
2025-09-08,ind,Gun control,0.02,403.0,single_list,YouGov/Economist,https://yougov.com/en-us/trackers/most-important-issues-facing-the-us
2025-09-08,ind,Health care,0.11,403.0,single_list,YouGov/Economist,https://yougov.com/en-us/trackers/most-important-issues-facing-the-us
2025-09-08,ind,Immigration,0.1,403.0,single_list,YouGov/Economist,https://yougov.com/en-us/trackers/most-important-issues-facing-the-us
2025-09-08,ind,Jobs and the economy,0.15,403.0,single_list,YouGov/Economist,https://yougov.com/en-us/trackers/most-important-issues-facing-the-us
2025-09-08,ind,Medicare,0.0,403.0,single_list,YouGov/Economist,https://yougov.com/en-us/trackers/most-important-issues-facing-the-us
2025-09-08,ind,National Security and foreign policy,0.06,403.0,single_list,YouGov/Economist,https://yougov.com/en-us/trackers/most-important-issues-facing-the-us
2025-09-08,ind,Social security,0.0,403.0,single_list,YouGov/Economist,https://yougov.com/en-us/trackers/most-important-issues-facing-the-us
2025-09-08,ind,Taxes and government spending,0.05,403.0,single_list,YouGov/Economist,https://yougov.com/en-us/trackers/most-important-issues-facing-the-us
2025-09-08,ind,Terrorism,0.0,403.0,single_list,YouGov/Economist,https://yougov.com/en-us/trackers/most-important-issues-facing-the-us
2025-09-08,ind,The budget deficit,0.0,403.0,single_list,YouGov/Economist,https://yougov.com/en-us/trackers/most-important-issues-facing-the-us
2025-09-08,ind,The war in Afghanistan,0.0,403.0,single_list,YouGov/Economist,https://yougov.com/en-us/trackers/most-important-issues-facing-the-us
2025-09-08,ind,Inflation/prices,0.22,403.0,single_list,YouGov/Economist,https://yougov.com/en-us/trackers/most-important-issues-facing-the-us
2025-09-15,ind,Abortion,0.03,384.0,single_list,YouGov/Economist,https://yougov.com/en-us/trackers/most-important-issues-facing-the-us
2025-09-15,ind,Civil rights and civil liberties,0.19,384.0,single_list,YouGov/Economist,https://yougov.com/en-us/trackers/most-important-issues-facing-the-us
2025-09-15,ind,Climate change and the environment,0.07,384.0,single_list,YouGov/Economist,https://yougov.com/en-us/trackers/most-important-issues-facing-the-us
2025-09-15,ind,Crime and criminal justice reform,0.05,384.0,single_list,YouGov/Economist,https://yougov.com/en-us/trackers/most-important-issues-facing-the-us
2025-09-15,ind,Education,0.02,384.0,single_list,YouGov/Economist,https://yougov.com/en-us/trackers/most-important-issues-facing-the-us
2025-09-15,ind,Gay rights,0.0,384.0,single_list,YouGov/Economist,https://yougov.com/en-us/trackers/most-important-issues-facing-the-us
2025-09-15,ind,Gun control,0.02,384.0,single_list,YouGov/Economist,https://yougov.com/en-us/trackers/most-important-issues-facing-the-us
2025-09-15,ind,Health care,0.08,384.0,single_list,YouGov/Economist,https://yougov.com/en-us/trackers/most-important-issues-facing-the-us
2025-09-15,ind,Immigration,0.08,384.0,single_list,YouGov/Economist,https://yougov.com/en-us/trackers/most-important-issues-facing-the-us
2025-09-15,ind,Jobs and the economy,0.11,384.0,single_list,YouGov/Economist,https://yougov.com/en-us/trackers/most-important-issues-facing-the-us
2025-09-15,ind,Medicare,0.0,384.0,single_list,YouGov/Economist,https://yougov.com/en-us/trackers/most-important-issues-facing-the-us
2025-09-15,ind,National Security and foreign policy,0.07,384.0,single_list,YouGov/Economist,https://yougov.com/en-us/trackers/most-important-issues-facing-the-us
2025-09-15,ind,Social security,0.0,384.0,single_list,YouGov/Economist,https://yougov.com/en-us/trackers/most-important-issues-facing-the-us
2025-09-15,ind,Taxes and government spending,0.06,384.0,single_list,YouGov/Economist,https://yougov.com/en-us/trackers/most-important-issues-facing-the-us
2025-09-15,ind,Terrorism,0.0,384.0,single_list,YouGov/Economist,https://yougov.com/en-us/trackers/most-important-issues-facing-the-us
2025-09-15,ind,The budget deficit,0.0,384.0,single_list,YouGov/Economist,https://yougov.com/en-us/trackers/most-important-issues-facing-the-us
2025-09-15,ind,The war in Afghanistan,0.0,384.0,single_list,YouGov/Economist,https://yougov.com/en-us/trackers/most-important-issues-facing-the-us
2025-09-15,ind,Inflation/prices,0.23,384.0,single_list,YouGov/Economist,https://yougov.com/en-us/trackers/most-important-issues-facing-the-us
2025-09-22,ind,Abortion,0.03,381.0,single_list,YouGov/Economist,https://yougov.com/en-us/trackers/most-important-issues-facing-the-us
2025-09-22,ind,Civil rights and civil liberties,0.24,381.0,single_list,YouGov/Economist,https://yougov.com/en-us/trackers/most-important-issues-facing-the-us
2025-09-22,ind,Climate change and the environment,0.09,381.0,single_list,YouGov/Economist,https://yougov.com/en-us/trackers/most-important-issues-facing-the-us
2025-09-22,ind,Crime and criminal justice reform,0.03,381.0,single_list,YouGov/Economist,https://yougov.com/en-us/trackers/most-important-issues-facing-the-us
2025-09-22,ind,Education,0.02,381.0,single_list,YouGov/Economist,https://yougov.com/en-us/trackers/most-important-issues-facing-the-us
2025-09-22,ind,Gay rights,0.0,381.0,single_list,YouGov/Economist,https://yougov.com/en-us/trackers/most-important-issues-facing-the-us
2025-09-22,ind,Gun control,0.03,381.0,single_list,YouGov/Economist,https://yougov.com/en-us/trackers/most-important-issues-facing-the-us
2025-09-22,ind,Health care,0.07,381.0,single_list,YouGov/Economist,https://yougov.com/en-us/trackers/most-important-issues-facing-the-us
2025-09-22,ind,Immigration,0.08,381.0,single_list,YouGov/Economist,https://yougov.com/en-us/trackers/most-important-issues-facing-the-us
2025-09-22,ind,Jobs and the economy,0.11,381.0,single_list,YouGov/Economist,https://yougov.com/en-us/trackers/most-important-issues-facing-the-us
2025-09-22,ind,Medicare,0.0,381.0,single_list,YouGov/Economist,https://yougov.com/en-us/trackers/most-important-issues-facing-the-us
2025-09-22,ind,National Security and foreign policy,0.04,381.0,single_list,YouGov/Economist,https://yougov.com/en-us/trackers/most-important-issues-facing-the-us
2025-09-22,ind,Social security,0.0,381.0,single_list,YouGov/Economist,https://yougov.com/en-us/trackers/most-important-issues-facing-the-us
2025-09-22,ind,Taxes and government spending,0.07,381.0,single_list,YouGov/Economist,https://yougov.com/en-us/trackers/most-important-issues-facing-the-us
2025-09-22,ind,Terrorism,0.0,381.0,single_list,YouGov/Economist,https://yougov.com/en-us/trackers/most-important-issues-facing-the-us
2025-09-22,ind,The budget deficit,0.0,381.0,single_list,YouGov/Economist,https://yougov.com/en-us/trackers/most-important-issues-facing-the-us
2025-09-22,ind,The war in Afghanistan,0.0,381.0,single_list,YouGov/Economist,https://yougov.com/en-us/trackers/most-important-issues-facing-the-us
2025-09-22,ind,Inflation/prices,0.21,381.0,single_list,YouGov/Economist,https://yougov.com/en-us/trackers/most-important-issues-facing-the-us
2025-09-29,ind,Abortion,0.04,424.0,single_list,YouGov/Economist,https://yougov.com/en-us/trackers/most-important-issues-facing-the-us
2025-09-29,ind,Civil rights and civil liberties,0.18,424.0,single_list,YouGov/Economist,https://yougov.com/en-us/trackers/most-important-issues-facing-the-us
2025-09-29,ind,Climate change and the environment,0.06,424.0,single_list,YouGov/Economist,https://yougov.com/en-us/trackers/most-important-issues-facing-the-us
2025-09-29,ind,Crime and criminal justice reform,0.05,424.0,single_list,YouGov/Economist,https://yougov.com/en-us/trackers/most-important-issues-facing-the-us
2025-09-29,ind,Education,0.02,424.0,single_list,YouGov/Economist,https://yougov.com/en-us/trackers/most-important-issues-facing-the-us
2025-09-29,ind,Gay rights,0.0,424.0,single_list,YouGov/Economist,https://yougov.com/en-us/trackers/most-important-issues-facing-the-us
2025-09-29,ind,Gun control,0.02,424.0,single_list,YouGov/Economist,https://yougov.com/en-us/trackers/most-important-issues-facing-the-us
2025-09-29,ind,Health care,0.09,424.0,single_list,YouGov/Economist,https://yougov.com/en-us/trackers/most-important-issues-facing-the-us
2025-09-29,ind,Immigration,0.08,424.0,single_list,YouGov/Economist,https://yougov.com/en-us/trackers/most-important-issues-facing-the-us
2025-09-29,ind,Jobs and the economy,0.14,424.0,single_list,YouGov/Economist,https://yougov.com/en-us/trackers/most-important-issues-facing-the-us
2025-09-29,ind,Medicare,0.0,424.0,single_list,YouGov/Economist,https://yougov.com/en-us/trackers/most-important-issues-facing-the-us
2025-09-29,ind,National Security and foreign policy,0.05,424.0,single_list,YouGov/Economist,https://yougov.com/en-us/trackers/most-important-issues-facing-the-us
2025-09-29,ind,Social security,0.0,424.0,single_list,YouGov/Economist,https://yougov.com/en-us/trackers/most-important-issues-facing-the-us
2025-09-29,ind,Taxes and government spending,0.07,424.0,single_list,YouGov/Economist,https://yougov.com/en-us/trackers/most-important-issues-facing-the-us
2025-09-29,ind,Terrorism,0.0,424.0,single_list,YouGov/Economist,https://yougov.com/en-us/trackers/most-important-issues-facing-the-us
2025-09-29,ind,The budget deficit,0.0,424.0,single_list,YouGov/Economist,https://yougov.com/en-us/trackers/most-important-issues-facing-the-us
2025-09-29,ind,The war in Afghanistan,0.0,424.0,single_list,YouGov/Economist,https://yougov.com/en-us/trackers/most-important-issues-facing-the-us
2025-09-29,ind,Inflation/prices,0.2,424.0,single_list,YouGov/Economist,https://yougov.com/en-us/trackers/most-important-issues-facing-the-us
2025-10-06,ind,Abortion,0.01,398.0,single_list,YouGov/Economist,https://yougov.com/en-us/trackers/most-important-issues-facing-the-us
2025-10-06,ind,Civil rights and civil liberties,0.19,398.0,single_list,YouGov/Economist,https://yougov.com/en-us/trackers/most-important-issues-facing-the-us
2025-10-06,ind,Climate change and the environment,0.04,398.0,single_list,YouGov/Economist,https://yougov.com/en-us/trackers/most-important-issues-facing-the-us
2025-10-06,ind,Crime and criminal justice reform,0.05,398.0,single_list,YouGov/Economist,https://yougov.com/en-us/trackers/most-important-issues-facing-the-us
2025-10-06,ind,Education,0.02,398.0,single_list,YouGov/Economist,https://yougov.com/en-us/trackers/most-important-issues-facing-the-us
2025-10-06,ind,Gay rights,0.0,398.0,single_list,YouGov/Economist,https://yougov.com/en-us/trackers/most-important-issues-facing-the-us
2025-10-06,ind,Gun control,0.01,398.0,single_list,YouGov/Economist,https://yougov.com/en-us/trackers/most-important-issues-facing-the-us
2025-10-06,ind,Health care,0.13,398.0,single_list,YouGov/Economist,https://yougov.com/en-us/trackers/most-important-issues-facing-the-us
2025-10-06,ind,Immigration,0.06,398.0,single_list,YouGov/Economist,https://yougov.com/en-us/trackers/most-important-issues-facing-the-us
2025-10-06,ind,Jobs and the economy,0.14,398.0,single_list,YouGov/Economist,https://yougov.com/en-us/trackers/most-important-issues-facing-the-us
2025-10-06,ind,Medicare,0.0,398.0,single_list,YouGov/Economist,https://yougov.com/en-us/trackers/most-important-issues-facing-the-us
2025-10-06,ind,National Security and foreign policy,0.05,398.0,single_list,YouGov/Economist,https://yougov.com/en-us/trackers/most-important-issues-facing-the-us
2025-10-06,ind,Social security,0.0,398.0,single_list,YouGov/Economist,https://yougov.com/en-us/trackers/most-important-issues-facing-the-us
2025-10-06,ind,Taxes and government spending,0.07,398.0,single_list,YouGov/Economist,https://yougov.com/en-us/trackers/most-important-issues-facing-the-us
2025-10-06,ind,Terrorism,0.0,398.0,single_list,YouGov/Economist,https://yougov.com/en-us/trackers/most-important-issues-facing-the-us
2025-10-06,ind,The budget deficit,0.0,398.0,single_list,YouGov/Economist,https://yougov.com/en-us/trackers/most-important-issues-facing-the-us
2025-10-06,ind,The war in Afghanistan,0.0,398.0,single_list,YouGov/Economist,https://yougov.com/en-us/trackers/most-important-issues-facing-the-us
2025-10-06,ind,Inflation/prices,0.23,398.0,single_list,YouGov/Economist,https://yougov.com/en-us/trackers/most-important-issues-facing-the-us
2025-10-13,ind,Abortion,0.03,411.0,single_list,YouGov/Economist,https://yougov.com/en-us/trackers/most-important-issues-facing-the-us
2025-10-13,ind,Civil rights and civil liberties,0.18,411.0,single_list,YouGov/Economist,https://yougov.com/en-us/trackers/most-important-issues-facing-the-us
2025-10-13,ind,Climate change and the environment,0.06,411.0,single_list,YouGov/Economist,https://yougov.com/en-us/trackers/most-important-issues-facing-the-us
2025-10-13,ind,Crime and criminal justice reform,0.03,411.0,single_list,YouGov/Economist,https://yougov.com/en-us/trackers/most-important-issues-facing-the-us
2025-10-13,ind,Education,0.03,411.0,single_list,YouGov/Economist,https://yougov.com/en-us/trackers/most-important-issues-facing-the-us
2025-10-13,ind,Gay rights,0.0,411.0,single_list,YouGov/Economist,https://yougov.com/en-us/trackers/most-important-issues-facing-the-us
2025-10-13,ind,Gun control,0.02,411.0,single_list,YouGov/Economist,https://yougov.com/en-us/trackers/most-important-issues-facing-the-us
2025-10-13,ind,Health care,0.08,411.0,single_list,YouGov/Economist,https://yougov.com/en-us/trackers/most-important-issues-facing-the-us
2025-10-13,ind,Immigration,0.07,411.0,single_list,YouGov/Economist,https://yougov.com/en-us/trackers/most-important-issues-facing-the-us
2025-10-13,ind,Jobs and the economy,0.14,411.0,single_list,YouGov/Economist,https://yougov.com/en-us/trackers/most-important-issues-facing-the-us
2025-10-13,ind,Medicare,0.0,411.0,single_list,YouGov/Economist,https://yougov.com/en-us/trackers/most-important-issues-facing-the-us
2025-10-13,ind,National Security and foreign policy,0.05,411.0,single_list,YouGov/Economist,https://yougov.com/en-us/trackers/most-important-issues-facing-the-us
2025-10-13,ind,Social security,0.0,411.0,single_list,YouGov/Economist,https://yougov.com/en-us/trackers/most-important-issues-facing-the-us
2025-10-13,ind,Taxes and government spending,0.1,411.0,single_list,YouGov/Economist,https://yougov.com/en-us/trackers/most-important-issues-facing-the-us
2025-10-13,ind,Terrorism,0.0,411.0,single_list,YouGov/Economist,https://yougov.com/en-us/trackers/most-important-issues-facing-the-us
2025-10-13,ind,The budget deficit,0.0,411.0,single_list,YouGov/Economist,https://yougov.com/en-us/trackers/most-important-issues-facing-the-us
2025-10-13,ind,The war in Afghanistan,0.0,411.0,single_list,YouGov/Economist,https://yougov.com/en-us/trackers/most-important-issues-facing-the-us
2025-10-13,ind,Inflation/prices,0.2,411.0,single_list,YouGov/Economist,https://yougov.com/en-us/trackers/most-important-issues-facing-the-us
2025-10-20,ind,Abortion,0.02,420.0,single_list,YouGov/Economist,https://yougov.com/en-us/trackers/most-important-issues-facing-the-us
2025-10-20,ind,Civil rights and civil liberties,0.19,420.0,single_list,YouGov/Economist,https://yougov.com/en-us/trackers/most-important-issues-facing-the-us
2025-10-20,ind,Climate change and the environment,0.06,420.0,single_list,YouGov/Economist,https://yougov.com/en-us/trackers/most-important-issues-facing-the-us
2025-10-20,ind,Crime and criminal justice reform,0.04,420.0,single_list,YouGov/Economist,https://yougov.com/en-us/trackers/most-important-issues-facing-the-us
2025-10-20,ind,Education,0.03,420.0,single_list,YouGov/Economist,https://yougov.com/en-us/trackers/most-important-issues-facing-the-us
2025-10-20,ind,Gay rights,0.0,420.0,single_list,YouGov/Economist,https://yougov.com/en-us/trackers/most-important-issues-facing-the-us
2025-10-20,ind,Gun control,0.02,420.0,single_list,YouGov/Economist,https://yougov.com/en-us/trackers/most-important-issues-facing-the-us
2025-10-20,ind,Health care,0.08,420.0,single_list,YouGov/Economist,https://yougov.com/en-us/trackers/most-important-issues-facing-the-us
2025-10-20,ind,Immigration,0.06,420.0,single_list,YouGov/Economist,https://yougov.com/en-us/trackers/most-important-issues-facing-the-us
2025-10-20,ind,Jobs and the economy,0.14,420.0,single_list,YouGov/Economist,https://yougov.com/en-us/trackers/most-important-issues-facing-the-us
2025-10-20,ind,Medicare,0.0,420.0,single_list,YouGov/Economist,https://yougov.com/en-us/trackers/most-important-issues-facing-the-us
2025-10-20,ind,National Security and foreign policy,0.05,420.0,single_list,YouGov/Economist,https://yougov.com/en-us/trackers/most-important-issues-facing-the-us
2025-10-20,ind,Social security,0.0,420.0,single_list,YouGov/Economist,https://yougov.com/en-us/trackers/most-important-issues-facing-the-us
2025-10-20,ind,Taxes and government spending,0.08,420.0,single_list,YouGov/Economist,https://yougov.com/en-us/trackers/most-important-issues-facing-the-us
2025-10-20,ind,Terrorism,0.0,420.0,single_list,YouGov/Economist,https://yougov.com/en-us/trackers/most-important-issues-facing-the-us
2025-10-20,ind,The budget deficit,0.0,420.0,single_list,YouGov/Economist,https://yougov.com/en-us/trackers/most-important-issues-facing-the-us
2025-10-20,ind,The war in Afghanistan,0.0,420.0,single_list,YouGov/Economist,https://yougov.com/en-us/trackers/most-important-issues-facing-the-us
2025-10-20,ind,Inflation/prices,0.23,420.0,single_list,YouGov/Economist,https://yougov.com/en-us/trackers/most-important-issues-facing-the-us
2025-10-27,ind,Abortion,0.02,422.0,single_list,YouGov/Economist,https://yougov.com/en-us/trackers/most-important-issues-facing-the-us
2025-10-27,ind,Civil rights and civil liberties,0.19,422.0,single_list,YouGov/Economist,https://yougov.com/en-us/trackers/most-important-issues-facing-the-us
2025-10-27,ind,Climate change and the environment,0.06,422.0,single_list,YouGov/Economist,https://yougov.com/en-us/trackers/most-important-issues-facing-the-us
2025-10-27,ind,Crime and criminal justice reform,0.03,422.0,single_list,YouGov/Economist,https://yougov.com/en-us/trackers/most-important-issues-facing-the-us
2025-10-27,ind,Education,0.03,422.0,single_list,YouGov/Economist,https://yougov.com/en-us/trackers/most-important-issues-facing-the-us
2025-10-27,ind,Gay rights,0.0,422.0,single_list,YouGov/Economist,https://yougov.com/en-us/trackers/most-important-issues-facing-the-us
2025-10-27,ind,Gun control,0.02,422.0,single_list,YouGov/Economist,https://yougov.com/en-us/trackers/most-important-issues-facing-the-us
2025-10-27,ind,Health care,0.11,422.0,single_list,YouGov/Economist,https://yougov.com/en-us/trackers/most-important-issues-facing-the-us
2025-10-27,ind,Immigration,0.04,422.0,single_list,YouGov/Economist,https://yougov.com/en-us/trackers/most-important-issues-facing-the-us
2025-10-27,ind,Jobs and the economy,0.14,422.0,single_list,YouGov/Economist,https://yougov.com/en-us/trackers/most-important-issues-facing-the-us
2025-10-27,ind,Medicare,0.0,422.0,single_list,YouGov/Economist,https://yougov.com/en-us/trackers/most-important-issues-facing-the-us
2025-10-27,ind,National Security and foreign policy,0.04,422.0,single_list,YouGov/Economist,https://yougov.com/en-us/trackers/most-important-issues-facing-the-us
2025-10-27,ind,Social security,0.0,422.0,single_list,YouGov/Economist,https://yougov.com/en-us/trackers/most-important-issues-facing-the-us
2025-10-27,ind,Taxes and government spending,0.09,422.0,single_list,YouGov/Economist,https://yougov.com/en-us/trackers/most-important-issues-facing-the-us
2025-10-27,ind,Terrorism,0.0,422.0,single_list,YouGov/Economist,https://yougov.com/en-us/trackers/most-important-issues-facing-the-us
2025-10-27,ind,The budget deficit,0.0,422.0,single_list,YouGov/Economist,https://yougov.com/en-us/trackers/most-important-issues-facing-the-us
2025-10-27,ind,The war in Afghanistan,0.0,422.0,single_list,YouGov/Economist,https://yougov.com/en-us/trackers/most-important-issues-facing-the-us
2025-10-27,ind,Inflation/prices,0.22,422.0,single_list,YouGov/Economist,https://yougov.com/en-us/trackers/most-important-issues-facing-the-us
2025-11-03,ind,Abortion,0.02,400.0,single_list,YouGov/Economist,https://yougov.com/en-us/trackers/most-important-issues-facing-the-us
2025-11-03,ind,Civil rights and civil liberties,0.2,400.0,single_list,YouGov/Economist,https://yougov.com/en-us/trackers/most-important-issues-facing-the-us
2025-11-03,ind,Climate change and the environment,0.05,400.0,single_list,YouGov/Economist,https://yougov.com/en-us/trackers/most-important-issues-facing-the-us
2025-11-03,ind,Crime and criminal justice reform,0.05,400.0,single_list,YouGov/Economist,https://yougov.com/en-us/trackers/most-important-issues-facing-the-us
2025-11-03,ind,Education,0.02,400.0,single_list,YouGov/Economist,https://yougov.com/en-us/trackers/most-important-issues-facing-the-us
2025-11-03,ind,Gay rights,0.0,400.0,single_list,YouGov/Economist,https://yougov.com/en-us/trackers/most-important-issues-facing-the-us
2025-11-03,ind,Gun control,0.01,400.0,single_list,YouGov/Economist,https://yougov.com/en-us/trackers/most-important-issues-facing-the-us
2025-11-03,ind,Health care,0.08,400.0,single_list,YouGov/Economist,https://yougov.com/en-us/trackers/most-important-issues-facing-the-us
2025-11-03,ind,Immigration,0.08,400.0,single_list,YouGov/Economist,https://yougov.com/en-us/trackers/most-important-issues-facing-the-us
2025-11-03,ind,Jobs and the economy,0.15,400.0,single_list,YouGov/Economist,https://yougov.com/en-us/trackers/most-important-issues-facing-the-us
2025-11-03,ind,Medicare,0.0,400.0,single_list,YouGov/Economist,https://yougov.com/en-us/trackers/most-important-issues-facing-the-us
2025-11-03,ind,National Security and foreign policy,0.06,400.0,single_list,YouGov/Economist,https://yougov.com/en-us/trackers/most-important-issues-facing-the-us
2025-11-03,ind,Social security,0.0,400.0,single_list,YouGov/Economist,https://yougov.com/en-us/trackers/most-important-issues-facing-the-us
2025-11-03,ind,Taxes and government spending,0.08,400.0,single_list,YouGov/Economist,https://yougov.com/en-us/trackers/most-important-issues-facing-the-us
2025-11-03,ind,Terrorism,0.0,400.0,single_list,YouGov/Economist,https://yougov.com/en-us/trackers/most-important-issues-facing-the-us
2025-11-03,ind,The budget deficit,0.0,400.0,single_list,YouGov/Economist,https://yougov.com/en-us/trackers/most-important-issues-facing-the-us
2025-11-03,ind,The war in Afghanistan,0.0,400.0,single_list,YouGov/Economist,https://yougov.com/en-us/trackers/most-important-issues-facing-the-us
2025-11-03,ind,Inflation/prices,0.22,400.0,single_list,YouGov/Economist,https://yougov.com/en-us/trackers/most-important-issues-facing-the-us
2025-11-10,ind,Abortion,0.02,823.0,single_list,YouGov/Economist,https://yougov.com/en-us/trackers/most-important-issues-facing-the-us
2025-11-10,ind,Civil rights and civil liberties,0.19,823.0,single_list,YouGov/Economist,https://yougov.com/en-us/trackers/most-important-issues-facing-the-us
2025-11-10,ind,Climate change and the environment,0.06,823.0,single_list,YouGov/Economist,https://yougov.com/en-us/trackers/most-important-issues-facing-the-us
2025-11-10,ind,Crime and criminal justice reform,0.02,823.0,single_list,YouGov/Economist,https://yougov.com/en-us/trackers/most-important-issues-facing-the-us
2025-11-10,ind,Education,0.03,823.0,single_list,YouGov/Economist,https://yougov.com/en-us/trackers/most-important-issues-facing-the-us
2025-11-10,ind,Gay rights,0.0,823.0,single_list,YouGov/Economist,https://yougov.com/en-us/trackers/most-important-issues-facing-the-us
2025-11-10,ind,Gun control,0.01,823.0,single_list,YouGov/Economist,https://yougov.com/en-us/trackers/most-important-issues-facing-the-us
2025-11-10,ind,Health care,0.1,823.0,single_list,YouGov/Economist,https://yougov.com/en-us/trackers/most-important-issues-facing-the-us
2025-11-10,ind,Immigration,0.07,823.0,single_list,YouGov/Economist,https://yougov.com/en-us/trackers/most-important-issues-facing-the-us
2025-11-10,ind,Jobs and the economy,0.15,823.0,single_list,YouGov/Economist,https://yougov.com/en-us/trackers/most-important-issues-facing-the-us
2025-11-10,ind,Medicare,0.0,823.0,single_list,YouGov/Economist,https://yougov.com/en-us/trackers/most-important-issues-facing-the-us
2025-11-10,ind,National Security and foreign policy,0.04,823.0,single_list,YouGov/Economist,https://yougov.com/en-us/trackers/most-important-issues-facing-the-us
2025-11-10,ind,Social security,0.0,823.0,single_list,YouGov/Economist,https://yougov.com/en-us/trackers/most-important-issues-facing-the-us
2025-11-10,ind,Taxes and government spending,0.08,823.0,single_list,YouGov/Economist,https://yougov.com/en-us/trackers/most-important-issues-facing-the-us
2025-11-10,ind,Terrorism,0.0,823.0,single_list,YouGov/Economist,https://yougov.com/en-us/trackers/most-important-issues-facing-the-us
2025-11-10,ind,The budget deficit,0.0,823.0,single_list,YouGov/Economist,https://yougov.com/en-us/trackers/most-important-issues-facing-the-us
2025-11-10,ind,The war in Afghanistan,0.0,823.0,single_list,YouGov/Economist,https://yougov.com/en-us/trackers/most-important-issues-facing-the-us
2025-11-10,ind,Inflation/prices,0.23,823.0,single_list,YouGov/Economist,https://yougov.com/en-us/trackers/most-important-issues-facing-the-us
2025-11-17,ind,Abortion,0.02,373.0,single_list,YouGov/Economist,https://yougov.com/en-us/trackers/most-important-issues-facing-the-us
2025-11-17,ind,Civil rights and civil liberties,0.15,373.0,single_list,YouGov/Economist,https://yougov.com/en-us/trackers/most-important-issues-facing-the-us
2025-11-17,ind,Climate change and the environment,0.06,373.0,single_list,YouGov/Economist,https://yougov.com/en-us/trackers/most-important-issues-facing-the-us
2025-11-17,ind,Crime and criminal justice reform,0.05,373.0,single_list,YouGov/Economist,https://yougov.com/en-us/trackers/most-important-issues-facing-the-us
2025-11-17,ind,Education,0.02,373.0,single_list,YouGov/Economist,https://yougov.com/en-us/trackers/most-important-issues-facing-the-us
2025-11-17,ind,Gay rights,0.0,373.0,single_list,YouGov/Economist,https://yougov.com/en-us/trackers/most-important-issues-facing-the-us
2025-11-17,ind,Gun control,0.01,373.0,single_list,YouGov/Economist,https://yougov.com/en-us/trackers/most-important-issues-facing-the-us
2025-11-17,ind,Health care,0.13,373.0,single_list,YouGov/Economist,https://yougov.com/en-us/trackers/most-important-issues-facing-the-us
2025-11-17,ind,Immigration,0.06,373.0,single_list,YouGov/Economist,https://yougov.com/en-us/trackers/most-important-issues-facing-the-us
2025-11-17,ind,Jobs and the economy,0.18,373.0,single_list,YouGov/Economist,https://yougov.com/en-us/trackers/most-important-issues-facing-the-us
2025-11-17,ind,Medicare,0.0,373.0,single_list,YouGov/Economist,https://yougov.com/en-us/trackers/most-important-issues-facing-the-us
2025-11-17,ind,National Security and foreign policy,0.04,373.0,single_list,YouGov/Economist,https://yougov.com/en-us/trackers/most-important-issues-facing-the-us
2025-11-17,ind,Social security,0.0,373.0,single_list,YouGov/Economist,https://yougov.com/en-us/trackers/most-important-issues-facing-the-us
2025-11-17,ind,Taxes and government spending,0.1,373.0,single_list,YouGov/Economist,https://yougov.com/en-us/trackers/most-important-issues-facing-the-us
2025-11-17,ind,Terrorism,0.0,373.0,single_list,YouGov/Economist,https://yougov.com/en-us/trackers/most-important-issues-facing-the-us
2025-11-17,ind,The budget deficit,0.0,373.0,single_list,YouGov/Economist,https://yougov.com/en-us/trackers/most-important-issues-facing-the-us
2025-11-17,ind,The war in Afghanistan,0.0,373.0,single_list,YouGov/Economist,https://yougov.com/en-us/trackers/most-important-issues-facing-the-us
2025-11-17,ind,Inflation/prices,0.19,373.0,single_list,YouGov/Economist,https://yougov.com/en-us/trackers/most-important-issues-facing-the-us
2025-11-24,ind,Abortion,0.02,412.0,single_list,YouGov/Economist,https://yougov.com/en-us/trackers/most-important-issues-facing-the-us
2025-11-24,ind,Civil rights and civil liberties,0.16,412.0,single_list,YouGov/Economist,https://yougov.com/en-us/trackers/most-important-issues-facing-the-us
2025-11-24,ind,Climate change and the environment,0.06,412.0,single_list,YouGov/Economist,https://yougov.com/en-us/trackers/most-important-issues-facing-the-us
2025-11-24,ind,Crime and criminal justice reform,0.03,412.0,single_list,YouGov/Economist,https://yougov.com/en-us/trackers/most-important-issues-facing-the-us
2025-11-24,ind,Education,0.02,412.0,single_list,YouGov/Economist,https://yougov.com/en-us/trackers/most-important-issues-facing-the-us
2025-11-24,ind,Gay rights,0.0,412.0,single_list,YouGov/Economist,https://yougov.com/en-us/trackers/most-important-issues-facing-the-us
2025-11-24,ind,Gun control,0.02,412.0,single_list,YouGov/Economist,https://yougov.com/en-us/trackers/most-important-issues-facing-the-us
2025-11-24,ind,Health care,0.1,412.0,single_list,YouGov/Economist,https://yougov.com/en-us/trackers/most-important-issues-facing-the-us
2025-11-24,ind,Immigration,0.06,412.0,single_list,YouGov/Economist,https://yougov.com/en-us/trackers/most-important-issues-facing-the-us
2025-11-24,ind,Jobs and the economy,0.2,412.0,single_list,YouGov/Economist,https://yougov.com/en-us/trackers/most-important-issues-facing-the-us
2025-11-24,ind,Medicare,0.0,412.0,single_list,YouGov/Economist,https://yougov.com/en-us/trackers/most-important-issues-facing-the-us
2025-11-24,ind,National Security and foreign policy,0.05,412.0,single_list,YouGov/Economist,https://yougov.com/en-us/trackers/most-important-issues-facing-the-us
2025-11-24,ind,Social security,0.0,412.0,single_list,YouGov/Economist,https://yougov.com/en-us/trackers/most-important-issues-facing-the-us
2025-11-24,ind,Taxes and government spending,0.08,412.0,single_list,YouGov/Economist,https://yougov.com/en-us/trackers/most-important-issues-facing-the-us
2025-11-24,ind,Terrorism,0.0,412.0,single_list,YouGov/Economist,https://yougov.com/en-us/trackers/most-important-issues-facing-the-us
2025-11-24,ind,The budget deficit,0.0,412.0,single_list,YouGov/Economist,https://yougov.com/en-us/trackers/most-important-issues-facing-the-us
2025-11-24,ind,The war in Afghanistan,0.0,412.0,single_list,YouGov/Economist,https://yougov.com/en-us/trackers/most-important-issues-facing-the-us
2025-11-24,ind,Inflation/prices,0.21,412.0,single_list,YouGov/Economist,https://yougov.com/en-us/trackers/most-important-issues-facing-the-us
2025-12-01,ind,Abortion,0.02,398.0,single_list,YouGov/Economist,https://yougov.com/en-us/trackers/most-important-issues-facing-the-us
2025-12-01,ind,Civil rights and civil liberties,0.12,398.0,single_list,YouGov/Economist,https://yougov.com/en-us/trackers/most-important-issues-facing-the-us
2025-12-01,ind,Climate change and the environment,0.06,398.0,single_list,YouGov/Economist,https://yougov.com/en-us/trackers/most-important-issues-facing-the-us
2025-12-01,ind,Crime and criminal justice reform,0.05,398.0,single_list,YouGov/Economist,https://yougov.com/en-us/trackers/most-important-issues-facing-the-us
2025-12-01,ind,Education,0.01,398.0,single_list,YouGov/Economist,https://yougov.com/en-us/trackers/most-important-issues-facing-the-us
2025-12-01,ind,Gay rights,0.0,398.0,single_list,YouGov/Economist,https://yougov.com/en-us/trackers/most-important-issues-facing-the-us
2025-12-01,ind,Gun control,0.01,398.0,single_list,YouGov/Economist,https://yougov.com/en-us/trackers/most-important-issues-facing-the-us
2025-12-01,ind,Health care,0.07,398.0,single_list,YouGov/Economist,https://yougov.com/en-us/trackers/most-important-issues-facing-the-us
2025-12-01,ind,Immigration,0.09,398.0,single_list,YouGov/Economist,https://yougov.com/en-us/trackers/most-important-issues-facing-the-us
2025-12-01,ind,Jobs and the economy,0.17,398.0,single_list,YouGov/Economist,https://yougov.com/en-us/trackers/most-important-issues-facing-the-us
2025-12-01,ind,Medicare,0.0,398.0,single_list,YouGov/Economist,https://yougov.com/en-us/trackers/most-important-issues-facing-the-us
2025-12-01,ind,National Security and foreign policy,0.05,398.0,single_list,YouGov/Economist,https://yougov.com/en-us/trackers/most-important-issues-facing-the-us
2025-12-01,ind,Social security,0.0,398.0,single_list,YouGov/Economist,https://yougov.com/en-us/trackers/most-important-issues-facing-the-us
2025-12-01,ind,Taxes and government spending,0.09,398.0,single_list,YouGov/Economist,https://yougov.com/en-us/trackers/most-important-issues-facing-the-us
2025-12-01,ind,Terrorism,0.0,398.0,single_list,YouGov/Economist,https://yougov.com/en-us/trackers/most-important-issues-facing-the-us
2025-12-01,ind,The budget deficit,0.0,398.0,single_list,YouGov/Economist,https://yougov.com/en-us/trackers/most-important-issues-facing-the-us
2025-12-01,ind,The war in Afghanistan,0.0,398.0,single_list,YouGov/Economist,https://yougov.com/en-us/trackers/most-important-issues-facing-the-us
2025-12-01,ind,Inflation/prices,0.25,398.0,single_list,YouGov/Economist,https://yougov.com/en-us/trackers/most-important-issues-facing-the-us
2025-12-08,ind,Abortion,0.02,389.0,single_list,YouGov/Economist,https://yougov.com/en-us/trackers/most-important-issues-facing-the-us
2025-12-08,ind,Civil rights and civil liberties,0.12,389.0,single_list,YouGov/Economist,https://yougov.com/en-us/trackers/most-important-issues-facing-the-us
2025-12-08,ind,Climate change and the environment,0.07,389.0,single_list,YouGov/Economist,https://yougov.com/en-us/trackers/most-important-issues-facing-the-us
2025-12-08,ind,Crime and criminal justice reform,0.03,389.0,single_list,YouGov/Economist,https://yougov.com/en-us/trackers/most-important-issues-facing-the-us
2025-12-08,ind,Education,0.03,389.0,single_list,YouGov/Economist,https://yougov.com/en-us/trackers/most-important-issues-facing-the-us
2025-12-08,ind,Gay rights,0.0,389.0,single_list,YouGov/Economist,https://yougov.com/en-us/trackers/most-important-issues-facing-the-us
2025-12-08,ind,Gun control,0.01,389.0,single_list,YouGov/Economist,https://yougov.com/en-us/trackers/most-important-issues-facing-the-us
2025-12-08,ind,Health care,0.12,389.0,single_list,YouGov/Economist,https://yougov.com/en-us/trackers/most-important-issues-facing-the-us
2025-12-08,ind,Immigration,0.08,389.0,single_list,YouGov/Economist,https://yougov.com/en-us/trackers/most-important-issues-facing-the-us
2025-12-08,ind,Jobs and the economy,0.12,389.0,single_list,YouGov/Economist,https://yougov.com/en-us/trackers/most-important-issues-facing-the-us
2025-12-08,ind,Medicare,0.0,389.0,single_list,YouGov/Economist,https://yougov.com/en-us/trackers/most-important-issues-facing-the-us
2025-12-08,ind,National Security and foreign policy,0.05,389.0,single_list,YouGov/Economist,https://yougov.com/en-us/trackers/most-important-issues-facing-the-us
2025-12-08,ind,Social security,0.0,389.0,single_list,YouGov/Economist,https://yougov.com/en-us/trackers/most-important-issues-facing-the-us
2025-12-08,ind,Taxes and government spending,0.08,389.0,single_list,YouGov/Economist,https://yougov.com/en-us/trackers/most-important-issues-facing-the-us
2025-12-08,ind,Terrorism,0.0,389.0,single_list,YouGov/Economist,https://yougov.com/en-us/trackers/most-important-issues-facing-the-us
2025-12-08,ind,The budget deficit,0.0,389.0,single_list,YouGov/Economist,https://yougov.com/en-us/trackers/most-important-issues-facing-the-us
2025-12-08,ind,The war in Afghanistan,0.0,389.0,single_list,YouGov/Economist,https://yougov.com/en-us/trackers/most-important-issues-facing-the-us
2025-12-08,ind,Inflation/prices,0.26,389.0,single_list,YouGov/Economist,https://yougov.com/en-us/trackers/most-important-issues-facing-the-us
2025-12-15,ind,Abortion,0.01,418.0,single_list,YouGov/Economist,https://yougov.com/en-us/trackers/most-important-issues-facing-the-us
2025-12-15,ind,Civil rights and civil liberties,0.14,418.0,single_list,YouGov/Economist,https://yougov.com/en-us/trackers/most-important-issues-facing-the-us
2025-12-15,ind,Climate change and the environment,0.1,418.0,single_list,YouGov/Economist,https://yougov.com/en-us/trackers/most-important-issues-facing-the-us
2025-12-15,ind,Crime and criminal justice reform,0.03,418.0,single_list,YouGov/Economist,https://yougov.com/en-us/trackers/most-important-issues-facing-the-us
2025-12-15,ind,Education,0.03,418.0,single_list,YouGov/Economist,https://yougov.com/en-us/trackers/most-important-issues-facing-the-us
2025-12-15,ind,Gay rights,0.0,418.0,single_list,YouGov/Economist,https://yougov.com/en-us/trackers/most-important-issues-facing-the-us
2025-12-15,ind,Gun control,0.01,418.0,single_list,YouGov/Economist,https://yougov.com/en-us/trackers/most-important-issues-facing-the-us
2025-12-15,ind,Health care,0.12,418.0,single_list,YouGov/Economist,https://yougov.com/en-us/trackers/most-important-issues-facing-the-us
2025-12-15,ind,Immigration,0.08,418.0,single_list,YouGov/Economist,https://yougov.com/en-us/trackers/most-important-issues-facing-the-us
2025-12-15,ind,Jobs and the economy,0.12,418.0,single_list,YouGov/Economist,https://yougov.com/en-us/trackers/most-important-issues-facing-the-us
2025-12-15,ind,Medicare,0.0,418.0,single_list,YouGov/Economist,https://yougov.com/en-us/trackers/most-important-issues-facing-the-us
2025-12-15,ind,National Security and foreign policy,0.09,418.0,single_list,YouGov/Economist,https://yougov.com/en-us/trackers/most-important-issues-facing-the-us
2025-12-15,ind,Social security,0.0,418.0,single_list,YouGov/Economist,https://yougov.com/en-us/trackers/most-important-issues-facing-the-us
2025-12-15,ind,Taxes and government spending,0.09,418.0,single_list,YouGov/Economist,https://yougov.com/en-us/trackers/most-important-issues-facing-the-us
2025-12-15,ind,Terrorism,0.0,418.0,single_list,YouGov/Economist,https://yougov.com/en-us/trackers/most-important-issues-facing-the-us
2025-12-15,ind,The budget deficit,0.0,418.0,single_list,YouGov/Economist,https://yougov.com/en-us/trackers/most-important-issues-facing-the-us
2025-12-15,ind,The war in Afghanistan,0.0,418.0,single_list,YouGov/Economist,https://yougov.com/en-us/trackers/most-important-issues-facing-the-us
2025-12-15,ind,Inflation/prices,0.19,418.0,single_list,YouGov/Economist,https://yougov.com/en-us/trackers/most-important-issues-facing-the-us
2025-12-22,ind,Abortion,0.01,402.0,single_list,YouGov/Economist,https://yougov.com/en-us/trackers/most-important-issues-facing-the-us
2025-12-22,ind,Civil rights and civil liberties,0.15,402.0,single_list,YouGov/Economist,https://yougov.com/en-us/trackers/most-important-issues-facing-the-us
2025-12-22,ind,Climate change and the environment,0.05,402.0,single_list,YouGov/Economist,https://yougov.com/en-us/trackers/most-important-issues-facing-the-us
2025-12-22,ind,Crime and criminal justice reform,0.02,402.0,single_list,YouGov/Economist,https://yougov.com/en-us/trackers/most-important-issues-facing-the-us
2025-12-22,ind,Education,0.03,402.0,single_list,YouGov/Economist,https://yougov.com/en-us/trackers/most-important-issues-facing-the-us
2025-12-22,ind,Gay rights,0.0,402.0,single_list,YouGov/Economist,https://yougov.com/en-us/trackers/most-important-issues-facing-the-us
2025-12-22,ind,Gun control,0.03,402.0,single_list,YouGov/Economist,https://yougov.com/en-us/trackers/most-important-issues-facing-the-us
2025-12-22,ind,Health care,0.13,402.0,single_list,YouGov/Economist,https://yougov.com/en-us/trackers/most-important-issues-facing-the-us
2025-12-22,ind,Immigration,0.07,402.0,single_list,YouGov/Economist,https://yougov.com/en-us/trackers/most-important-issues-facing-the-us
2025-12-22,ind,Jobs and the economy,0.16,402.0,single_list,YouGov/Economist,https://yougov.com/en-us/trackers/most-important-issues-facing-the-us
2025-12-22,ind,Medicare,0.0,402.0,single_list,YouGov/Economist,https://yougov.com/en-us/trackers/most-important-issues-facing-the-us
2025-12-22,ind,National Security and foreign policy,0.07,402.0,single_list,YouGov/Economist,https://yougov.com/en-us/trackers/most-important-issues-facing-the-us
2025-12-22,ind,Social security,0.0,402.0,single_list,YouGov/Economist,https://yougov.com/en-us/trackers/most-important-issues-facing-the-us
2025-12-22,ind,Taxes and government spending,0.09,402.0,single_list,YouGov/Economist,https://yougov.com/en-us/trackers/most-important-issues-facing-the-us
2025-12-22,ind,Terrorism,0.0,402.0,single_list,YouGov/Economist,https://yougov.com/en-us/trackers/most-important-issues-facing-the-us
2025-12-22,ind,The budget deficit,0.0,402.0,single_list,YouGov/Economist,https://yougov.com/en-us/trackers/most-important-issues-facing-the-us
2025-12-22,ind,The war in Afghanistan,0.0,402.0,single_list,YouGov/Economist,https://yougov.com/en-us/trackers/most-important-issues-facing-the-us
2025-12-22,ind,Inflation/prices,0.19,402.0,single_list,YouGov/Economist,https://yougov.com/en-us/trackers/most-important-issues-facing-the-us
2026-01-05,ind,Abortion,0.02,366.0,single_list,YouGov/Economist,https://yougov.com/en-us/trackers/most-important-issues-facing-the-us
2026-01-05,ind,Civil rights and civil liberties,0.11,366.0,single_list,YouGov/Economist,https://yougov.com/en-us/trackers/most-important-issues-facing-the-us
2026-01-05,ind,Climate change and the environment,0.06,366.0,single_list,YouGov/Economist,https://yougov.com/en-us/trackers/most-important-issues-facing-the-us
2026-01-05,ind,Crime and criminal justice reform,0.04,366.0,single_list,YouGov/Economist,https://yougov.com/en-us/trackers/most-important-issues-facing-the-us
2026-01-05,ind,Education,0.03,366.0,single_list,YouGov/Economist,https://yougov.com/en-us/trackers/most-important-issues-facing-the-us
2026-01-05,ind,Gay rights,0.0,366.0,single_list,YouGov/Economist,https://yougov.com/en-us/trackers/most-important-issues-facing-the-us
2026-01-05,ind,Gun control,0.01,366.0,single_list,YouGov/Economist,https://yougov.com/en-us/trackers/most-important-issues-facing-the-us
2026-01-05,ind,Health care,0.09,366.0,single_list,YouGov/Economist,https://yougov.com/en-us/trackers/most-important-issues-facing-the-us
2026-01-05,ind,Immigration,0.08,366.0,single_list,YouGov/Economist,https://yougov.com/en-us/trackers/most-important-issues-facing-the-us
2026-01-05,ind,Jobs and the economy,0.13,366.0,single_list,YouGov/Economist,https://yougov.com/en-us/trackers/most-important-issues-facing-the-us
2026-01-05,ind,Medicare,0.0,366.0,single_list,YouGov/Economist,https://yougov.com/en-us/trackers/most-important-issues-facing-the-us
2026-01-05,ind,National Security and foreign policy,0.07,366.0,single_list,YouGov/Economist,https://yougov.com/en-us/trackers/most-important-issues-facing-the-us
2026-01-05,ind,Social security,0.0,366.0,single_list,YouGov/Economist,https://yougov.com/en-us/trackers/most-important-issues-facing-the-us
2026-01-05,ind,Taxes and government spending,0.11,366.0,single_list,YouGov/Economist,https://yougov.com/en-us/trackers/most-important-issues-facing-the-us
2026-01-05,ind,Terrorism,0.0,366.0,single_list,YouGov/Economist,https://yougov.com/en-us/trackers/most-important-issues-facing-the-us
2026-01-05,ind,The budget deficit,0.0,366.0,single_list,YouGov/Economist,https://yougov.com/en-us/trackers/most-important-issues-facing-the-us
2026-01-05,ind,The war in Afghanistan,0.0,366.0,single_list,YouGov/Economist,https://yougov.com/en-us/trackers/most-important-issues-facing-the-us
2026-01-05,ind,Inflation/prices,0.24,366.0,single_list,YouGov/Economist,https://yougov.com/en-us/trackers/most-important-issues-facing-the-us
2026-01-12,ind,Abortion,0.02,389.0,single_list,YouGov/Economist,https://yougov.com/en-us/trackers/most-important-issues-facing-the-us
2026-01-12,ind,Civil rights and civil liberties,0.18,389.0,single_list,YouGov/Economist,https://yougov.com/en-us/trackers/most-important-issues-facing-the-us
2026-01-12,ind,Climate change and the environment,0.04,389.0,single_list,YouGov/Economist,https://yougov.com/en-us/trackers/most-important-issues-facing-the-us
2026-01-12,ind,Crime and criminal justice reform,0.04,389.0,single_list,YouGov/Economist,https://yougov.com/en-us/trackers/most-important-issues-facing-the-us
2026-01-12,ind,Education,0.01,389.0,single_list,YouGov/Economist,https://yougov.com/en-us/trackers/most-important-issues-facing-the-us
2026-01-12,ind,Gay rights,0.0,389.0,single_list,YouGov/Economist,https://yougov.com/en-us/trackers/most-important-issues-facing-the-us
2026-01-12,ind,Gun control,0.01,389.0,single_list,YouGov/Economist,https://yougov.com/en-us/trackers/most-important-issues-facing-the-us
2026-01-12,ind,Health care,0.08,389.0,single_list,YouGov/Economist,https://yougov.com/en-us/trackers/most-important-issues-facing-the-us
2026-01-12,ind,Immigration,0.05,389.0,single_list,YouGov/Economist,https://yougov.com/en-us/trackers/most-important-issues-facing-the-us
2026-01-12,ind,Jobs and the economy,0.18,389.0,single_list,YouGov/Economist,https://yougov.com/en-us/trackers/most-important-issues-facing-the-us
2026-01-12,ind,Medicare,0.0,389.0,single_list,YouGov/Economist,https://yougov.com/en-us/trackers/most-important-issues-facing-the-us
2026-01-12,ind,National Security and foreign policy,0.05,389.0,single_list,YouGov/Economist,https://yougov.com/en-us/trackers/most-important-issues-facing-the-us
2026-01-12,ind,Social security,0.0,389.0,single_list,YouGov/Economist,https://yougov.com/en-us/trackers/most-important-issues-facing-the-us
2026-01-12,ind,Taxes and government spending,0.09,389.0,single_list,YouGov/Economist,https://yougov.com/en-us/trackers/most-important-issues-facing-the-us
2026-01-12,ind,Terrorism,0.0,389.0,single_list,YouGov/Economist,https://yougov.com/en-us/trackers/most-important-issues-facing-the-us
2026-01-12,ind,The budget deficit,0.0,389.0,single_list,YouGov/Economist,https://yougov.com/en-us/trackers/most-important-issues-facing-the-us
2026-01-12,ind,The war in Afghanistan,0.0,389.0,single_list,YouGov/Economist,https://yougov.com/en-us/trackers/most-important-issues-facing-the-us
2026-01-12,ind,Inflation/prices,0.25,389.0,single_list,YouGov/Economist,https://yougov.com/en-us/trackers/most-important-issues-facing-the-us
2026-01-19,ind,Abortion,0.02,415.0,single_list,YouGov/Economist,https://yougov.com/en-us/trackers/most-important-issues-facing-the-us
2026-01-19,ind,Civil rights and civil liberties,0.19,415.0,single_list,YouGov/Economist,https://yougov.com/en-us/trackers/most-important-issues-facing-the-us
2026-01-19,ind,Climate change and the environment,0.05,415.0,single_list,YouGov/Economist,https://yougov.com/en-us/trackers/most-important-issues-facing-the-us
2026-01-19,ind,Crime and criminal justice reform,0.05,415.0,single_list,YouGov/Economist,https://yougov.com/en-us/trackers/most-important-issues-facing-the-us
2026-01-19,ind,Education,0.02,415.0,single_list,YouGov/Economist,https://yougov.com/en-us/trackers/most-important-issues-facing-the-us
2026-01-19,ind,Gay rights,0.0,415.0,single_list,YouGov/Economist,https://yougov.com/en-us/trackers/most-important-issues-facing-the-us
2026-01-19,ind,Gun control,0.01,415.0,single_list,YouGov/Economist,https://yougov.com/en-us/trackers/most-important-issues-facing-the-us
2026-01-19,ind,Health care,0.12,415.0,single_list,YouGov/Economist,https://yougov.com/en-us/trackers/most-important-issues-facing-the-us
2026-01-19,ind,Immigration,0.08,415.0,single_list,YouGov/Economist,https://yougov.com/en-us/trackers/most-important-issues-facing-the-us
2026-01-19,ind,Jobs and the economy,0.13,415.0,single_list,YouGov/Economist,https://yougov.com/en-us/trackers/most-important-issues-facing-the-us
2026-01-19,ind,Medicare,0.0,415.0,single_list,YouGov/Economist,https://yougov.com/en-us/trackers/most-important-issues-facing-the-us
2026-01-19,ind,National Security and foreign policy,0.06,415.0,single_list,YouGov/Economist,https://yougov.com/en-us/trackers/most-important-issues-facing-the-us
2026-01-19,ind,Social security,0.0,415.0,single_list,YouGov/Economist,https://yougov.com/en-us/trackers/most-important-issues-facing-the-us
2026-01-19,ind,Taxes and government spending,0.06,415.0,single_list,YouGov/Economist,https://yougov.com/en-us/trackers/most-important-issues-facing-the-us
2026-01-19,ind,Terrorism,0.0,415.0,single_list,YouGov/Economist,https://yougov.com/en-us/trackers/most-important-issues-facing-the-us
2026-01-19,ind,The budget deficit,0.0,415.0,single_list,YouGov/Economist,https://yougov.com/en-us/trackers/most-important-issues-facing-the-us
2026-01-19,ind,The war in Afghanistan,0.0,415.0,single_list,YouGov/Economist,https://yougov.com/en-us/trackers/most-important-issues-facing-the-us
2026-01-19,ind,Inflation/prices,0.21,415.0,single_list,YouGov/Economist,https://yougov.com/en-us/trackers/most-important-issues-facing-the-us
2026-01-26,ind,Abortion,0.02,425.0,single_list,YouGov/Economist,https://yougov.com/en-us/trackers/most-important-issues-facing-the-us
2026-01-26,ind,Civil rights and civil liberties,0.17,425.0,single_list,YouGov/Economist,https://yougov.com/en-us/trackers/most-important-issues-facing-the-us
2026-01-26,ind,Climate change and the environment,0.06,425.0,single_list,YouGov/Economist,https://yougov.com/en-us/trackers/most-important-issues-facing-the-us
2026-01-26,ind,Crime and criminal justice reform,0.04,425.0,single_list,YouGov/Economist,https://yougov.com/en-us/trackers/most-important-issues-facing-the-us
2026-01-26,ind,Education,0.04,425.0,single_list,YouGov/Economist,https://yougov.com/en-us/trackers/most-important-issues-facing-the-us
2026-01-26,ind,Gay rights,0.0,425.0,single_list,YouGov/Economist,https://yougov.com/en-us/trackers/most-important-issues-facing-the-us
2026-01-26,ind,Gun control,0.01,425.0,single_list,YouGov/Economist,https://yougov.com/en-us/trackers/most-important-issues-facing-the-us
2026-01-26,ind,Health care,0.08,425.0,single_list,YouGov/Economist,https://yougov.com/en-us/trackers/most-important-issues-facing-the-us
2026-01-26,ind,Immigration,0.08,425.0,single_list,YouGov/Economist,https://yougov.com/en-us/trackers/most-important-issues-facing-the-us
2026-01-26,ind,Jobs and the economy,0.11,425.0,single_list,YouGov/Economist,https://yougov.com/en-us/trackers/most-important-issues-facing-the-us
2026-01-26,ind,Medicare,0.0,425.0,single_list,YouGov/Economist,https://yougov.com/en-us/trackers/most-important-issues-facing-the-us
2026-01-26,ind,National Security and foreign policy,0.09,425.0,single_list,YouGov/Economist,https://yougov.com/en-us/trackers/most-important-issues-facing-the-us
2026-01-26,ind,Social security,0.0,425.0,single_list,YouGov/Economist,https://yougov.com/en-us/trackers/most-important-issues-facing-the-us
2026-01-26,ind,Taxes and government spending,0.09,425.0,single_list,YouGov/Economist,https://yougov.com/en-us/trackers/most-important-issues-facing-the-us
2026-01-26,ind,Terrorism,0.0,425.0,single_list,YouGov/Economist,https://yougov.com/en-us/trackers/most-important-issues-facing-the-us
2026-01-26,ind,The budget deficit,0.0,425.0,single_list,YouGov/Economist,https://yougov.com/en-us/trackers/most-important-issues-facing-the-us
2026-01-26,ind,The war in Afghanistan,0.0,425.0,single_list,YouGov/Economist,https://yougov.com/en-us/trackers/most-important-issues-facing-the-us
2026-01-26,ind,Inflation/prices,0.22,425.0,single_list,YouGov/Economist,https://yougov.com/en-us/trackers/most-important-issues-facing-the-us
2026-02-02,ind,Abortion,0.01,406.0,single_list,YouGov/Economist,https://yougov.com/en-us/trackers/most-important-issues-facing-the-us
2026-02-02,ind,Civil rights and civil liberties,0.21,406.0,single_list,YouGov/Economist,https://yougov.com/en-us/trackers/most-important-issues-facing-the-us
2026-02-02,ind,Climate change and the environment,0.04,406.0,single_list,YouGov/Economist,https://yougov.com/en-us/trackers/most-important-issues-facing-the-us
2026-02-02,ind,Crime and criminal justice reform,0.05,406.0,single_list,YouGov/Economist,https://yougov.com/en-us/trackers/most-important-issues-facing-the-us
2026-02-02,ind,Education,0.02,406.0,single_list,YouGov/Economist,https://yougov.com/en-us/trackers/most-important-issues-facing-the-us
2026-02-02,ind,Gay rights,0.0,406.0,single_list,YouGov/Economist,https://yougov.com/en-us/trackers/most-important-issues-facing-the-us
2026-02-02,ind,Gun control,0.01,406.0,single_list,YouGov/Economist,https://yougov.com/en-us/trackers/most-important-issues-facing-the-us
2026-02-02,ind,Health care,0.1,406.0,single_list,YouGov/Economist,https://yougov.com/en-us/trackers/most-important-issues-facing-the-us
2026-02-02,ind,Immigration,0.09,406.0,single_list,YouGov/Economist,https://yougov.com/en-us/trackers/most-important-issues-facing-the-us
2026-02-02,ind,Jobs and the economy,0.15,406.0,single_list,YouGov/Economist,https://yougov.com/en-us/trackers/most-important-issues-facing-the-us
2026-02-02,ind,Medicare,0.0,406.0,single_list,YouGov/Economist,https://yougov.com/en-us/trackers/most-important-issues-facing-the-us
2026-02-02,ind,National Security and foreign policy,0.06,406.0,single_list,YouGov/Economist,https://yougov.com/en-us/trackers/most-important-issues-facing-the-us
2026-02-02,ind,Social security,0.0,406.0,single_list,YouGov/Economist,https://yougov.com/en-us/trackers/most-important-issues-facing-the-us
2026-02-02,ind,Taxes and government spending,0.07,406.0,single_list,YouGov/Economist,https://yougov.com/en-us/trackers/most-important-issues-facing-the-us
2026-02-02,ind,Terrorism,0.0,406.0,single_list,YouGov/Economist,https://yougov.com/en-us/trackers/most-important-issues-facing-the-us
2026-02-02,ind,The budget deficit,0.0,406.0,single_list,YouGov/Economist,https://yougov.com/en-us/trackers/most-important-issues-facing-the-us
2026-02-02,ind,The war in Afghanistan,0.0,406.0,single_list,YouGov/Economist,https://yougov.com/en-us/trackers/most-important-issues-facing-the-us
2026-02-02,ind,Inflation/prices,0.2,406.0,single_list,YouGov/Economist,https://yougov.com/en-us/trackers/most-important-issues-facing-the-us
2026-02-09,ind,Abortion,0.01,357.0,single_list,YouGov/Economist,https://yougov.com/en-us/trackers/most-important-issues-facing-the-us
2026-02-09,ind,Civil rights and civil liberties,0.13,357.0,single_list,YouGov/Economist,https://yougov.com/en-us/trackers/most-important-issues-facing-the-us
2026-02-09,ind,Climate change and the environment,0.09,357.0,single_list,YouGov/Economist,https://yougov.com/en-us/trackers/most-important-issues-facing-the-us
2026-02-09,ind,Crime and criminal justice reform,0.03,357.0,single_list,YouGov/Economist,https://yougov.com/en-us/trackers/most-important-issues-facing-the-us
2026-02-09,ind,Education,0.01,357.0,single_list,YouGov/Economist,https://yougov.com/en-us/trackers/most-important-issues-facing-the-us
2026-02-09,ind,Gay rights,0.0,357.0,single_list,YouGov/Economist,https://yougov.com/en-us/trackers/most-important-issues-facing-the-us
2026-02-09,ind,Gun control,0.02,357.0,single_list,YouGov/Economist,https://yougov.com/en-us/trackers/most-important-issues-facing-the-us
2026-02-09,ind,Health care,0.11,357.0,single_list,YouGov/Economist,https://yougov.com/en-us/trackers/most-important-issues-facing-the-us
2026-02-09,ind,Immigration,0.08,357.0,single_list,YouGov/Economist,https://yougov.com/en-us/trackers/most-important-issues-facing-the-us
2026-02-09,ind,Jobs and the economy,0.14,357.0,single_list,YouGov/Economist,https://yougov.com/en-us/trackers/most-important-issues-facing-the-us
2026-02-09,ind,Medicare,0.0,357.0,single_list,YouGov/Economist,https://yougov.com/en-us/trackers/most-important-issues-facing-the-us
2026-02-09,ind,National Security and foreign policy,0.05,357.0,single_list,YouGov/Economist,https://yougov.com/en-us/trackers/most-important-issues-facing-the-us
2026-02-09,ind,Social security,0.0,357.0,single_list,YouGov/Economist,https://yougov.com/en-us/trackers/most-important-issues-facing-the-us
2026-02-09,ind,Taxes and government spending,0.11,357.0,single_list,YouGov/Economist,https://yougov.com/en-us/trackers/most-important-issues-facing-the-us
2026-02-09,ind,Terrorism,0.0,357.0,single_list,YouGov/Economist,https://yougov.com/en-us/trackers/most-important-issues-facing-the-us
2026-02-09,ind,The budget deficit,0.0,357.0,single_list,YouGov/Economist,https://yougov.com/en-us/trackers/most-important-issues-facing-the-us
2026-02-09,ind,The war in Afghanistan,0.0,357.0,single_list,YouGov/Economist,https://yougov.com/en-us/trackers/most-important-issues-facing-the-us
2026-02-09,ind,Inflation/prices,0.21,357.0,single_list,YouGov/Economist,https://yougov.com/en-us/trackers/most-important-issues-facing-the-us
2026-02-16,ind,Abortion,0.02,355.0,single_list,YouGov/Economist,https://yougov.com/en-us/trackers/most-important-issues-facing-the-us
2026-02-16,ind,Civil rights and civil liberties,0.16,355.0,single_list,YouGov/Economist,https://yougov.com/en-us/trackers/most-important-issues-facing-the-us
2026-02-16,ind,Climate change and the environment,0.06,355.0,single_list,YouGov/Economist,https://yougov.com/en-us/trackers/most-important-issues-facing-the-us
2026-02-16,ind,Crime and criminal justice reform,0.06,355.0,single_list,YouGov/Economist,https://yougov.com/en-us/trackers/most-important-issues-facing-the-us
2026-02-16,ind,Education,0.02,355.0,single_list,YouGov/Economist,https://yougov.com/en-us/trackers/most-important-issues-facing-the-us
2026-02-16,ind,Gay rights,0.0,355.0,single_list,YouGov/Economist,https://yougov.com/en-us/trackers/most-important-issues-facing-the-us
2026-02-16,ind,Gun control,0.01,355.0,single_list,YouGov/Economist,https://yougov.com/en-us/trackers/most-important-issues-facing-the-us
2026-02-16,ind,Health care,0.09,355.0,single_list,YouGov/Economist,https://yougov.com/en-us/trackers/most-important-issues-facing-the-us
2026-02-16,ind,Immigration,0.09,355.0,single_list,YouGov/Economist,https://yougov.com/en-us/trackers/most-important-issues-facing-the-us
2026-02-16,ind,Jobs and the economy,0.15,355.0,single_list,YouGov/Economist,https://yougov.com/en-us/trackers/most-important-issues-facing-the-us
2026-02-16,ind,Medicare,0.0,355.0,single_list,YouGov/Economist,https://yougov.com/en-us/trackers/most-important-issues-facing-the-us
2026-02-16,ind,National Security and foreign policy,0.08,355.0,single_list,YouGov/Economist,https://yougov.com/en-us/trackers/most-important-issues-facing-the-us
2026-02-16,ind,Social security,0.0,355.0,single_list,YouGov/Economist,https://yougov.com/en-us/trackers/most-important-issues-facing-the-us
2026-02-16,ind,Taxes and government spending,0.08,355.0,single_list,YouGov/Economist,https://yougov.com/en-us/trackers/most-important-issues-facing-the-us
2026-02-16,ind,Terrorism,0.0,355.0,single_list,YouGov/Economist,https://yougov.com/en-us/trackers/most-important-issues-facing-the-us
2026-02-16,ind,The budget deficit,0.0,355.0,single_list,YouGov/Economist,https://yougov.com/en-us/trackers/most-important-issues-facing-the-us
2026-02-16,ind,The war in Afghanistan,0.0,355.0,single_list,YouGov/Economist,https://yougov.com/en-us/trackers/most-important-issues-facing-the-us
2026-02-16,ind,Inflation/prices,0.19,355.0,single_list,YouGov/Economist,https://yougov.com/en-us/trackers/most-important-issues-facing-the-us
2026-02-23,ind,Abortion,0.03,355.0,single_list,YouGov/Economist,https://yougov.com/en-us/trackers/most-important-issues-facing-the-us
2026-02-23,ind,Civil rights and civil liberties,0.14,355.0,single_list,YouGov/Economist,https://yougov.com/en-us/trackers/most-important-issues-facing-the-us
2026-02-23,ind,Climate change and the environment,0.07,355.0,single_list,YouGov/Economist,https://yougov.com/en-us/trackers/most-important-issues-facing-the-us
2026-02-23,ind,Crime and criminal justice reform,0.04,355.0,single_list,YouGov/Economist,https://yougov.com/en-us/trackers/most-important-issues-facing-the-us
2026-02-23,ind,Education,0.03,355.0,single_list,YouGov/Economist,https://yougov.com/en-us/trackers/most-important-issues-facing-the-us
2026-02-23,ind,Gay rights,0.0,355.0,single_list,YouGov/Economist,https://yougov.com/en-us/trackers/most-important-issues-facing-the-us
2026-02-23,ind,Gun control,0.01,355.0,single_list,YouGov/Economist,https://yougov.com/en-us/trackers/most-important-issues-facing-the-us
2026-02-23,ind,Health care,0.11,355.0,single_list,YouGov/Economist,https://yougov.com/en-us/trackers/most-important-issues-facing-the-us
2026-02-23,ind,Immigration,0.07,355.0,single_list,YouGov/Economist,https://yougov.com/en-us/trackers/most-important-issues-facing-the-us
2026-02-23,ind,Jobs and the economy,0.16,355.0,single_list,YouGov/Economist,https://yougov.com/en-us/trackers/most-important-issues-facing-the-us
2026-02-23,ind,Medicare,0.0,355.0,single_list,YouGov/Economist,https://yougov.com/en-us/trackers/most-important-issues-facing-the-us
2026-02-23,ind,National Security and foreign policy,0.05,355.0,single_list,YouGov/Economist,https://yougov.com/en-us/trackers/most-important-issues-facing-the-us
2026-02-23,ind,Social security,0.0,355.0,single_list,YouGov/Economist,https://yougov.com/en-us/trackers/most-important-issues-facing-the-us
2026-02-23,ind,Taxes and government spending,0.09,355.0,single_list,YouGov/Economist,https://yougov.com/en-us/trackers/most-important-issues-facing-the-us
2026-02-23,ind,Terrorism,0.0,355.0,single_list,YouGov/Economist,https://yougov.com/en-us/trackers/most-important-issues-facing-the-us
2026-02-23,ind,The budget deficit,0.0,355.0,single_list,YouGov/Economist,https://yougov.com/en-us/trackers/most-important-issues-facing-the-us
2026-02-23,ind,The war in Afghanistan,0.0,355.0,single_list,YouGov/Economist,https://yougov.com/en-us/trackers/most-important-issues-facing-the-us
2026-02-23,ind,Inflation/prices,0.21,355.0,single_list,YouGov/Economist,https://yougov.com/en-us/trackers/most-important-issues-facing-the-us
2026-03-02,ind,Abortion,0.02,332.0,single_list,YouGov/Economist,https://yougov.com/en-us/trackers/most-important-issues-facing-the-us
2026-03-02,ind,Civil rights and civil liberties,0.17,332.0,single_list,YouGov/Economist,https://yougov.com/en-us/trackers/most-important-issues-facing-the-us
2026-03-02,ind,Climate change and the environment,0.07,332.0,single_list,YouGov/Economist,https://yougov.com/en-us/trackers/most-important-issues-facing-the-us
2026-03-02,ind,Crime and criminal justice reform,0.03,332.0,single_list,YouGov/Economist,https://yougov.com/en-us/trackers/most-important-issues-facing-the-us
2026-03-02,ind,Education,0.02,332.0,single_list,YouGov/Economist,https://yougov.com/en-us/trackers/most-important-issues-facing-the-us
2026-03-02,ind,Gay rights,0.0,332.0,single_list,YouGov/Economist,https://yougov.com/en-us/trackers/most-important-issues-facing-the-us
2026-03-02,ind,Gun control,0.02,332.0,single_list,YouGov/Economist,https://yougov.com/en-us/trackers/most-important-issues-facing-the-us
2026-03-02,ind,Health care,0.09,332.0,single_list,YouGov/Economist,https://yougov.com/en-us/trackers/most-important-issues-facing-the-us
2026-03-02,ind,Immigration,0.06,332.0,single_list,YouGov/Economist,https://yougov.com/en-us/trackers/most-important-issues-facing-the-us
2026-03-02,ind,Jobs and the economy,0.14,332.0,single_list,YouGov/Economist,https://yougov.com/en-us/trackers/most-important-issues-facing-the-us
2026-03-02,ind,Medicare,0.0,332.0,single_list,YouGov/Economist,https://yougov.com/en-us/trackers/most-important-issues-facing-the-us
2026-03-02,ind,National Security and foreign policy,0.08,332.0,single_list,YouGov/Economist,https://yougov.com/en-us/trackers/most-important-issues-facing-the-us
2026-03-02,ind,Social security,0.0,332.0,single_list,YouGov/Economist,https://yougov.com/en-us/trackers/most-important-issues-facing-the-us
2026-03-02,ind,Taxes and government spending,0.08,332.0,single_list,YouGov/Economist,https://yougov.com/en-us/trackers/most-important-issues-facing-the-us
2026-03-02,ind,Terrorism,0.0,332.0,single_list,YouGov/Economist,https://yougov.com/en-us/trackers/most-important-issues-facing-the-us
2026-03-02,ind,The budget deficit,0.0,332.0,single_list,YouGov/Economist,https://yougov.com/en-us/trackers/most-important-issues-facing-the-us
2026-03-02,ind,The war in Afghanistan,0.0,332.0,single_list,YouGov/Economist,https://yougov.com/en-us/trackers/most-important-issues-facing-the-us
2026-03-02,ind,Inflation/prices,0.23,332.0,single_list,YouGov/Economist,https://yougov.com/en-us/trackers/most-important-issues-facing-the-us
2026-03-09,ind,Abortion,0.02,355.0,single_list,YouGov/Economist,https://yougov.com/en-us/trackers/most-important-issues-facing-the-us
2026-03-09,ind,Civil rights and civil liberties,0.14,355.0,single_list,YouGov/Economist,https://yougov.com/en-us/trackers/most-important-issues-facing-the-us
2026-03-09,ind,Climate change and the environment,0.07,355.0,single_list,YouGov/Economist,https://yougov.com/en-us/trackers/most-important-issues-facing-the-us
2026-03-09,ind,Crime and criminal justice reform,0.01,355.0,single_list,YouGov/Economist,https://yougov.com/en-us/trackers/most-important-issues-facing-the-us
2026-03-09,ind,Education,0.02,355.0,single_list,YouGov/Economist,https://yougov.com/en-us/trackers/most-important-issues-facing-the-us
2026-03-09,ind,Gay rights,0.0,355.0,single_list,YouGov/Economist,https://yougov.com/en-us/trackers/most-important-issues-facing-the-us
2026-03-09,ind,Gun control,0.02,355.0,single_list,YouGov/Economist,https://yougov.com/en-us/trackers/most-important-issues-facing-the-us
2026-03-09,ind,Health care,0.13,355.0,single_list,YouGov/Economist,https://yougov.com/en-us/trackers/most-important-issues-facing-the-us
2026-03-09,ind,Immigration,0.09,355.0,single_list,YouGov/Economist,https://yougov.com/en-us/trackers/most-important-issues-facing-the-us
2026-03-09,ind,Jobs and the economy,0.15,355.0,single_list,YouGov/Economist,https://yougov.com/en-us/trackers/most-important-issues-facing-the-us
2026-03-09,ind,Medicare,0.0,355.0,single_list,YouGov/Economist,https://yougov.com/en-us/trackers/most-important-issues-facing-the-us
2026-03-09,ind,National Security and foreign policy,0.09,355.0,single_list,YouGov/Economist,https://yougov.com/en-us/trackers/most-important-issues-facing-the-us
2026-03-09,ind,Social security,0.0,355.0,single_list,YouGov/Economist,https://yougov.com/en-us/trackers/most-important-issues-facing-the-us
2026-03-09,ind,Taxes and government spending,0.06,355.0,single_list,YouGov/Economist,https://yougov.com/en-us/trackers/most-important-issues-facing-the-us
2026-03-09,ind,Terrorism,0.0,355.0,single_list,YouGov/Economist,https://yougov.com/en-us/trackers/most-important-issues-facing-the-us
2026-03-09,ind,The budget deficit,0.0,355.0,single_list,YouGov/Economist,https://yougov.com/en-us/trackers/most-important-issues-facing-the-us
2026-03-09,ind,The war in Afghanistan,0.0,355.0,single_list,YouGov/Economist,https://yougov.com/en-us/trackers/most-important-issues-facing-the-us
2026-03-09,ind,Inflation/prices,0.2,355.0,single_list,YouGov/Economist,https://yougov.com/en-us/trackers/most-important-issues-facing-the-us
2026-03-16,ind,Abortion,0.02,378.0,single_list,YouGov/Economist,https://yougov.com/en-us/trackers/most-important-issues-facing-the-us
2026-03-16,ind,Civil rights and civil liberties,0.13,378.0,single_list,YouGov/Economist,https://yougov.com/en-us/trackers/most-important-issues-facing-the-us
2026-03-16,ind,Climate change and the environment,0.05,378.0,single_list,YouGov/Economist,https://yougov.com/en-us/trackers/most-important-issues-facing-the-us
2026-03-16,ind,Crime and criminal justice reform,0.05,378.0,single_list,YouGov/Economist,https://yougov.com/en-us/trackers/most-important-issues-facing-the-us
2026-03-16,ind,Education,0.03,378.0,single_list,YouGov/Economist,https://yougov.com/en-us/trackers/most-important-issues-facing-the-us
2026-03-16,ind,Gay rights,0.0,378.0,single_list,YouGov/Economist,https://yougov.com/en-us/trackers/most-important-issues-facing-the-us
2026-03-16,ind,Gun control,0.01,378.0,single_list,YouGov/Economist,https://yougov.com/en-us/trackers/most-important-issues-facing-the-us
2026-03-16,ind,Health care,0.1,378.0,single_list,YouGov/Economist,https://yougov.com/en-us/trackers/most-important-issues-facing-the-us
2026-03-16,ind,Immigration,0.05,378.0,single_list,YouGov/Economist,https://yougov.com/en-us/trackers/most-important-issues-facing-the-us
2026-03-16,ind,Jobs and the economy,0.14,378.0,single_list,YouGov/Economist,https://yougov.com/en-us/trackers/most-important-issues-facing-the-us
2026-03-16,ind,Medicare,0.0,378.0,single_list,YouGov/Economist,https://yougov.com/en-us/trackers/most-important-issues-facing-the-us
2026-03-16,ind,National Security and foreign policy,0.07,378.0,single_list,YouGov/Economist,https://yougov.com/en-us/trackers/most-important-issues-facing-the-us
2026-03-16,ind,Social security,0.0,378.0,single_list,YouGov/Economist,https://yougov.com/en-us/trackers/most-important-issues-facing-the-us
2026-03-16,ind,Taxes and government spending,0.13,378.0,single_list,YouGov/Economist,https://yougov.com/en-us/trackers/most-important-issues-facing-the-us
2026-03-16,ind,Terrorism,0.0,378.0,single_list,YouGov/Economist,https://yougov.com/en-us/trackers/most-important-issues-facing-the-us
2026-03-16,ind,The budget deficit,0.0,378.0,single_list,YouGov/Economist,https://yougov.com/en-us/trackers/most-important-issues-facing-the-us
2026-03-16,ind,The war in Afghanistan,0.0,378.0,single_list,YouGov/Economist,https://yougov.com/en-us/trackers/most-important-issues-facing-the-us
2026-03-16,ind,Inflation/prices,0.22,378.0,single_list,YouGov/Economist,https://yougov.com/en-us/trackers/most-important-issues-facing-the-us
2026-03-23,ind,Abortion,0.02,388.0,single_list,YouGov/Economist,https://yougov.com/en-us/trackers/most-important-issues-facing-the-us
2026-03-23,ind,Civil rights and civil liberties,0.12,388.0,single_list,YouGov/Economist,https://yougov.com/en-us/trackers/most-important-issues-facing-the-us
2026-03-23,ind,Climate change and the environment,0.05,388.0,single_list,YouGov/Economist,https://yougov.com/en-us/trackers/most-important-issues-facing-the-us
2026-03-23,ind,Crime and criminal justice reform,0.02,388.0,single_list,YouGov/Economist,https://yougov.com/en-us/trackers/most-important-issues-facing-the-us
2026-03-23,ind,Education,0.03,388.0,single_list,YouGov/Economist,https://yougov.com/en-us/trackers/most-important-issues-facing-the-us
2026-03-23,ind,Gay rights,0.0,388.0,single_list,YouGov/Economist,https://yougov.com/en-us/trackers/most-important-issues-facing-the-us
2026-03-23,ind,Gun control,0.03,388.0,single_list,YouGov/Economist,https://yougov.com/en-us/trackers/most-important-issues-facing-the-us
2026-03-23,ind,Health care,0.08,388.0,single_list,YouGov/Economist,https://yougov.com/en-us/trackers/most-important-issues-facing-the-us
2026-03-23,ind,Immigration,0.07,388.0,single_list,YouGov/Economist,https://yougov.com/en-us/trackers/most-important-issues-facing-the-us
2026-03-23,ind,Jobs and the economy,0.15,388.0,single_list,YouGov/Economist,https://yougov.com/en-us/trackers/most-important-issues-facing-the-us
2026-03-23,ind,Medicare,0.0,388.0,single_list,YouGov/Economist,https://yougov.com/en-us/trackers/most-important-issues-facing-the-us
2026-03-23,ind,National Security and foreign policy,0.1,388.0,single_list,YouGov/Economist,https://yougov.com/en-us/trackers/most-important-issues-facing-the-us
2026-03-23,ind,Social security,0.0,388.0,single_list,YouGov/Economist,https://yougov.com/en-us/trackers/most-important-issues-facing-the-us
2026-03-23,ind,Taxes and government spending,0.1,388.0,single_list,YouGov/Economist,https://yougov.com/en-us/trackers/most-important-issues-facing-the-us
2026-03-23,ind,Terrorism,0.0,388.0,single_list,YouGov/Economist,https://yougov.com/en-us/trackers/most-important-issues-facing-the-us
2026-03-23,ind,The budget deficit,0.0,388.0,single_list,YouGov/Economist,https://yougov.com/en-us/trackers/most-important-issues-facing-the-us
2026-03-23,ind,The war in Afghanistan,0.0,388.0,single_list,YouGov/Economist,https://yougov.com/en-us/trackers/most-important-issues-facing-the-us
2026-03-23,ind,Inflation/prices,0.24,388.0,single_list,YouGov/Economist,https://yougov.com/en-us/trackers/most-important-issues-facing-the-us
2026-03-30,ind,Abortion,0.02,375.0,single_list,YouGov/Economist,https://yougov.com/en-us/trackers/most-important-issues-facing-the-us
2026-03-30,ind,Civil rights and civil liberties,0.1,375.0,single_list,YouGov/Economist,https://yougov.com/en-us/trackers/most-important-issues-facing-the-us
2026-03-30,ind,Climate change and the environment,0.06,375.0,single_list,YouGov/Economist,https://yougov.com/en-us/trackers/most-important-issues-facing-the-us
2026-03-30,ind,Crime and criminal justice reform,0.02,375.0,single_list,YouGov/Economist,https://yougov.com/en-us/trackers/most-important-issues-facing-the-us
2026-03-30,ind,Education,0.03,375.0,single_list,YouGov/Economist,https://yougov.com/en-us/trackers/most-important-issues-facing-the-us
2026-03-30,ind,Gay rights,0.0,375.0,single_list,YouGov/Economist,https://yougov.com/en-us/trackers/most-important-issues-facing-the-us
2026-03-30,ind,Gun control,0.02,375.0,single_list,YouGov/Economist,https://yougov.com/en-us/trackers/most-important-issues-facing-the-us
2026-03-30,ind,Health care,0.12,375.0,single_list,YouGov/Economist,https://yougov.com/en-us/trackers/most-important-issues-facing-the-us
2026-03-30,ind,Immigration,0.07,375.0,single_list,YouGov/Economist,https://yougov.com/en-us/trackers/most-important-issues-facing-the-us
2026-03-30,ind,Jobs and the economy,0.17,375.0,single_list,YouGov/Economist,https://yougov.com/en-us/trackers/most-important-issues-facing-the-us
2026-03-30,ind,Medicare,0.0,375.0,single_list,YouGov/Economist,https://yougov.com/en-us/trackers/most-important-issues-facing-the-us
2026-03-30,ind,National Security and foreign policy,0.07,375.0,single_list,YouGov/Economist,https://yougov.com/en-us/trackers/most-important-issues-facing-the-us
2026-03-30,ind,Social security,0.0,375.0,single_list,YouGov/Economist,https://yougov.com/en-us/trackers/most-important-issues-facing-the-us
2026-03-30,ind,Taxes and government spending,0.08,375.0,single_list,YouGov/Economist,https://yougov.com/en-us/trackers/most-important-issues-facing-the-us
2026-03-30,ind,Terrorism,0.0,375.0,single_list,YouGov/Economist,https://yougov.com/en-us/trackers/most-important-issues-facing-the-us
2026-03-30,ind,The budget deficit,0.0,375.0,single_list,YouGov/Economist,https://yougov.com/en-us/trackers/most-important-issues-facing-the-us
2026-03-30,ind,The war in Afghanistan,0.0,375.0,single_list,YouGov/Economist,https://yougov.com/en-us/trackers/most-important-issues-facing-the-us
2026-03-30,ind,Inflation/prices,0.25,375.0,single_list,YouGov/Economist,https://yougov.com/en-us/trackers/most-important-issues-facing-the-us
2026-04-06,ind,Abortion,0.01,399.0,single_list,YouGov/Economist,https://yougov.com/en-us/trackers/most-important-issues-facing-the-us
2026-04-06,ind,Civil rights and civil liberties,0.14,399.0,single_list,YouGov/Economist,https://yougov.com/en-us/trackers/most-important-issues-facing-the-us
2026-04-06,ind,Climate change and the environment,0.07,399.0,single_list,YouGov/Economist,https://yougov.com/en-us/trackers/most-important-issues-facing-the-us
2026-04-06,ind,Crime and criminal justice reform,0.04,399.0,single_list,YouGov/Economist,https://yougov.com/en-us/trackers/most-important-issues-facing-the-us
2026-04-06,ind,Education,0.04,399.0,single_list,YouGov/Economist,https://yougov.com/en-us/trackers/most-important-issues-facing-the-us
2026-04-06,ind,Gay rights,0.0,399.0,single_list,YouGov/Economist,https://yougov.com/en-us/trackers/most-important-issues-facing-the-us
2026-04-06,ind,Gun control,0.01,399.0,single_list,YouGov/Economist,https://yougov.com/en-us/trackers/most-important-issues-facing-the-us
2026-04-06,ind,Health care,0.07,399.0,single_list,YouGov/Economist,https://yougov.com/en-us/trackers/most-important-issues-facing-the-us
2026-04-06,ind,Immigration,0.06,399.0,single_list,YouGov/Economist,https://yougov.com/en-us/trackers/most-important-issues-facing-the-us
2026-04-06,ind,Jobs and the economy,0.12,399.0,single_list,YouGov/Economist,https://yougov.com/en-us/trackers/most-important-issues-facing-the-us
2026-04-06,ind,Medicare,0.0,399.0,single_list,YouGov/Economist,https://yougov.com/en-us/trackers/most-important-issues-facing-the-us
2026-04-06,ind,National Security and foreign policy,0.08,399.0,single_list,YouGov/Economist,https://yougov.com/en-us/trackers/most-important-issues-facing-the-us
2026-04-06,ind,Social security,0.0,399.0,single_list,YouGov/Economist,https://yougov.com/en-us/trackers/most-important-issues-facing-the-us
2026-04-06,ind,Taxes and government spending,0.09,399.0,single_list,YouGov/Economist,https://yougov.com/en-us/trackers/most-important-issues-facing-the-us
2026-04-06,ind,Terrorism,0.0,399.0,single_list,YouGov/Economist,https://yougov.com/en-us/trackers/most-important-issues-facing-the-us
2026-04-06,ind,The budget deficit,0.0,399.0,single_list,YouGov/Economist,https://yougov.com/en-us/trackers/most-important-issues-facing-the-us
2026-04-06,ind,The war in Afghanistan,0.0,399.0,single_list,YouGov/Economist,https://yougov.com/en-us/trackers/most-important-issues-facing-the-us
2026-04-06,ind,Inflation/prices,0.27,399.0,single_list,YouGov/Economist,https://yougov.com/en-us/trackers/most-important-issues-facing-the-us
2026-04-13,ind,Abortion,0.03,400.0,single_list,YouGov/Economist,https://yougov.com/en-us/trackers/most-important-issues-facing-the-us
2026-04-13,ind,Civil rights and civil liberties,0.11,400.0,single_list,YouGov/Economist,https://yougov.com/en-us/trackers/most-important-issues-facing-the-us
2026-04-13,ind,Climate change and the environment,0.07,400.0,single_list,YouGov/Economist,https://yougov.com/en-us/trackers/most-important-issues-facing-the-us
2026-04-13,ind,Crime and criminal justice reform,0.05,400.0,single_list,YouGov/Economist,https://yougov.com/en-us/trackers/most-important-issues-facing-the-us
2026-04-13,ind,Education,0.01,400.0,single_list,YouGov/Economist,https://yougov.com/en-us/trackers/most-important-issues-facing-the-us
2026-04-13,ind,Gay rights,0.0,400.0,single_list,YouGov/Economist,https://yougov.com/en-us/trackers/most-important-issues-facing-the-us
2026-04-13,ind,Gun control,0.01,400.0,single_list,YouGov/Economist,https://yougov.com/en-us/trackers/most-important-issues-facing-the-us
2026-04-13,ind,Health care,0.12,400.0,single_list,YouGov/Economist,https://yougov.com/en-us/trackers/most-important-issues-facing-the-us
2026-04-13,ind,Immigration,0.05,400.0,single_list,YouGov/Economist,https://yougov.com/en-us/trackers/most-important-issues-facing-the-us
2026-04-13,ind,Jobs and the economy,0.16,400.0,single_list,YouGov/Economist,https://yougov.com/en-us/trackers/most-important-issues-facing-the-us
2026-04-13,ind,Medicare,0.0,400.0,single_list,YouGov/Economist,https://yougov.com/en-us/trackers/most-important-issues-facing-the-us
2026-04-13,ind,National Security and foreign policy,0.07,400.0,single_list,YouGov/Economist,https://yougov.com/en-us/trackers/most-important-issues-facing-the-us
2026-04-13,ind,Social security,0.0,400.0,single_list,YouGov/Economist,https://yougov.com/en-us/trackers/most-important-issues-facing-the-us
2026-04-13,ind,Taxes and government spending,0.08,400.0,single_list,YouGov/Economist,https://yougov.com/en-us/trackers/most-important-issues-facing-the-us
2026-04-13,ind,Terrorism,0.0,400.0,single_list,YouGov/Economist,https://yougov.com/en-us/trackers/most-important-issues-facing-the-us
2026-04-13,ind,The budget deficit,0.0,400.0,single_list,YouGov/Economist,https://yougov.com/en-us/trackers/most-important-issues-facing-the-us
2026-04-13,ind,The war in Afghanistan,0.0,400.0,single_list,YouGov/Economist,https://yougov.com/en-us/trackers/most-important-issues-facing-the-us
2026-04-13,ind,Inflation/prices,0.24,400.0,single_list,YouGov/Economist,https://yougov.com/en-us/trackers/most-important-issues-facing-the-us
2026-04-20,ind,Abortion,0.02,413.0,single_list,YouGov/Economist,https://yougov.com/en-us/trackers/most-important-issues-facing-the-us
2026-04-20,ind,Civil rights and civil liberties,0.09,413.0,single_list,YouGov/Economist,https://yougov.com/en-us/trackers/most-important-issues-facing-the-us
2026-04-20,ind,Climate change and the environment,0.06,413.0,single_list,YouGov/Economist,https://yougov.com/en-us/trackers/most-important-issues-facing-the-us
2026-04-20,ind,Crime and criminal justice reform,0.03,413.0,single_list,YouGov/Economist,https://yougov.com/en-us/trackers/most-important-issues-facing-the-us
2026-04-20,ind,Education,0.02,413.0,single_list,YouGov/Economist,https://yougov.com/en-us/trackers/most-important-issues-facing-the-us
2026-04-20,ind,Gay rights,0.0,413.0,single_list,YouGov/Economist,https://yougov.com/en-us/trackers/most-important-issues-facing-the-us
2026-04-20,ind,Gun control,0.01,413.0,single_list,YouGov/Economist,https://yougov.com/en-us/trackers/most-important-issues-facing-the-us
2026-04-20,ind,Health care,0.13,413.0,single_list,YouGov/Economist,https://yougov.com/en-us/trackers/most-important-issues-facing-the-us
2026-04-20,ind,Immigration,0.05,413.0,single_list,YouGov/Economist,https://yougov.com/en-us/trackers/most-important-issues-facing-the-us
2026-04-20,ind,Jobs and the economy,0.13,413.0,single_list,YouGov/Economist,https://yougov.com/en-us/trackers/most-important-issues-facing-the-us
2026-04-20,ind,Medicare,0.0,413.0,single_list,YouGov/Economist,https://yougov.com/en-us/trackers/most-important-issues-facing-the-us
2026-04-20,ind,National Security and foreign policy,0.07,413.0,single_list,YouGov/Economist,https://yougov.com/en-us/trackers/most-important-issues-facing-the-us
2026-04-20,ind,Social security,0.0,413.0,single_list,YouGov/Economist,https://yougov.com/en-us/trackers/most-important-issues-facing-the-us
2026-04-20,ind,Taxes and government spending,0.08,413.0,single_list,YouGov/Economist,https://yougov.com/en-us/trackers/most-important-issues-facing-the-us
2026-04-20,ind,Terrorism,0.0,413.0,single_list,YouGov/Economist,https://yougov.com/en-us/trackers/most-important-issues-facing-the-us
2026-04-20,ind,The budget deficit,0.0,413.0,single_list,YouGov/Economist,https://yougov.com/en-us/trackers/most-important-issues-facing-the-us
2026-04-20,ind,The war in Afghanistan,0.0,413.0,single_list,YouGov/Economist,https://yougov.com/en-us/trackers/most-important-issues-facing-the-us
2026-04-20,ind,Inflation/prices,0.31,413.0,single_list,YouGov/Economist,https://yougov.com/en-us/trackers/most-important-issues-facing-the-us
2026-04-27,ind,Abortion,0.02,411.0,single_list,YouGov/Economist,https://yougov.com/en-us/trackers/most-important-issues-facing-the-us
2026-04-27,ind,Civil rights and civil liberties,0.11,411.0,single_list,YouGov/Economist,https://yougov.com/en-us/trackers/most-important-issues-facing-the-us
2026-04-27,ind,Climate change and the environment,0.06,411.0,single_list,YouGov/Economist,https://yougov.com/en-us/trackers/most-important-issues-facing-the-us
2026-04-27,ind,Crime and criminal justice reform,0.03,411.0,single_list,YouGov/Economist,https://yougov.com/en-us/trackers/most-important-issues-facing-the-us
2026-04-27,ind,Education,0.04,411.0,single_list,YouGov/Economist,https://yougov.com/en-us/trackers/most-important-issues-facing-the-us
2026-04-27,ind,Gay rights,0.0,411.0,single_list,YouGov/Economist,https://yougov.com/en-us/trackers/most-important-issues-facing-the-us
2026-04-27,ind,Gun control,0.03,411.0,single_list,YouGov/Economist,https://yougov.com/en-us/trackers/most-important-issues-facing-the-us
2026-04-27,ind,Health care,0.07,411.0,single_list,YouGov/Economist,https://yougov.com/en-us/trackers/most-important-issues-facing-the-us
2026-04-27,ind,Immigration,0.06,411.0,single_list,YouGov/Economist,https://yougov.com/en-us/trackers/most-important-issues-facing-the-us
2026-04-27,ind,Jobs and the economy,0.15,411.0,single_list,YouGov/Economist,https://yougov.com/en-us/trackers/most-important-issues-facing-the-us
2026-04-27,ind,Medicare,0.0,411.0,single_list,YouGov/Economist,https://yougov.com/en-us/trackers/most-important-issues-facing-the-us
2026-04-27,ind,National Security and foreign policy,0.08,411.0,single_list,YouGov/Economist,https://yougov.com/en-us/trackers/most-important-issues-facing-the-us
2026-04-27,ind,Social security,0.0,411.0,single_list,YouGov/Economist,https://yougov.com/en-us/trackers/most-important-issues-facing-the-us
2026-04-27,ind,Taxes and government spending,0.1,411.0,single_list,YouGov/Economist,https://yougov.com/en-us/trackers/most-important-issues-facing-the-us
2026-04-27,ind,Terrorism,0.0,411.0,single_list,YouGov/Economist,https://yougov.com/en-us/trackers/most-important-issues-facing-the-us
2026-04-27,ind,The budget deficit,0.0,411.0,single_list,YouGov/Economist,https://yougov.com/en-us/trackers/most-important-issues-facing-the-us
2026-04-27,ind,The war in Afghanistan,0.0,411.0,single_list,YouGov/Economist,https://yougov.com/en-us/trackers/most-important-issues-facing-the-us
2026-04-27,ind,Inflation/prices,0.25,411.0,single_list,YouGov/Economist,https://yougov.com/en-us/trackers/most-important-issues-facing-the-us
2026-05-04,ind,Abortion,0.01,355.0,single_list,YouGov/Economist,https://yougov.com/en-us/trackers/most-important-issues-facing-the-us
2026-05-04,ind,Civil rights and civil liberties,0.09,355.0,single_list,YouGov/Economist,https://yougov.com/en-us/trackers/most-important-issues-facing-the-us
2026-05-04,ind,Climate change and the environment,0.07,355.0,single_list,YouGov/Economist,https://yougov.com/en-us/trackers/most-important-issues-facing-the-us
2026-05-04,ind,Crime and criminal justice reform,0.05,355.0,single_list,YouGov/Economist,https://yougov.com/en-us/trackers/most-important-issues-facing-the-us
2026-05-04,ind,Education,0.01,355.0,single_list,YouGov/Economist,https://yougov.com/en-us/trackers/most-important-issues-facing-the-us
2026-05-04,ind,Gay rights,0.0,355.0,single_list,YouGov/Economist,https://yougov.com/en-us/trackers/most-important-issues-facing-the-us
2026-05-04,ind,Gun control,0.02,355.0,single_list,YouGov/Economist,https://yougov.com/en-us/trackers/most-important-issues-facing-the-us
2026-05-04,ind,Health care,0.11,355.0,single_list,YouGov/Economist,https://yougov.com/en-us/trackers/most-important-issues-facing-the-us
2026-05-04,ind,Immigration,0.06,355.0,single_list,YouGov/Economist,https://yougov.com/en-us/trackers/most-important-issues-facing-the-us
2026-05-04,ind,Jobs and the economy,0.15,355.0,single_list,YouGov/Economist,https://yougov.com/en-us/trackers/most-important-issues-facing-the-us
2026-05-04,ind,Medicare,0.0,355.0,single_list,YouGov/Economist,https://yougov.com/en-us/trackers/most-important-issues-facing-the-us
2026-05-04,ind,National Security and foreign policy,0.05,355.0,single_list,YouGov/Economist,https://yougov.com/en-us/trackers/most-important-issues-facing-the-us
2026-05-04,ind,Social security,0.0,355.0,single_list,YouGov/Economist,https://yougov.com/en-us/trackers/most-important-issues-facing-the-us
2026-05-04,ind,Taxes and government spending,0.11,355.0,single_list,YouGov/Economist,https://yougov.com/en-us/trackers/most-important-issues-facing-the-us
2026-05-04,ind,Terrorism,0.0,355.0,single_list,YouGov/Economist,https://yougov.com/en-us/trackers/most-important-issues-facing-the-us
2026-05-04,ind,The budget deficit,0.0,355.0,single_list,YouGov/Economist,https://yougov.com/en-us/trackers/most-important-issues-facing-the-us
2026-05-04,ind,The war in Afghanistan,0.0,355.0,single_list,YouGov/Economist,https://yougov.com/en-us/trackers/most-important-issues-facing-the-us
2026-05-04,ind,Inflation/prices,0.26,355.0,single_list,YouGov/Economist,https://yougov.com/en-us/trackers/most-important-issues-facing-the-us
2026-05-11,ind,Abortion,0.02,333.0,single_list,YouGov/Economist,https://yougov.com/en-us/trackers/most-important-issues-facing-the-us
2026-05-11,ind,Civil rights and civil liberties,0.11,333.0,single_list,YouGov/Economist,https://yougov.com/en-us/trackers/most-important-issues-facing-the-us
2026-05-11,ind,Climate change and the environment,0.05,333.0,single_list,YouGov/Economist,https://yougov.com/en-us/trackers/most-important-issues-facing-the-us
2026-05-11,ind,Crime and criminal justice reform,0.03,333.0,single_list,YouGov/Economist,https://yougov.com/en-us/trackers/most-important-issues-facing-the-us
2026-05-11,ind,Education,0.04,333.0,single_list,YouGov/Economist,https://yougov.com/en-us/trackers/most-important-issues-facing-the-us
2026-05-11,ind,Gay rights,0.0,333.0,single_list,YouGov/Economist,https://yougov.com/en-us/trackers/most-important-issues-facing-the-us
2026-05-11,ind,Gun control,0.01,333.0,single_list,YouGov/Economist,https://yougov.com/en-us/trackers/most-important-issues-facing-the-us
2026-05-11,ind,Health care,0.1,333.0,single_list,YouGov/Economist,https://yougov.com/en-us/trackers/most-important-issues-facing-the-us
2026-05-11,ind,Immigration,0.06,333.0,single_list,YouGov/Economist,https://yougov.com/en-us/trackers/most-important-issues-facing-the-us
2026-05-11,ind,Jobs and the economy,0.16,333.0,single_list,YouGov/Economist,https://yougov.com/en-us/trackers/most-important-issues-facing-the-us
2026-05-11,ind,Medicare,0.0,333.0,single_list,YouGov/Economist,https://yougov.com/en-us/trackers/most-important-issues-facing-the-us
2026-05-11,ind,National Security and foreign policy,0.06,333.0,single_list,YouGov/Economist,https://yougov.com/en-us/trackers/most-important-issues-facing-the-us
2026-05-11,ind,Social security,0.0,333.0,single_list,YouGov/Economist,https://yougov.com/en-us/trackers/most-important-issues-facing-the-us
2026-05-11,ind,Taxes and government spending,0.1,333.0,single_list,YouGov/Economist,https://yougov.com/en-us/trackers/most-important-issues-facing-the-us
2026-05-11,ind,Terrorism,0.0,333.0,single_list,YouGov/Economist,https://yougov.com/en-us/trackers/most-important-issues-facing-the-us
2026-05-11,ind,The budget deficit,0.0,333.0,single_list,YouGov/Economist,https://yougov.com/en-us/trackers/most-important-issues-facing-the-us
2026-05-11,ind,The war in Afghanistan,0.0,333.0,single_list,YouGov/Economist,https://yougov.com/en-us/trackers/most-important-issues-facing-the-us
2026-05-11,ind,Inflation/prices,0.26,333.0,single_list,YouGov/Economist,https://yougov.com/en-us/trackers/most-important-issues-facing-the-us
2026-05-18,ind,Abortion,0.02,327.0,single_list,YouGov/Economist,https://yougov.com/en-us/trackers/most-important-issues-facing-the-us
2026-05-18,ind,Civil rights and civil liberties,0.13,327.0,single_list,YouGov/Economist,https://yougov.com/en-us/trackers/most-important-issues-facing-the-us
2026-05-18,ind,Climate change and the environment,0.06,327.0,single_list,YouGov/Economist,https://yougov.com/en-us/trackers/most-important-issues-facing-the-us
2026-05-18,ind,Crime and criminal justice reform,0.01,327.0,single_list,YouGov/Economist,https://yougov.com/en-us/trackers/most-important-issues-facing-the-us
2026-05-18,ind,Education,0.02,327.0,single_list,YouGov/Economist,https://yougov.com/en-us/trackers/most-important-issues-facing-the-us
2026-05-18,ind,Gay rights,0.0,327.0,single_list,YouGov/Economist,https://yougov.com/en-us/trackers/most-important-issues-facing-the-us
2026-05-18,ind,Gun control,0.02,327.0,single_list,YouGov/Economist,https://yougov.com/en-us/trackers/most-important-issues-facing-the-us
2026-05-18,ind,Health care,0.11,327.0,single_list,YouGov/Economist,https://yougov.com/en-us/trackers/most-important-issues-facing-the-us
2026-05-18,ind,Immigration,0.06,327.0,single_list,YouGov/Economist,https://yougov.com/en-us/trackers/most-important-issues-facing-the-us
2026-05-18,ind,Jobs and the economy,0.14,327.0,single_list,YouGov/Economist,https://yougov.com/en-us/trackers/most-important-issues-facing-the-us
2026-05-18,ind,Medicare,0.0,327.0,single_list,YouGov/Economist,https://yougov.com/en-us/trackers/most-important-issues-facing-the-us
2026-05-18,ind,National Security and foreign policy,0.06,327.0,single_list,YouGov/Economist,https://yougov.com/en-us/trackers/most-important-issues-facing-the-us
2026-05-18,ind,Social security,0.0,327.0,single_list,YouGov/Economist,https://yougov.com/en-us/trackers/most-important-issues-facing-the-us
2026-05-18,ind,Taxes and government spending,0.1,327.0,single_list,YouGov/Economist,https://yougov.com/en-us/trackers/most-important-issues-facing-the-us
2026-05-18,ind,Terrorism,0.0,327.0,single_list,YouGov/Economist,https://yougov.com/en-us/trackers/most-important-issues-facing-the-us
2026-05-18,ind,The budget deficit,0.0,327.0,single_list,YouGov/Economist,https://yougov.com/en-us/trackers/most-important-issues-facing-the-us
2026-05-18,ind,The war in Afghanistan,0.0,327.0,single_list,YouGov/Economist,https://yougov.com/en-us/trackers/most-important-issues-facing-the-us
2026-05-18,ind,Inflation/prices,0.26,327.0,single_list,YouGov/Economist,https://yougov.com/en-us/trackers/most-important-issues-facing-the-us
2026-05-26,ind,Abortion,0.02,319.0,single_list,YouGov/Economist,https://yougov.com/en-us/trackers/most-important-issues-facing-the-us
2026-05-26,ind,Civil rights and civil liberties,0.12,319.0,single_list,YouGov/Economist,https://yougov.com/en-us/trackers/most-important-issues-facing-the-us
2026-05-26,ind,Climate change and the environment,0.06,319.0,single_list,YouGov/Economist,https://yougov.com/en-us/trackers/most-important-issues-facing-the-us
2026-05-26,ind,Crime and criminal justice reform,0.03,319.0,single_list,YouGov/Economist,https://yougov.com/en-us/trackers/most-important-issues-facing-the-us
2026-05-26,ind,Education,0.05,319.0,single_list,YouGov/Economist,https://yougov.com/en-us/trackers/most-important-issues-facing-the-us
2026-05-26,ind,Gay rights,0.0,319.0,single_list,YouGov/Economist,https://yougov.com/en-us/trackers/most-important-issues-facing-the-us
2026-05-26,ind,Gun control,0.02,319.0,single_list,YouGov/Economist,https://yougov.com/en-us/trackers/most-important-issues-facing-the-us
2026-05-26,ind,Health care,0.07,319.0,single_list,YouGov/Economist,https://yougov.com/en-us/trackers/most-important-issues-facing-the-us
2026-05-26,ind,Immigration,0.05,319.0,single_list,YouGov/Economist,https://yougov.com/en-us/trackers/most-important-issues-facing-the-us
2026-05-26,ind,Jobs and the economy,0.15,319.0,single_list,YouGov/Economist,https://yougov.com/en-us/trackers/most-important-issues-facing-the-us
2026-05-26,ind,Medicare,0.0,319.0,single_list,YouGov/Economist,https://yougov.com/en-us/trackers/most-important-issues-facing-the-us
2026-05-26,ind,National Security and foreign policy,0.07,319.0,single_list,YouGov/Economist,https://yougov.com/en-us/trackers/most-important-issues-facing-the-us
2026-05-26,ind,Social security,0.0,319.0,single_list,YouGov/Economist,https://yougov.com/en-us/trackers/most-important-issues-facing-the-us
2026-05-26,ind,Taxes and government spending,0.11,319.0,single_list,YouGov/Economist,https://yougov.com/en-us/trackers/most-important-issues-facing-the-us
2026-05-26,ind,Terrorism,0.0,319.0,single_list,YouGov/Economist,https://yougov.com/en-us/trackers/most-important-issues-facing-the-us
2026-05-26,ind,The budget deficit,0.0,319.0,single_list,YouGov/Economist,https://yougov.com/en-us/trackers/most-important-issues-facing-the-us
2026-05-26,ind,The war in Afghanistan,0.0,319.0,single_list,YouGov/Economist,https://yougov.com/en-us/trackers/most-important-issues-facing-the-us
2026-05-26,ind,Inflation/prices,0.25,319.0,single_list,YouGov/Economist,https://yougov.com/en-us/trackers/most-important-issues-facing-the-us
2026-06-01,ind,Abortion,0.03,334.0,single_list,YouGov/Economist,https://yougov.com/en-us/trackers/most-important-issues-facing-the-us
2026-06-01,ind,Civil rights and civil liberties,0.11,334.0,single_list,YouGov/Economist,https://yougov.com/en-us/trackers/most-important-issues-facing-the-us
2026-06-01,ind,Climate change and the environment,0.06,334.0,single_list,YouGov/Economist,https://yougov.com/en-us/trackers/most-important-issues-facing-the-us
2026-06-01,ind,Crime and criminal justice reform,0.02,334.0,single_list,YouGov/Economist,https://yougov.com/en-us/trackers/most-important-issues-facing-the-us
2026-06-01,ind,Education,0.02,334.0,single_list,YouGov/Economist,https://yougov.com/en-us/trackers/most-important-issues-facing-the-us
2026-06-01,ind,Gay rights,0.0,334.0,single_list,YouGov/Economist,https://yougov.com/en-us/trackers/most-important-issues-facing-the-us
2026-06-01,ind,Gun control,0.02,334.0,single_list,YouGov/Economist,https://yougov.com/en-us/trackers/most-important-issues-facing-the-us
2026-06-01,ind,Health care,0.08,334.0,single_list,YouGov/Economist,https://yougov.com/en-us/trackers/most-important-issues-facing-the-us
2026-06-01,ind,Immigration,0.07,334.0,single_list,YouGov/Economist,https://yougov.com/en-us/trackers/most-important-issues-facing-the-us
2026-06-01,ind,Jobs and the economy,0.15,334.0,single_list,YouGov/Economist,https://yougov.com/en-us/trackers/most-important-issues-facing-the-us
2026-06-01,ind,Medicare,0.0,334.0,single_list,YouGov/Economist,https://yougov.com/en-us/trackers/most-important-issues-facing-the-us
2026-06-01,ind,National Security and foreign policy,0.05,334.0,single_list,YouGov/Economist,https://yougov.com/en-us/trackers/most-important-issues-facing-the-us
2026-06-01,ind,Social security,0.0,334.0,single_list,YouGov/Economist,https://yougov.com/en-us/trackers/most-important-issues-facing-the-us
2026-06-01,ind,Taxes and government spending,0.07,334.0,single_list,YouGov/Economist,https://yougov.com/en-us/trackers/most-important-issues-facing-the-us
2026-06-01,ind,Terrorism,0.0,334.0,single_list,YouGov/Economist,https://yougov.com/en-us/trackers/most-important-issues-facing-the-us
2026-06-01,ind,The budget deficit,0.0,334.0,single_list,YouGov/Economist,https://yougov.com/en-us/trackers/most-important-issues-facing-the-us
2026-06-01,ind,The war in Afghanistan,0.0,334.0,single_list,YouGov/Economist,https://yougov.com/en-us/trackers/most-important-issues-facing-the-us
2026-06-01,ind,Inflation/prices,0.32,334.0,single_list,YouGov/Economist,https://yougov.com/en-us/trackers/most-important-issues-facing-the-us
2026-06-08,ind,Abortion,0.02,335.0,single_list,YouGov/Economist,https://yougov.com/en-us/trackers/most-important-issues-facing-the-us
2026-06-08,ind,Civil rights and civil liberties,0.1,335.0,single_list,YouGov/Economist,https://yougov.com/en-us/trackers/most-important-issues-facing-the-us
2026-06-08,ind,Climate change and the environment,0.07,335.0,single_list,YouGov/Economist,https://yougov.com/en-us/trackers/most-important-issues-facing-the-us
2026-06-08,ind,Crime and criminal justice reform,0.04,335.0,single_list,YouGov/Economist,https://yougov.com/en-us/trackers/most-important-issues-facing-the-us
2026-06-08,ind,Education,0.04,335.0,single_list,YouGov/Economist,https://yougov.com/en-us/trackers/most-important-issues-facing-the-us
2026-06-08,ind,Gay rights,0.0,335.0,single_list,YouGov/Economist,https://yougov.com/en-us/trackers/most-important-issues-facing-the-us
2026-06-08,ind,Gun control,0.01,335.0,single_list,YouGov/Economist,https://yougov.com/en-us/trackers/most-important-issues-facing-the-us
2026-06-08,ind,Health care,0.1,335.0,single_list,YouGov/Economist,https://yougov.com/en-us/trackers/most-important-issues-facing-the-us
2026-06-08,ind,Immigration,0.08,335.0,single_list,YouGov/Economist,https://yougov.com/en-us/trackers/most-important-issues-facing-the-us
2026-06-08,ind,Jobs and the economy,0.12,335.0,single_list,YouGov/Economist,https://yougov.com/en-us/trackers/most-important-issues-facing-the-us
2026-06-08,ind,Medicare,0.0,335.0,single_list,YouGov/Economist,https://yougov.com/en-us/trackers/most-important-issues-facing-the-us
2026-06-08,ind,National Security and foreign policy,0.04,335.0,single_list,YouGov/Economist,https://yougov.com/en-us/trackers/most-important-issues-facing-the-us
2026-06-08,ind,Social security,0.0,335.0,single_list,YouGov/Economist,https://yougov.com/en-us/trackers/most-important-issues-facing-the-us
2026-06-08,ind,Taxes and government spending,0.1,335.0,single_list,YouGov/Economist,https://yougov.com/en-us/trackers/most-important-issues-facing-the-us
2026-06-08,ind,Terrorism,0.0,335.0,single_list,YouGov/Economist,https://yougov.com/en-us/trackers/most-important-issues-facing-the-us
2026-06-08,ind,The budget deficit,0.0,335.0,single_list,YouGov/Economist,https://yougov.com/en-us/trackers/most-important-issues-facing-the-us
2026-06-08,ind,The war in Afghanistan,0.0,335.0,single_list,YouGov/Economist,https://yougov.com/en-us/trackers/most-important-issues-facing-the-us
2026-06-08,ind,Inflation/prices,0.29,335.0,single_list,YouGov/Economist,https://yougov.com/en-us/trackers/most-important-issues-facing-the-us
2026-06-15,ind,Abortion,0.01,308.0,single_list,YouGov/Economist,https://yougov.com/en-us/trackers/most-important-issues-facing-the-us
2026-06-15,ind,Civil rights and civil liberties,0.13,308.0,single_list,YouGov/Economist,https://yougov.com/en-us/trackers/most-important-issues-facing-the-us
2026-06-15,ind,Climate change and the environment,0.06,308.0,single_list,YouGov/Economist,https://yougov.com/en-us/trackers/most-important-issues-facing-the-us
2026-06-15,ind,Crime and criminal justice reform,0.03,308.0,single_list,YouGov/Economist,https://yougov.com/en-us/trackers/most-important-issues-facing-the-us
2026-06-15,ind,Education,0.03,308.0,single_list,YouGov/Economist,https://yougov.com/en-us/trackers/most-important-issues-facing-the-us
2026-06-15,ind,Gay rights,0.0,308.0,single_list,YouGov/Economist,https://yougov.com/en-us/trackers/most-important-issues-facing-the-us
2026-06-15,ind,Gun control,0.02,308.0,single_list,YouGov/Economist,https://yougov.com/en-us/trackers/most-important-issues-facing-the-us
2026-06-15,ind,Health care,0.1,308.0,single_list,YouGov/Economist,https://yougov.com/en-us/trackers/most-important-issues-facing-the-us
2026-06-15,ind,Immigration,0.07,308.0,single_list,YouGov/Economist,https://yougov.com/en-us/trackers/most-important-issues-facing-the-us
2026-06-15,ind,Jobs and the economy,0.13,308.0,single_list,YouGov/Economist,https://yougov.com/en-us/trackers/most-important-issues-facing-the-us
2026-06-15,ind,Medicare,0.0,308.0,single_list,YouGov/Economist,https://yougov.com/en-us/trackers/most-important-issues-facing-the-us
2026-06-15,ind,National Security and foreign policy,0.06,308.0,single_list,YouGov/Economist,https://yougov.com/en-us/trackers/most-important-issues-facing-the-us
2026-06-15,ind,Social security,0.0,308.0,single_list,YouGov/Economist,https://yougov.com/en-us/trackers/most-important-issues-facing-the-us
2026-06-15,ind,Taxes and government spending,0.08,308.0,single_list,YouGov/Economist,https://yougov.com/en-us/trackers/most-important-issues-facing-the-us
2026-06-15,ind,Terrorism,0.0,308.0,single_list,YouGov/Economist,https://yougov.com/en-us/trackers/most-important-issues-facing-the-us
2026-06-15,ind,The budget deficit,0.0,308.0,single_list,YouGov/Economist,https://yougov.com/en-us/trackers/most-important-issues-facing-the-us
2026-06-15,ind,The war in Afghanistan,0.0,308.0,single_list,YouGov/Economist,https://yougov.com/en-us/trackers/most-important-issues-facing-the-us
2026-06-15,ind,Inflation/prices,0.28,308.0,single_list,YouGov/Economist,https://yougov.com/en-us/trackers/most-important-issues-facing-the-us
2026-06-22,ind,Abortion,0.01,329.0,single_list,YouGov/Economist,https://yougov.com/en-us/trackers/most-important-issues-facing-the-us
2026-06-22,ind,Civil rights and civil liberties,0.13,329.0,single_list,YouGov/Economist,https://yougov.com/en-us/trackers/most-important-issues-facing-the-us
2026-06-22,ind,Climate change and the environment,0.07,329.0,single_list,YouGov/Economist,https://yougov.com/en-us/trackers/most-important-issues-facing-the-us
2026-06-22,ind,Crime and criminal justice reform,0.03,329.0,single_list,YouGov/Economist,https://yougov.com/en-us/trackers/most-important-issues-facing-the-us
2026-06-22,ind,Education,0.04,329.0,single_list,YouGov/Economist,https://yougov.com/en-us/trackers/most-important-issues-facing-the-us
2026-06-22,ind,Gay rights,0.0,329.0,single_list,YouGov/Economist,https://yougov.com/en-us/trackers/most-important-issues-facing-the-us
2026-06-22,ind,Gun control,0.01,329.0,single_list,YouGov/Economist,https://yougov.com/en-us/trackers/most-important-issues-facing-the-us
2026-06-22,ind,Health care,0.08,329.0,single_list,YouGov/Economist,https://yougov.com/en-us/trackers/most-important-issues-facing-the-us
2026-06-22,ind,Immigration,0.05,329.0,single_list,YouGov/Economist,https://yougov.com/en-us/trackers/most-important-issues-facing-the-us
2026-06-22,ind,Jobs and the economy,0.14,329.0,single_list,YouGov/Economist,https://yougov.com/en-us/trackers/most-important-issues-facing-the-us
2026-06-22,ind,Medicare,0.0,329.0,single_list,YouGov/Economist,https://yougov.com/en-us/trackers/most-important-issues-facing-the-us
2026-06-22,ind,National Security and foreign policy,0.06,329.0,single_list,YouGov/Economist,https://yougov.com/en-us/trackers/most-important-issues-facing-the-us
2026-06-22,ind,Social security,0.0,329.0,single_list,YouGov/Economist,https://yougov.com/en-us/trackers/most-important-issues-facing-the-us
2026-06-22,ind,Taxes and government spending,0.09,329.0,single_list,YouGov/Economist,https://yougov.com/en-us/trackers/most-important-issues-facing-the-us
2026-06-22,ind,Terrorism,0.0,329.0,single_list,YouGov/Economist,https://yougov.com/en-us/trackers/most-important-issues-facing-the-us
2026-06-22,ind,The budget deficit,0.0,329.0,single_list,YouGov/Economist,https://yougov.com/en-us/trackers/most-important-issues-facing-the-us
2026-06-22,ind,The war in Afghanistan,0.0,329.0,single_list,YouGov/Economist,https://yougov.com/en-us/trackers/most-important-issues-facing-the-us
2026-06-22,ind,Inflation/prices,0.3,329.0,single_list,YouGov/Economist,https://yougov.com/en-us/trackers/most-important-issues-facing-the-us
2026-06-29,ind,Abortion,0.01,302.0,single_list,YouGov/Economist,https://yougov.com/en-us/trackers/most-important-issues-facing-the-us
2026-06-29,ind,Civil rights and civil liberties,0.11,302.0,single_list,YouGov/Economist,https://yougov.com/en-us/trackers/most-important-issues-facing-the-us
2026-06-29,ind,Climate change and the environment,0.04,302.0,single_list,YouGov/Economist,https://yougov.com/en-us/trackers/most-important-issues-facing-the-us
2026-06-29,ind,Crime and criminal justice reform,0.04,302.0,single_list,YouGov/Economist,https://yougov.com/en-us/trackers/most-important-issues-facing-the-us
2026-06-29,ind,Education,0.02,302.0,single_list,YouGov/Economist,https://yougov.com/en-us/trackers/most-important-issues-facing-the-us
2026-06-29,ind,Gay rights,0.0,302.0,single_list,YouGov/Economist,https://yougov.com/en-us/trackers/most-important-issues-facing-the-us
2026-06-29,ind,Gun control,0.02,302.0,single_list,YouGov/Economist,https://yougov.com/en-us/trackers/most-important-issues-facing-the-us
2026-06-29,ind,Health care,0.09,302.0,single_list,YouGov/Economist,https://yougov.com/en-us/trackers/most-important-issues-facing-the-us
2026-06-29,ind,Immigration,0.05,302.0,single_list,YouGov/Economist,https://yougov.com/en-us/trackers/most-important-issues-facing-the-us
2026-06-29,ind,Jobs and the economy,0.18,302.0,single_list,YouGov/Economist,https://yougov.com/en-us/trackers/most-important-issues-facing-the-us
2026-06-29,ind,Medicare,0.0,302.0,single_list,YouGov/Economist,https://yougov.com/en-us/trackers/most-important-issues-facing-the-us
2026-06-29,ind,National Security and foreign policy,0.04,302.0,single_list,YouGov/Economist,https://yougov.com/en-us/trackers/most-important-issues-facing-the-us
2026-06-29,ind,Social security,0.0,302.0,single_list,YouGov/Economist,https://yougov.com/en-us/trackers/most-important-issues-facing-the-us
2026-06-29,ind,Taxes and government spending,0.11,302.0,single_list,YouGov/Economist,https://yougov.com/en-us/trackers/most-important-issues-facing-the-us
2026-06-29,ind,Terrorism,0.0,302.0,single_list,YouGov/Economist,https://yougov.com/en-us/trackers/most-important-issues-facing-the-us
2026-06-29,ind,The budget deficit,0.0,302.0,single_list,YouGov/Economist,https://yougov.com/en-us/trackers/most-important-issues-facing-the-us
2026-06-29,ind,The war in Afghanistan,0.0,302.0,single_list,YouGov/Economist,https://yougov.com/en-us/trackers/most-important-issues-facing-the-us
2026-06-29,ind,Inflation/prices,0.27,302.0,single_list,YouGov/Economist,https://yougov.com/en-us/trackers/most-important-issues-facing-the-us
2026-07-06,ind,Abortion,0.02,310.0,single_list,YouGov/Economist,https://yougov.com/en-us/trackers/most-important-issues-facing-the-us
2026-07-06,ind,Civil rights and civil liberties,0.12,310.0,single_list,YouGov/Economist,https://yougov.com/en-us/trackers/most-important-issues-facing-the-us
2026-07-06,ind,Climate change and the environment,0.05,310.0,single_list,YouGov/Economist,https://yougov.com/en-us/trackers/most-important-issues-facing-the-us
2026-07-06,ind,Crime and criminal justice reform,0.03,310.0,single_list,YouGov/Economist,https://yougov.com/en-us/trackers/most-important-issues-facing-the-us
2026-07-06,ind,Education,0.04,310.0,single_list,YouGov/Economist,https://yougov.com/en-us/trackers/most-important-issues-facing-the-us
2026-07-06,ind,Gay rights,0.0,310.0,single_list,YouGov/Economist,https://yougov.com/en-us/trackers/most-important-issues-facing-the-us
2026-07-06,ind,Gun control,0.01,310.0,single_list,YouGov/Economist,https://yougov.com/en-us/trackers/most-important-issues-facing-the-us
2026-07-06,ind,Health care,0.1,310.0,single_list,YouGov/Economist,https://yougov.com/en-us/trackers/most-important-issues-facing-the-us
2026-07-06,ind,Immigration,0.07,310.0,single_list,YouGov/Economist,https://yougov.com/en-us/trackers/most-important-issues-facing-the-us
2026-07-06,ind,Jobs and the economy,0.13,310.0,single_list,YouGov/Economist,https://yougov.com/en-us/trackers/most-important-issues-facing-the-us
2026-07-06,ind,Medicare,0.0,310.0,single_list,YouGov/Economist,https://yougov.com/en-us/trackers/most-important-issues-facing-the-us
2026-07-06,ind,National Security and foreign policy,0.05,310.0,single_list,YouGov/Economist,https://yougov.com/en-us/trackers/most-important-issues-facing-the-us
2026-07-06,ind,Social security,0.0,310.0,single_list,YouGov/Economist,https://yougov.com/en-us/trackers/most-important-issues-facing-the-us
2026-07-06,ind,Taxes and government spending,0.1,310.0,single_list,YouGov/Economist,https://yougov.com/en-us/trackers/most-important-issues-facing-the-us
2026-07-06,ind,Terrorism,0.0,310.0,single_list,YouGov/Economist,https://yougov.com/en-us/trackers/most-important-issues-facing-the-us
2026-07-06,ind,The budget deficit,0.0,310.0,single_list,YouGov/Economist,https://yougov.com/en-us/trackers/most-important-issues-facing-the-us
2026-07-06,ind,The war in Afghanistan,0.0,310.0,single_list,YouGov/Economist,https://yougov.com/en-us/trackers/most-important-issues-facing-the-us
2026-07-06,ind,Inflation/prices,0.27,310.0,single_list,YouGov/Economist,https://yougov.com/en-us/trackers/most-important-issues-facing-the-us
2026-07-13,ind,Abortion,0.01,301.0,single_list,YouGov/Economist,https://yougov.com/en-us/trackers/most-important-issues-facing-the-us
2026-07-13,ind,Civil rights and civil liberties,0.14,301.0,single_list,YouGov/Economist,https://yougov.com/en-us/trackers/most-important-issues-facing-the-us
2026-07-13,ind,Climate change and the environment,0.06,301.0,single_list,YouGov/Economist,https://yougov.com/en-us/trackers/most-important-issues-facing-the-us
2026-07-13,ind,Crime and criminal justice reform,0.02,301.0,single_list,YouGov/Economist,https://yougov.com/en-us/trackers/most-important-issues-facing-the-us
2026-07-13,ind,Education,0.03,301.0,single_list,YouGov/Economist,https://yougov.com/en-us/trackers/most-important-issues-facing-the-us
2026-07-13,ind,Gay rights,0.0,301.0,single_list,YouGov/Economist,https://yougov.com/en-us/trackers/most-important-issues-facing-the-us
2026-07-13,ind,Gun control,0.01,301.0,single_list,YouGov/Economist,https://yougov.com/en-us/trackers/most-important-issues-facing-the-us
2026-07-13,ind,Health care,0.08,301.0,single_list,YouGov/Economist,https://yougov.com/en-us/trackers/most-important-issues-facing-the-us
2026-07-13,ind,Immigration,0.08,301.0,single_list,YouGov/Economist,https://yougov.com/en-us/trackers/most-important-issues-facing-the-us
2026-07-13,ind,Jobs and the economy,0.15,301.0,single_list,YouGov/Economist,https://yougov.com/en-us/trackers/most-important-issues-facing-the-us
2026-07-13,ind,Medicare,0.0,301.0,single_list,YouGov/Economist,https://yougov.com/en-us/trackers/most-important-issues-facing-the-us
2026-07-13,ind,National Security and foreign policy,0.05,301.0,single_list,YouGov/Economist,https://yougov.com/en-us/trackers/most-important-issues-facing-the-us
2026-07-13,ind,Social security,0.0,301.0,single_list,YouGov/Economist,https://yougov.com/en-us/trackers/most-important-issues-facing-the-us
2026-07-13,ind,Taxes and government spending,0.07,301.0,single_list,YouGov/Economist,https://yougov.com/en-us/trackers/most-important-issues-facing-the-us
2026-07-13,ind,Terrorism,0.0,301.0,single_list,YouGov/Economist,https://yougov.com/en-us/trackers/most-important-issues-facing-the-us
2026-07-13,ind,The budget deficit,0.0,301.0,single_list,YouGov/Economist,https://yougov.com/en-us/trackers/most-important-issues-facing-the-us
2026-07-13,ind,The war in Afghanistan,0.0,301.0,single_list,YouGov/Economist,https://yougov.com/en-us/trackers/most-important-issues-facing-the-us
2026-07-13,ind,Inflation/prices,0.3,301.0,single_list,YouGov/Economist,https://yougov.com/en-us/trackers/most-important-issues-facing-the-us
2026-07-20,ind,Abortion,0.01,326.0,single_list,YouGov/Economist,https://yougov.com/en-us/trackers/most-important-issues-facing-the-us
2026-07-20,ind,Civil rights and civil liberties,0.08,326.0,single_list,YouGov/Economist,https://yougov.com/en-us/trackers/most-important-issues-facing-the-us
2026-07-20,ind,Climate change and the environment,0.09,326.0,single_list,YouGov/Economist,https://yougov.com/en-us/trackers/most-important-issues-facing-the-us
2026-07-20,ind,Crime and criminal justice reform,0.03,326.0,single_list,YouGov/Economist,https://yougov.com/en-us/trackers/most-important-issues-facing-the-us
2026-07-20,ind,Education,0.02,326.0,single_list,YouGov/Economist,https://yougov.com/en-us/trackers/most-important-issues-facing-the-us
2026-07-20,ind,Gay rights,0.0,326.0,single_list,YouGov/Economist,https://yougov.com/en-us/trackers/most-important-issues-facing-the-us
2026-07-20,ind,Gun control,0.01,326.0,single_list,YouGov/Economist,https://yougov.com/en-us/trackers/most-important-issues-facing-the-us
2026-07-20,ind,Health care,0.08,326.0,single_list,YouGov/Economist,https://yougov.com/en-us/trackers/most-important-issues-facing-the-us
2026-07-20,ind,Immigration,0.06,326.0,single_list,YouGov/Economist,https://yougov.com/en-us/trackers/most-important-issues-facing-the-us
2026-07-20,ind,Jobs and the economy,0.13,326.0,single_list,YouGov/Economist,https://yougov.com/en-us/trackers/most-important-issues-facing-the-us
2026-07-20,ind,Medicare,0.0,326.0,single_list,YouGov/Economist,https://yougov.com/en-us/trackers/most-important-issues-facing-the-us
2026-07-20,ind,National Security and foreign policy,0.1,326.0,single_list,YouGov/Economist,https://yougov.com/en-us/trackers/most-important-issues-facing-the-us
2026-07-20,ind,Social security,0.0,326.0,single_list,YouGov/Economist,https://yougov.com/en-us/trackers/most-important-issues-facing-the-us
2026-07-20,ind,Taxes and government spending,0.08,326.0,single_list,YouGov/Economist,https://yougov.com/en-us/trackers/most-important-issues-facing-the-us
2026-07-20,ind,Terrorism,0.0,326.0,single_list,YouGov/Economist,https://yougov.com/en-us/trackers/most-important-issues-facing-the-us
2026-07-20,ind,The budget deficit,0.0,326.0,single_list,YouGov/Economist,https://yougov.com/en-us/trackers/most-important-issues-facing-the-us
2026-07-20,ind,The war in Afghanistan,0.0,326.0,single_list,YouGov/Economist,https://yougov.com/en-us/trackers/most-important-issues-facing-the-us
2026-07-20,ind,Inflation/prices,0.31,326.0,single_list,YouGov/Economist,https://yougov.com/en-us/trackers/most-important-issues-facing-the-us
2026-07-27,ind,Abortion,0.01,316.0,single_list,YouGov/Economist,https://yougov.com/en-us/trackers/most-important-issues-facing-the-us
2026-07-27,ind,Civil rights and civil liberties,0.12,316.0,single_list,YouGov/Economist,https://yougov.com/en-us/trackers/most-important-issues-facing-the-us
2026-07-27,ind,Climate change and the environment,0.08,316.0,single_list,YouGov/Economist,https://yougov.com/en-us/trackers/most-important-issues-facing-the-us
2026-07-27,ind,Crime and criminal justice reform,0.02,316.0,single_list,YouGov/Economist,https://yougov.com/en-us/trackers/most-important-issues-facing-the-us
2026-07-27,ind,Education,0.04,316.0,single_list,YouGov/Economist,https://yougov.com/en-us/trackers/most-important-issues-facing-the-us
2026-07-27,ind,Gay rights,0.0,316.0,single_list,YouGov/Economist,https://yougov.com/en-us/trackers/most-important-issues-facing-the-us
2026-07-27,ind,Gun control,0.01,316.0,single_list,YouGov/Economist,https://yougov.com/en-us/trackers/most-important-issues-facing-the-us
2026-07-27,ind,Health care,0.08,316.0,single_list,YouGov/Economist,https://yougov.com/en-us/trackers/most-important-issues-facing-the-us
2026-07-27,ind,Immigration,0.07,316.0,single_list,YouGov/Economist,https://yougov.com/en-us/trackers/most-important-issues-facing-the-us
2026-07-27,ind,Jobs and the economy,0.13,316.0,single_list,YouGov/Economist,https://yougov.com/en-us/trackers/most-important-issues-facing-the-us
2026-07-27,ind,Medicare,0.0,316.0,single_list,YouGov/Economist,https://yougov.com/en-us/trackers/most-important-issues-facing-the-us
2026-07-27,ind,National Security and foreign policy,0.06,316.0,single_list,YouGov/Economist,https://yougov.com/en-us/trackers/most-important-issues-facing-the-us
2026-07-27,ind,Social security,0.0,316.0,single_list,YouGov/Economist,https://yougov.com/en-us/trackers/most-important-issues-facing-the-us
2026-07-27,ind,Taxes and government spending,0.09,316.0,single_list,YouGov/Economist,https://yougov.com/en-us/trackers/most-important-issues-facing-the-us
2026-07-27,ind,Terrorism,0.0,316.0,single_list,YouGov/Economist,https://yougov.com/en-us/trackers/most-important-issues-facing-the-us
2026-07-27,ind,The budget deficit,0.0,316.0,single_list,YouGov/Economist,https://yougov.com/en-us/trackers/most-important-issues-facing-the-us
2026-07-27,ind,The war in Afghanistan,0.0,316.0,single_list,YouGov/Economist,https://yougov.com/en-us/trackers/most-important-issues-facing-the-us
2026-07-27,ind,Inflation/prices,0.3,316.0,single_list,YouGov/Economist,https://yougov.com/en-us/trackers/most-important-issues-facing-the-us
2026-08-02,ind,Abortion,0.02,321.0,single_list,YouGov/Economist,https://yougov.com/en-us/trackers/most-important-issues-facing-the-us
2026-08-02,ind,Civil rights and civil liberties,0.09,321.0,single_list,YouGov/Economist,https://yougov.com/en-us/trackers/most-important-issues-facing-the-us
2026-08-02,ind,Climate change and the environment,0.1,321.0,single_list,YouGov/Economist,https://yougov.com/en-us/trackers/most-important-issues-facing-the-us
2026-08-02,ind,Crime and criminal justice reform,0.03,321.0,single_list,YouGov/Economist,https://yougov.com/en-us/trackers/most-important-issues-facing-the-us
2026-08-02,ind,Education,0.02,321.0,single_list,YouGov/Economist,https://yougov.com/en-us/trackers/most-important-issues-facing-the-us
2026-08-02,ind,Gay rights,0.0,321.0,single_list,YouGov/Economist,https://yougov.com/en-us/trackers/most-important-issues-facing-the-us
2026-08-02,ind,Gun control,0.01,321.0,single_list,YouGov/Economist,https://yougov.com/en-us/trackers/most-important-issues-facing-the-us
2026-08-02,ind,Health care,0.11,321.0,single_list,YouGov/Economist,https://yougov.com/en-us/trackers/most-important-issues-facing-the-us
2026-08-02,ind,Immigration,0.06,321.0,single_list,YouGov/Economist,https://yougov.com/en-us/trackers/most-important-issues-facing-the-us
2026-08-02,ind,Jobs and the economy,0.12,321.0,single_list,YouGov/Economist,https://yougov.com/en-us/trackers/most-important-issues-facing-the-us
2026-08-02,ind,Medicare,0.0,321.0,single_list,YouGov/Economist,https://yougov.com/en-us/trackers/most-important-issues-facing-the-us
2026-08-02,ind,National Security and foreign policy,0.05,321.0,single_list,YouGov/Economist,https://yougov.com/en-us/trackers/most-important-issues-facing-the-us
2026-08-02,ind,Social security,0.0,321.0,single_list,YouGov/Economist,https://yougov.com/en-us/trackers/most-important-issues-facing-the-us
2026-08-02,ind,Taxes and government spending,0.06,321.0,single_list,YouGov/Economist,https://yougov.com/en-us/trackers/most-important-issues-facing-the-us
2026-08-02,ind,Terrorism,0.0,321.0,single_list,YouGov/Economist,https://yougov.com/en-us/trackers/most-important-issues-facing-the-us
2026-08-02,ind,The budget deficit,0.0,321.0,single_list,YouGov/Economist,https://yougov.com/en-us/trackers/most-important-issues-facing-the-us
2026-08-02,ind,The war in Afghanistan,0.0,321.0,single_list,YouGov/Economist,https://yougov.com/en-us/trackers/most-important-issues-facing-the-us
2026-08-02,ind,Inflation/prices,0.33,321.0,single_list,YouGov/Economist,https://yougov.com/en-us/trackers/most-important-issues-facing-the-us
2026-08-10,ind,Abortion,0.02,320.0,single_list,YouGov/Economist,https://yougov.com/en-us/trackers/most-important-issues-facing-the-us
2026-08-10,ind,Civil rights and civil liberties,0.08,320.0,single_list,YouGov/Economist,https://yougov.com/en-us/trackers/most-important-issues-facing-the-us
2026-08-10,ind,Climate change and the environment,0.07,320.0,single_list,YouGov/Economist,https://yougov.com/en-us/trackers/most-important-issues-facing-the-us
2026-08-10,ind,Crime and criminal justice reform,0.04,320.0,single_list,YouGov/Economist,https://yougov.com/en-us/trackers/most-important-issues-facing-the-us
2026-08-10,ind,Education,0.02,320.0,single_list,YouGov/Economist,https://yougov.com/en-us/trackers/most-important-issues-facing-the-us
2026-08-10,ind,Gay rights,0.0,320.0,single_list,YouGov/Economist,https://yougov.com/en-us/trackers/most-important-issues-facing-the-us
2026-08-10,ind,Gun control,0.02,320.0,single_list,YouGov/Economist,https://yougov.com/en-us/trackers/most-important-issues-facing-the-us
2026-08-10,ind,Health care,0.08,320.0,single_list,YouGov/Economist,https://yougov.com/en-us/trackers/most-important-issues-facing-the-us
2026-08-10,ind,Immigration,0.04,320.0,single_list,YouGov/Economist,https://yougov.com/en-us/trackers/most-important-issues-facing-the-us
2026-08-10,ind,Jobs and the economy,0.14,320.0,single_list,YouGov/Economist,https://yougov.com/en-us/trackers/most-important-issues-facing-the-us
2026-08-10,ind,Medicare,0.0,320.0,single_list,YouGov/Economist,https://yougov.com/en-us/trackers/most-important-issues-facing-the-us
2026-08-10,ind,National Security and foreign policy,0.07,320.0,single_list,YouGov/Economist,https://yougov.com/en-us/trackers/most-important-issues-facing-the-us
2026-08-10,ind,Social security,0.0,320.0,single_list,YouGov/Economist,https://yougov.com/en-us/trackers/most-important-issues-facing-the-us
2026-08-10,ind,Taxes and government spending,0.11,320.0,single_list,YouGov/Economist,https://yougov.com/en-us/trackers/most-important-issues-facing-the-us
2026-08-10,ind,Terrorism,0.0,320.0,single_list,YouGov/Economist,https://yougov.com/en-us/trackers/most-important-issues-facing-the-us
2026-08-10,ind,The budget deficit,0.0,320.0,single_list,YouGov/Economist,https://yougov.com/en-us/trackers/most-important-issues-facing-the-us
2026-08-10,ind,The war in Afghanistan,0.0,320.0,single_list,YouGov/Economist,https://yougov.com/en-us/trackers/most-important-issues-facing-the-us
2026-08-10,ind,Inflation/prices,0.32,320.0,single_list,YouGov/Economist,https://yougov.com/en-us/trackers/most-important-issues-facing-the-us
2026-08-17,ind,Abortion,0.02,358.0,single_list,YouGov/Economist,https://yougov.com/en-us/trackers/most-important-issues-facing-the-us
2026-08-17,ind,Civil rights and civil liberties,0.11,358.0,single_list,YouGov/Economist,https://yougov.com/en-us/trackers/most-important-issues-facing-the-us
2026-08-17,ind,Climate change and the environment,0.07,358.0,single_list,YouGov/Economist,https://yougov.com/en-us/trackers/most-important-issues-facing-the-us
2026-08-17,ind,Crime and criminal justice reform,0.04,358.0,single_list,YouGov/Economist,https://yougov.com/en-us/trackers/most-important-issues-facing-the-us
2026-08-17,ind,Education,0.03,358.0,single_list,YouGov/Economist,https://yougov.com/en-us/trackers/most-important-issues-facing-the-us
2026-08-17,ind,Gay rights,0.0,358.0,single_list,YouGov/Economist,https://yougov.com/en-us/trackers/most-important-issues-facing-the-us
2026-08-17,ind,Gun control,0.01,358.0,single_list,YouGov/Economist,https://yougov.com/en-us/trackers/most-important-issues-facing-the-us
2026-08-17,ind,Health care,0.09,358.0,single_list,YouGov/Economist,https://yougov.com/en-us/trackers/most-important-issues-facing-the-us
2026-08-17,ind,Immigration,0.07,358.0,single_list,YouGov/Economist,https://yougov.com/en-us/trackers/most-important-issues-facing-the-us
2026-08-17,ind,Jobs and the economy,0.15,358.0,single_list,YouGov/Economist,https://yougov.com/en-us/trackers/most-important-issues-facing-the-us
2026-08-17,ind,Medicare,0.0,358.0,single_list,YouGov/Economist,https://yougov.com/en-us/trackers/most-important-issues-facing-the-us
2026-08-17,ind,National Security and foreign policy,0.05,358.0,single_list,YouGov/Economist,https://yougov.com/en-us/trackers/most-important-issues-facing-the-us
2026-08-17,ind,Social security,0.0,358.0,single_list,YouGov/Economist,https://yougov.com/en-us/trackers/most-important-issues-facing-the-us
2026-08-17,ind,Taxes and government spending,0.11,358.0,single_list,YouGov/Economist,https://yougov.com/en-us/trackers/most-important-issues-facing-the-us
2026-08-17,ind,Terrorism,0.0,358.0,single_list,YouGov/Economist,https://yougov.com/en-us/trackers/most-important-issues-facing-the-us
2026-08-17,ind,The budget deficit,0.0,358.0,single_list,YouGov/Economist,https://yougov.com/en-us/trackers/most-important-issues-facing-the-us
2026-08-17,ind,The war in Afghanistan,0.0,358.0,single_list,YouGov/Economist,https://yougov.com/en-us/trackers/most-important-issues-facing-the-us
2026-08-17,ind,Inflation/prices,0.23,358.0,single_list,YouGov/Economist,https://yougov.com/en-us/trackers/most-important-issues-facing-the-us
2026-08-24,ind,Abortion,0.02,332.0,single_list,YouGov/Economist,https://yougov.com/en-us/trackers/most-important-issues-facing-the-us
2026-08-24,ind,Civil rights and civil liberties,0.08,332.0,single_list,YouGov/Economist,https://yougov.com/en-us/trackers/most-important-issues-facing-the-us
2026-08-24,ind,Climate change and the environment,0.09,332.0,single_list,YouGov/Economist,https://yougov.com/en-us/trackers/most-important-issues-facing-the-us
2026-08-24,ind,Crime and criminal justice reform,0.03,332.0,single_list,YouGov/Economist,https://yougov.com/en-us/trackers/most-important-issues-facing-the-us
2026-08-24,ind,Education,0.02,332.0,single_list,YouGov/Economist,https://yougov.com/en-us/trackers/most-important-issues-facing-the-us
2026-08-24,ind,Gay rights,0.0,332.0,single_list,YouGov/Economist,https://yougov.com/en-us/trackers/most-important-issues-facing-the-us
2026-08-24,ind,Gun control,0.02,332.0,single_list,YouGov/Economist,https://yougov.com/en-us/trackers/most-important-issues-facing-the-us
2026-08-24,ind,Health care,0.09,332.0,single_list,YouGov/Economist,https://yougov.com/en-us/trackers/most-important-issues-facing-the-us
2026-08-24,ind,Immigration,0.05,332.0,single_list,YouGov/Economist,https://yougov.com/en-us/trackers/most-important-issues-facing-the-us
2026-08-24,ind,Jobs and the economy,0.16,332.0,single_list,YouGov/Economist,https://yougov.com/en-us/trackers/most-important-issues-facing-the-us
2026-08-24,ind,Medicare,0.0,332.0,single_list,YouGov/Economist,https://yougov.com/en-us/trackers/most-important-issues-facing-the-us
2026-08-24,ind,National Security and foreign policy,0.1,332.0,single_list,YouGov/Economist,https://yougov.com/en-us/trackers/most-important-issues-facing-the-us
2026-08-24,ind,Social security,0.0,332.0,single_list,YouGov/Economist,https://yougov.com/en-us/trackers/most-important-issues-facing-the-us
2026-08-24,ind,Taxes and government spending,0.1,332.0,single_list,YouGov/Economist,https://yougov.com/en-us/trackers/most-important-issues-facing-the-us
2026-08-24,ind,Terrorism,0.0,332.0,single_list,YouGov/Economist,https://yougov.com/en-us/trackers/most-important-issues-facing-the-us
2026-08-24,ind,The budget deficit,0.0,332.0,single_list,YouGov/Economist,https://yougov.com/en-us/trackers/most-important-issues-facing-the-us
2026-08-24,ind,The war in Afghanistan,0.0,332.0,single_list,YouGov/Economist,https://yougov.com/en-us/trackers/most-important-issues-facing-the-us
2026-08-24,ind,Inflation/prices,0.23,332.0,single_list,YouGov/Economist,https://yougov.com/en-us/trackers/most-important-issues-facing-the-us
2026-09-07,ind,Abortion,0.01,346.0,single_list,YouGov/Economist,https://yougov.com/en-us/trackers/most-important-issues-facing-the-us
2026-09-07,ind,Civil rights and civil liberties,0.11,346.0,single_list,YouGov/Economist,https://yougov.com/en-us/trackers/most-important-issues-facing-the-us
2026-09-07,ind,Climate change and the environment,0.11,346.0,single_list,YouGov/Economist,https://yougov.com/en-us/trackers/most-important-issues-facing-the-us
2026-09-07,ind,Crime and criminal justice reform,0.04,346.0,single_list,YouGov/Economist,https://yougov.com/en-us/trackers/most-important-issues-facing-the-us
2026-09-07,ind,Education,0.03,346.0,single_list,YouGov/Economist,https://yougov.com/en-us/trackers/most-important-issues-facing-the-us
2026-09-07,ind,Gay rights,0.0,346.0,single_list,YouGov/Economist,https://yougov.com/en-us/trackers/most-important-issues-facing-the-us
2026-09-07,ind,Gun control,0.01,346.0,single_list,YouGov/Economist,https://yougov.com/en-us/trackers/most-important-issues-facing-the-us
2026-09-07,ind,Health care,0.11,346.0,single_list,YouGov/Economist,https://yougov.com/en-us/trackers/most-important-issues-facing-the-us
2026-09-07,ind,Immigration,0.06,346.0,single_list,YouGov/Economist,https://yougov.com/en-us/trackers/most-important-issues-facing-the-us
2026-09-07,ind,Jobs and the economy,0.11,346.0,single_list,YouGov/Economist,https://yougov.com/en-us/trackers/most-important-issues-facing-the-us
2026-09-07,ind,Medicare,0.0,346.0,single_list,YouGov/Economist,https://yougov.com/en-us/trackers/most-important-issues-facing-the-us
2026-09-07,ind,National Security and foreign policy,0.04,346.0,single_list,YouGov/Economist,https://yougov.com/en-us/trackers/most-important-issues-facing-the-us
2026-09-07,ind,Social security,0.0,346.0,single_list,YouGov/Economist,https://yougov.com/en-us/trackers/most-important-issues-facing-the-us
2026-09-07,ind,Taxes and government spending,0.06,346.0,single_list,YouGov/Economist,https://yougov.com/en-us/trackers/most-important-issues-facing-the-us
2026-09-07,ind,Terrorism,0.0,346.0,single_list,YouGov/Economist,https://yougov.com/en-us/trackers/most-important-issues-facing-the-us
2026-09-07,ind,The budget deficit,0.0,346.0,single_list,YouGov/Economist,https://yougov.com/en-us/trackers/most-important-issues-facing-the-us
2026-09-07,ind,The war in Afghanistan,0.0,346.0,single_list,YouGov/Economist,https://yougov.com/en-us/trackers/most-important-issues-facing-the-us
2026-09-07,ind,Inflation/prices,0.31,346.0,single_list,YouGov/Economist,https://yougov.com/en-us/trackers/most-important-issues-facing-the-us
2026-09-14,ind,Abortion,0.01,339.0,single_list,YouGov/Economist,https://yougov.com/en-us/trackers/most-important-issues-facing-the-us
2026-09-14,ind,Civil rights and civil liberties,0.09,339.0,single_list,YouGov/Economist,https://yougov.com/en-us/trackers/most-important-issues-facing-the-us
2026-09-14,ind,Climate change and the environment,0.07,339.0,single_list,YouGov/Economist,https://yougov.com/en-us/trackers/most-important-issues-facing-the-us
2026-09-14,ind,Crime and criminal justice reform,0.02,339.0,single_list,YouGov/Economist,https://yougov.com/en-us/trackers/most-important-issues-facing-the-us
2026-09-14,ind,Education,0.02,339.0,single_list,YouGov/Economist,https://yougov.com/en-us/trackers/most-important-issues-facing-the-us
2026-09-14,ind,Gay rights,0.0,339.0,single_list,YouGov/Economist,https://yougov.com/en-us/trackers/most-important-issues-facing-the-us
2026-09-14,ind,Gun control,0.0,339.0,single_list,YouGov/Economist,https://yougov.com/en-us/trackers/most-important-issues-facing-the-us
2026-09-14,ind,Health care,0.08,339.0,single_list,YouGov/Economist,https://yougov.com/en-us/trackers/most-important-issues-facing-the-us
2026-09-14,ind,Immigration,0.09,339.0,single_list,YouGov/Economist,https://yougov.com/en-us/trackers/most-important-issues-facing-the-us
2026-09-14,ind,Jobs and the economy,0.17,339.0,single_list,YouGov/Economist,https://yougov.com/en-us/trackers/most-important-issues-facing-the-us
2026-09-14,ind,Medicare,0.0,339.0,single_list,YouGov/Economist,https://yougov.com/en-us/trackers/most-important-issues-facing-the-us
2026-09-14,ind,National Security and foreign policy,0.06,339.0,single_list,YouGov/Economist,https://yougov.com/en-us/trackers/most-important-issues-facing-the-us
2026-09-14,ind,Social security,0.0,339.0,single_list,YouGov/Economist,https://yougov.com/en-us/trackers/most-important-issues-facing-the-us
2026-09-14,ind,Taxes and government spending,0.1,339.0,single_list,YouGov/Economist,https://yougov.com/en-us/trackers/most-important-issues-facing-the-us
2026-09-14,ind,Terrorism,0.0,339.0,single_list,YouGov/Economist,https://yougov.com/en-us/trackers/most-important-issues-facing-the-us
2026-09-14,ind,The budget deficit,0.0,339.0,single_list,YouGov/Economist,https://yougov.com/en-us/trackers/most-important-issues-facing-the-us
2026-09-14,ind,The war in Afghanistan,0.0,339.0,single_list,YouGov/Economist,https://yougov.com/en-us/trackers/most-important-issues-facing-the-us
2026-09-14,ind,Inflation/prices,0.31,339.0,single_list,YouGov/Economist,https://yougov.com/en-us/trackers/most-important-issues-facing-the-us
2026-09-21,ind,Abortion,0.03,316.0,single_list,YouGov/Economist,https://yougov.com/en-us/trackers/most-important-issues-facing-the-us
2026-09-21,ind,Civil rights and civil liberties,0.09,316.0,single_list,YouGov/Economist,https://yougov.com/en-us/trackers/most-important-issues-facing-the-us
2026-09-21,ind,Climate change and the environment,0.05,316.0,single_list,YouGov/Economist,https://yougov.com/en-us/trackers/most-important-issues-facing-the-us
2026-09-21,ind,Crime and criminal justice reform,0.05,316.0,single_list,YouGov/Economist,https://yougov.com/en-us/trackers/most-important-issues-facing-the-us
2026-09-21,ind,Education,0.02,316.0,single_list,YouGov/Economist,https://yougov.com/en-us/trackers/most-important-issues-facing-the-us
2026-09-21,ind,Gay rights,0.0,316.0,single_list,YouGov/Economist,https://yougov.com/en-us/trackers/most-important-issues-facing-the-us
2026-09-21,ind,Gun control,0.0,316.0,single_list,YouGov/Economist,https://yougov.com/en-us/trackers/most-important-issues-facing-the-us
2026-09-21,ind,Health care,0.08,316.0,single_list,YouGov/Economist,https://yougov.com/en-us/trackers/most-important-issues-facing-the-us
2026-09-21,ind,Immigration,0.06,316.0,single_list,YouGov/Economist,https://yougov.com/en-us/trackers/most-important-issues-facing-the-us
2026-09-21,ind,Jobs and the economy,0.15,316.0,single_list,YouGov/Economist,https://yougov.com/en-us/trackers/most-important-issues-facing-the-us
2026-09-21,ind,Medicare,0.0,316.0,single_list,YouGov/Economist,https://yougov.com/en-us/trackers/most-important-issues-facing-the-us
2026-09-21,ind,National Security and foreign policy,0.05,316.0,single_list,YouGov/Economist,https://yougov.com/en-us/trackers/most-important-issues-facing-the-us
2026-09-21,ind,Social security,0.0,316.0,single_list,YouGov/Economist,https://yougov.com/en-us/trackers/most-important-issues-facing-the-us
2026-09-21,ind,Taxes and government spending,0.08,316.0,single_list,YouGov/Economist,https://yougov.com/en-us/trackers/most-important-issues-facing-the-us
2026-09-21,ind,Terrorism,0.0,316.0,single_list,YouGov/Economist,https://yougov.com/en-us/trackers/most-important-issues-facing-the-us
2026-09-21,ind,The budget deficit,0.0,316.0,single_list,YouGov/Economist,https://yougov.com/en-us/trackers/most-important-issues-facing-the-us
2026-09-21,ind,The war in Afghanistan,0.0,316.0,single_list,YouGov/Economist,https://yougov.com/en-us/trackers/most-important-issues-facing-the-us
2026-09-21,ind,Inflation/prices,0.33,316.0,single_list,YouGov/Economist,https://yougov.com/en-us/trackers/most-important-issues-facing-the-us
2026-09-28,ind,Abortion,0.02,325.0,single_list,YouGov/Economist,https://yougov.com/en-us/trackers/most-important-issues-facing-the-us
2026-09-28,ind,Civil rights and civil liberties,0.08,325.0,single_list,YouGov/Economist,https://yougov.com/en-us/trackers/most-important-issues-facing-the-us
2026-09-28,ind,Climate change and the environment,0.06,325.0,single_list,YouGov/Economist,https://yougov.com/en-us/trackers/most-important-issues-facing-the-us
2026-09-28,ind,Crime and criminal justice reform,0.02,325.0,single_list,YouGov/Economist,https://yougov.com/en-us/trackers/most-important-issues-facing-the-us
2026-09-28,ind,Education,0.03,325.0,single_list,YouGov/Economist,https://yougov.com/en-us/trackers/most-important-issues-facing-the-us
2026-09-28,ind,Gay rights,0.0,325.0,single_list,YouGov/Economist,https://yougov.com/en-us/trackers/most-important-issues-facing-the-us
2026-09-28,ind,Gun control,0.02,325.0,single_list,YouGov/Economist,https://yougov.com/en-us/trackers/most-important-issues-facing-the-us
2026-09-28,ind,Health care,0.07,325.0,single_list,YouGov/Economist,https://yougov.com/en-us/trackers/most-important-issues-facing-the-us
2026-09-28,ind,Immigration,0.06,325.0,single_list,YouGov/Economist,https://yougov.com/en-us/trackers/most-important-issues-facing-the-us
2026-09-28,ind,Jobs and the economy,0.17,325.0,single_list,YouGov/Economist,https://yougov.com/en-us/trackers/most-important-issues-facing-the-us
2026-09-28,ind,Medicare,0.0,325.0,single_list,YouGov/Economist,https://yougov.com/en-us/trackers/most-important-issues-facing-the-us
2026-09-28,ind,National Security and foreign policy,0.08,325.0,single_list,YouGov/Economist,https://yougov.com/en-us/trackers/most-important-issues-facing-the-us
2026-09-28,ind,Social security,0.0,325.0,single_list,YouGov/Economist,https://yougov.com/en-us/trackers/most-important-issues-facing-the-us
2026-09-28,ind,Taxes and government spending,0.09,325.0,single_list,YouGov/Economist,https://yougov.com/en-us/trackers/most-important-issues-facing-the-us
2026-09-28,ind,Terrorism,0.0,325.0,single_list,YouGov/Economist,https://yougov.com/en-us/trackers/most-important-issues-facing-the-us
2026-09-28,ind,The budget deficit,0.0,325.0,single_list,YouGov/Economist,https://yougov.com/en-us/trackers/most-important-issues-facing-the-us
2026-09-28,ind,The war in Afghanistan,0.0,325.0,single_list,YouGov/Economist,https://yougov.com/en-us/trackers/most-important-issues-facing-the-us
2026-09-28,ind,Inflation/prices,0.3,325.0,single_list,YouGov/Economist,https://yougov.com/en-us/trackers/most-important-issues-facing-the-us
2025-01-07,rep,Abortion,0.04,452.0,two_step,YouGov/Economist,https://yougov.com/en-us/trackers/most-important-issues-facing-the-us
2025-01-07,rep,Civil rights and civil liberties,0.03,452.0,two_step,YouGov/Economist,https://yougov.com/en-us/trackers/most-important-issues-facing-the-us
2025-01-07,rep,Climate change and the environment,0.0,452.0,two_step,YouGov/Economist,https://yougov.com/en-us/trackers/most-important-issues-facing-the-us
2025-01-07,rep,Crime and criminal justice reform,0.04,452.0,two_step,YouGov/Economist,https://yougov.com/en-us/trackers/most-important-issues-facing-the-us
2025-01-07,rep,Education,0.02,452.0,two_step,YouGov/Economist,https://yougov.com/en-us/trackers/most-important-issues-facing-the-us
2025-01-07,rep,Gay rights,0.0,452.0,two_step,YouGov/Economist,https://yougov.com/en-us/trackers/most-important-issues-facing-the-us
2025-01-07,rep,Gun control,0.02,452.0,two_step,YouGov/Economist,https://yougov.com/en-us/trackers/most-important-issues-facing-the-us
2025-01-07,rep,Health care,0.05,452.0,two_step,YouGov/Economist,https://yougov.com/en-us/trackers/most-important-issues-facing-the-us
2025-01-07,rep,Immigration,0.21,452.0,two_step,YouGov/Economist,https://yougov.com/en-us/trackers/most-important-issues-facing-the-us
2025-01-07,rep,Jobs and the economy,0.11,452.0,two_step,YouGov/Economist,https://yougov.com/en-us/trackers/most-important-issues-facing-the-us
2025-01-07,rep,Medicare,0.0,452.0,two_step,YouGov/Economist,https://yougov.com/en-us/trackers/most-important-issues-facing-the-us
2025-01-07,rep,National Security and foreign policy,0.1,452.0,two_step,YouGov/Economist,https://yougov.com/en-us/trackers/most-important-issues-facing-the-us
2025-01-07,rep,Social security,0.0,452.0,two_step,YouGov/Economist,https://yougov.com/en-us/trackers/most-important-issues-facing-the-us
2025-01-07,rep,Taxes and government spending,0.07,452.0,two_step,YouGov/Economist,https://yougov.com/en-us/trackers/most-important-issues-facing-the-us
2025-01-07,rep,Terrorism,0.0,452.0,two_step,YouGov/Economist,https://yougov.com/en-us/trackers/most-important-issues-facing-the-us
2025-01-07,rep,The budget deficit,0.0,452.0,two_step,YouGov/Economist,https://yougov.com/en-us/trackers/most-important-issues-facing-the-us
2025-01-07,rep,The war in Afghanistan,0.0,452.0,two_step,YouGov/Economist,https://yougov.com/en-us/trackers/most-important-issues-facing-the-us
2025-01-07,rep,Inflation/prices,0.32,452.0,two_step,YouGov/Economist,https://yougov.com/en-us/trackers/most-important-issues-facing-the-us
2025-01-13,rep,Abortion,0.04,410.0,two_step,YouGov/Economist,https://yougov.com/en-us/trackers/most-important-issues-facing-the-us
2025-01-13,rep,Civil rights and civil liberties,0.01,410.0,two_step,YouGov/Economist,https://yougov.com/en-us/trackers/most-important-issues-facing-the-us
2025-01-13,rep,Climate change and the environment,0.02,410.0,two_step,YouGov/Economist,https://yougov.com/en-us/trackers/most-important-issues-facing-the-us
2025-01-13,rep,Crime and criminal justice reform,0.04,410.0,two_step,YouGov/Economist,https://yougov.com/en-us/trackers/most-important-issues-facing-the-us
2025-01-13,rep,Education,0.01,410.0,two_step,YouGov/Economist,https://yougov.com/en-us/trackers/most-important-issues-facing-the-us
2025-01-13,rep,Gay rights,0.0,410.0,two_step,YouGov/Economist,https://yougov.com/en-us/trackers/most-important-issues-facing-the-us
2025-01-13,rep,Gun control,0.02,410.0,two_step,YouGov/Economist,https://yougov.com/en-us/trackers/most-important-issues-facing-the-us
2025-01-13,rep,Health care,0.06,410.0,two_step,YouGov/Economist,https://yougov.com/en-us/trackers/most-important-issues-facing-the-us
2025-01-13,rep,Immigration,0.18,410.0,two_step,YouGov/Economist,https://yougov.com/en-us/trackers/most-important-issues-facing-the-us
2025-01-13,rep,Jobs and the economy,0.12,410.0,two_step,YouGov/Economist,https://yougov.com/en-us/trackers/most-important-issues-facing-the-us
2025-01-13,rep,Medicare,0.0,410.0,two_step,YouGov/Economist,https://yougov.com/en-us/trackers/most-important-issues-facing-the-us
2025-01-13,rep,National Security and foreign policy,0.13,410.0,two_step,YouGov/Economist,https://yougov.com/en-us/trackers/most-important-issues-facing-the-us
2025-01-13,rep,Social security,0.0,410.0,two_step,YouGov/Economist,https://yougov.com/en-us/trackers/most-important-issues-facing-the-us
2025-01-13,rep,Taxes and government spending,0.06,410.0,two_step,YouGov/Economist,https://yougov.com/en-us/trackers/most-important-issues-facing-the-us
2025-01-13,rep,Terrorism,0.0,410.0,two_step,YouGov/Economist,https://yougov.com/en-us/trackers/most-important-issues-facing-the-us
2025-01-13,rep,The budget deficit,0.0,410.0,two_step,YouGov/Economist,https://yougov.com/en-us/trackers/most-important-issues-facing-the-us
2025-01-13,rep,The war in Afghanistan,0.0,410.0,two_step,YouGov/Economist,https://yougov.com/en-us/trackers/most-important-issues-facing-the-us
2025-01-13,rep,Inflation/prices,0.3,410.0,two_step,YouGov/Economist,https://yougov.com/en-us/trackers/most-important-issues-facing-the-us
2025-01-20,rep,Abortion,0.05,430.0,two_step,YouGov/Economist,https://yougov.com/en-us/trackers/most-important-issues-facing-the-us
2025-01-20,rep,Civil rights and civil liberties,0.02,430.0,two_step,YouGov/Economist,https://yougov.com/en-us/trackers/most-important-issues-facing-the-us
2025-01-20,rep,Climate change and the environment,0.03,430.0,two_step,YouGov/Economist,https://yougov.com/en-us/trackers/most-important-issues-facing-the-us
2025-01-20,rep,Crime and criminal justice reform,0.04,430.0,two_step,YouGov/Economist,https://yougov.com/en-us/trackers/most-important-issues-facing-the-us
2025-01-20,rep,Education,0.01,430.0,two_step,YouGov/Economist,https://yougov.com/en-us/trackers/most-important-issues-facing-the-us
2025-01-20,rep,Gay rights,0.0,430.0,two_step,YouGov/Economist,https://yougov.com/en-us/trackers/most-important-issues-facing-the-us
2025-01-20,rep,Gun control,0.01,430.0,two_step,YouGov/Economist,https://yougov.com/en-us/trackers/most-important-issues-facing-the-us
2025-01-20,rep,Health care,0.06,430.0,two_step,YouGov/Economist,https://yougov.com/en-us/trackers/most-important-issues-facing-the-us
2025-01-20,rep,Immigration,0.21,430.0,two_step,YouGov/Economist,https://yougov.com/en-us/trackers/most-important-issues-facing-the-us
2025-01-20,rep,Jobs and the economy,0.06,430.0,two_step,YouGov/Economist,https://yougov.com/en-us/trackers/most-important-issues-facing-the-us
2025-01-20,rep,Medicare,0.0,430.0,two_step,YouGov/Economist,https://yougov.com/en-us/trackers/most-important-issues-facing-the-us
2025-01-20,rep,National Security and foreign policy,0.09,430.0,two_step,YouGov/Economist,https://yougov.com/en-us/trackers/most-important-issues-facing-the-us
2025-01-20,rep,Social security,0.0,430.0,two_step,YouGov/Economist,https://yougov.com/en-us/trackers/most-important-issues-facing-the-us
2025-01-20,rep,Taxes and government spending,0.1,430.0,two_step,YouGov/Economist,https://yougov.com/en-us/trackers/most-important-issues-facing-the-us
2025-01-20,rep,Terrorism,0.0,430.0,two_step,YouGov/Economist,https://yougov.com/en-us/trackers/most-important-issues-facing-the-us
2025-01-20,rep,The budget deficit,0.0,430.0,two_step,YouGov/Economist,https://yougov.com/en-us/trackers/most-important-issues-facing-the-us
2025-01-20,rep,The war in Afghanistan,0.0,430.0,two_step,YouGov/Economist,https://yougov.com/en-us/trackers/most-important-issues-facing-the-us
2025-01-20,rep,Inflation/prices,0.32,430.0,two_step,YouGov/Economist,https://yougov.com/en-us/trackers/most-important-issues-facing-the-us
2025-01-28,rep,Abortion,0.04,416.0,two_step,YouGov/Economist,https://yougov.com/en-us/trackers/most-important-issues-facing-the-us
2025-01-28,rep,Civil rights and civil liberties,0.01,416.0,two_step,YouGov/Economist,https://yougov.com/en-us/trackers/most-important-issues-facing-the-us
2025-01-28,rep,Climate change and the environment,0.01,416.0,two_step,YouGov/Economist,https://yougov.com/en-us/trackers/most-important-issues-facing-the-us
2025-01-28,rep,Crime and criminal justice reform,0.04,416.0,two_step,YouGov/Economist,https://yougov.com/en-us/trackers/most-important-issues-facing-the-us
2025-01-28,rep,Education,0.01,416.0,two_step,YouGov/Economist,https://yougov.com/en-us/trackers/most-important-issues-facing-the-us
2025-01-28,rep,Gay rights,0.0,416.0,two_step,YouGov/Economist,https://yougov.com/en-us/trackers/most-important-issues-facing-the-us
2025-01-28,rep,Gun control,0.02,416.0,two_step,YouGov/Economist,https://yougov.com/en-us/trackers/most-important-issues-facing-the-us
2025-01-28,rep,Health care,0.05,416.0,two_step,YouGov/Economist,https://yougov.com/en-us/trackers/most-important-issues-facing-the-us
2025-01-28,rep,Immigration,0.27,416.0,two_step,YouGov/Economist,https://yougov.com/en-us/trackers/most-important-issues-facing-the-us
2025-01-28,rep,Jobs and the economy,0.1,416.0,two_step,YouGov/Economist,https://yougov.com/en-us/trackers/most-important-issues-facing-the-us
2025-01-28,rep,Medicare,0.0,416.0,two_step,YouGov/Economist,https://yougov.com/en-us/trackers/most-important-issues-facing-the-us
2025-01-28,rep,National Security and foreign policy,0.09,416.0,two_step,YouGov/Economist,https://yougov.com/en-us/trackers/most-important-issues-facing-the-us
2025-01-28,rep,Social security,0.0,416.0,two_step,YouGov/Economist,https://yougov.com/en-us/trackers/most-important-issues-facing-the-us
2025-01-28,rep,Taxes and government spending,0.1,416.0,two_step,YouGov/Economist,https://yougov.com/en-us/trackers/most-important-issues-facing-the-us
2025-01-28,rep,Terrorism,0.0,416.0,two_step,YouGov/Economist,https://yougov.com/en-us/trackers/most-important-issues-facing-the-us
2025-01-28,rep,The budget deficit,0.0,416.0,two_step,YouGov/Economist,https://yougov.com/en-us/trackers/most-important-issues-facing-the-us
2025-01-28,rep,The war in Afghanistan,0.0,416.0,two_step,YouGov/Economist,https://yougov.com/en-us/trackers/most-important-issues-facing-the-us
2025-01-28,rep,Inflation/prices,0.26,416.0,two_step,YouGov/Economist,https://yougov.com/en-us/trackers/most-important-issues-facing-the-us
2025-02-04,rep,Abortion,0.05,434.0,two_step,YouGov/Economist,https://yougov.com/en-us/trackers/most-important-issues-facing-the-us
2025-02-04,rep,Civil rights and civil liberties,0.03,434.0,two_step,YouGov/Economist,https://yougov.com/en-us/trackers/most-important-issues-facing-the-us
2025-02-04,rep,Climate change and the environment,0.01,434.0,two_step,YouGov/Economist,https://yougov.com/en-us/trackers/most-important-issues-facing-the-us
2025-02-04,rep,Crime and criminal justice reform,0.03,434.0,two_step,YouGov/Economist,https://yougov.com/en-us/trackers/most-important-issues-facing-the-us
2025-02-04,rep,Education,0.02,434.0,two_step,YouGov/Economist,https://yougov.com/en-us/trackers/most-important-issues-facing-the-us
2025-02-04,rep,Gay rights,0.0,434.0,two_step,YouGov/Economist,https://yougov.com/en-us/trackers/most-important-issues-facing-the-us
2025-02-04,rep,Gun control,0.04,434.0,two_step,YouGov/Economist,https://yougov.com/en-us/trackers/most-important-issues-facing-the-us
2025-02-04,rep,Health care,0.05,434.0,two_step,YouGov/Economist,https://yougov.com/en-us/trackers/most-important-issues-facing-the-us
2025-02-04,rep,Immigration,0.21,434.0,two_step,YouGov/Economist,https://yougov.com/en-us/trackers/most-important-issues-facing-the-us
2025-02-04,rep,Jobs and the economy,0.12,434.0,two_step,YouGov/Economist,https://yougov.com/en-us/trackers/most-important-issues-facing-the-us
2025-02-04,rep,Medicare,0.0,434.0,two_step,YouGov/Economist,https://yougov.com/en-us/trackers/most-important-issues-facing-the-us
2025-02-04,rep,National Security and foreign policy,0.1,434.0,two_step,YouGov/Economist,https://yougov.com/en-us/trackers/most-important-issues-facing-the-us
2025-02-04,rep,Social security,0.0,434.0,two_step,YouGov/Economist,https://yougov.com/en-us/trackers/most-important-issues-facing-the-us
2025-02-04,rep,Taxes and government spending,0.08,434.0,two_step,YouGov/Economist,https://yougov.com/en-us/trackers/most-important-issues-facing-the-us
2025-02-04,rep,Terrorism,0.0,434.0,two_step,YouGov/Economist,https://yougov.com/en-us/trackers/most-important-issues-facing-the-us
2025-02-04,rep,The budget deficit,0.0,434.0,two_step,YouGov/Economist,https://yougov.com/en-us/trackers/most-important-issues-facing-the-us
2025-02-04,rep,The war in Afghanistan,0.0,434.0,two_step,YouGov/Economist,https://yougov.com/en-us/trackers/most-important-issues-facing-the-us
2025-02-04,rep,Inflation/prices,0.27,434.0,two_step,YouGov/Economist,https://yougov.com/en-us/trackers/most-important-issues-facing-the-us
2025-02-11,rep,Abortion,0.05,425.0,two_step,YouGov/Economist,https://yougov.com/en-us/trackers/most-important-issues-facing-the-us
2025-02-11,rep,Civil rights and civil liberties,0.03,425.0,two_step,YouGov/Economist,https://yougov.com/en-us/trackers/most-important-issues-facing-the-us
2025-02-11,rep,Climate change and the environment,0.0,425.0,two_step,YouGov/Economist,https://yougov.com/en-us/trackers/most-important-issues-facing-the-us
2025-02-11,rep,Crime and criminal justice reform,0.01,425.0,two_step,YouGov/Economist,https://yougov.com/en-us/trackers/most-important-issues-facing-the-us
2025-02-11,rep,Education,0.01,425.0,two_step,YouGov/Economist,https://yougov.com/en-us/trackers/most-important-issues-facing-the-us
2025-02-11,rep,Gay rights,0.0,425.0,two_step,YouGov/Economist,https://yougov.com/en-us/trackers/most-important-issues-facing-the-us
2025-02-11,rep,Gun control,0.02,425.0,two_step,YouGov/Economist,https://yougov.com/en-us/trackers/most-important-issues-facing-the-us
2025-02-11,rep,Health care,0.04,425.0,two_step,YouGov/Economist,https://yougov.com/en-us/trackers/most-important-issues-facing-the-us
2025-02-11,rep,Immigration,0.21,425.0,two_step,YouGov/Economist,https://yougov.com/en-us/trackers/most-important-issues-facing-the-us
2025-02-11,rep,Jobs and the economy,0.1,425.0,two_step,YouGov/Economist,https://yougov.com/en-us/trackers/most-important-issues-facing-the-us
2025-02-11,rep,Medicare,0.0,425.0,two_step,YouGov/Economist,https://yougov.com/en-us/trackers/most-important-issues-facing-the-us
2025-02-11,rep,National Security and foreign policy,0.11,425.0,two_step,YouGov/Economist,https://yougov.com/en-us/trackers/most-important-issues-facing-the-us
2025-02-11,rep,Social security,0.0,425.0,two_step,YouGov/Economist,https://yougov.com/en-us/trackers/most-important-issues-facing-the-us
2025-02-11,rep,Taxes and government spending,0.12,425.0,two_step,YouGov/Economist,https://yougov.com/en-us/trackers/most-important-issues-facing-the-us
2025-02-11,rep,Terrorism,0.0,425.0,two_step,YouGov/Economist,https://yougov.com/en-us/trackers/most-important-issues-facing-the-us
2025-02-11,rep,The budget deficit,0.0,425.0,two_step,YouGov/Economist,https://yougov.com/en-us/trackers/most-important-issues-facing-the-us
2025-02-11,rep,The war in Afghanistan,0.0,425.0,two_step,YouGov/Economist,https://yougov.com/en-us/trackers/most-important-issues-facing-the-us
2025-02-11,rep,Inflation/prices,0.27,425.0,two_step,YouGov/Economist,https://yougov.com/en-us/trackers/most-important-issues-facing-the-us
2025-02-18,rep,Abortion,0.03,422.0,two_step,YouGov/Economist,https://yougov.com/en-us/trackers/most-important-issues-facing-the-us
2025-02-18,rep,Civil rights and civil liberties,0.02,422.0,two_step,YouGov/Economist,https://yougov.com/en-us/trackers/most-important-issues-facing-the-us
2025-02-18,rep,Climate change and the environment,0.02,422.0,two_step,YouGov/Economist,https://yougov.com/en-us/trackers/most-important-issues-facing-the-us
2025-02-18,rep,Crime and criminal justice reform,0.01,422.0,two_step,YouGov/Economist,https://yougov.com/en-us/trackers/most-important-issues-facing-the-us
2025-02-18,rep,Education,0.02,422.0,two_step,YouGov/Economist,https://yougov.com/en-us/trackers/most-important-issues-facing-the-us
2025-02-18,rep,Gay rights,0.0,422.0,two_step,YouGov/Economist,https://yougov.com/en-us/trackers/most-important-issues-facing-the-us
2025-02-18,rep,Gun control,0.02,422.0,two_step,YouGov/Economist,https://yougov.com/en-us/trackers/most-important-issues-facing-the-us
2025-02-18,rep,Health care,0.06,422.0,two_step,YouGov/Economist,https://yougov.com/en-us/trackers/most-important-issues-facing-the-us
2025-02-18,rep,Immigration,0.23,422.0,two_step,YouGov/Economist,https://yougov.com/en-us/trackers/most-important-issues-facing-the-us
2025-02-18,rep,Jobs and the economy,0.09,422.0,two_step,YouGov/Economist,https://yougov.com/en-us/trackers/most-important-issues-facing-the-us
2025-02-18,rep,Medicare,0.0,422.0,two_step,YouGov/Economist,https://yougov.com/en-us/trackers/most-important-issues-facing-the-us
2025-02-18,rep,National Security and foreign policy,0.08,422.0,two_step,YouGov/Economist,https://yougov.com/en-us/trackers/most-important-issues-facing-the-us
2025-02-18,rep,Social security,0.0,422.0,two_step,YouGov/Economist,https://yougov.com/en-us/trackers/most-important-issues-facing-the-us
2025-02-18,rep,Taxes and government spending,0.12,422.0,two_step,YouGov/Economist,https://yougov.com/en-us/trackers/most-important-issues-facing-the-us
2025-02-18,rep,Terrorism,0.0,422.0,two_step,YouGov/Economist,https://yougov.com/en-us/trackers/most-important-issues-facing-the-us
2025-02-18,rep,The budget deficit,0.0,422.0,two_step,YouGov/Economist,https://yougov.com/en-us/trackers/most-important-issues-facing-the-us
2025-02-18,rep,The war in Afghanistan,0.0,422.0,two_step,YouGov/Economist,https://yougov.com/en-us/trackers/most-important-issues-facing-the-us
2025-02-18,rep,Inflation/prices,0.28,422.0,two_step,YouGov/Economist,https://yougov.com/en-us/trackers/most-important-issues-facing-the-us
2025-02-25,rep,Abortion,0.03,427.0,two_step,YouGov/Economist,https://yougov.com/en-us/trackers/most-important-issues-facing-the-us
2025-02-25,rep,Civil rights and civil liberties,0.02,427.0,two_step,YouGov/Economist,https://yougov.com/en-us/trackers/most-important-issues-facing-the-us
2025-02-25,rep,Climate change and the environment,0.0,427.0,two_step,YouGov/Economist,https://yougov.com/en-us/trackers/most-important-issues-facing-the-us
2025-02-25,rep,Crime and criminal justice reform,0.03,427.0,two_step,YouGov/Economist,https://yougov.com/en-us/trackers/most-important-issues-facing-the-us
2025-02-25,rep,Education,0.03,427.0,two_step,YouGov/Economist,https://yougov.com/en-us/trackers/most-important-issues-facing-the-us
2025-02-25,rep,Gay rights,0.0,427.0,two_step,YouGov/Economist,https://yougov.com/en-us/trackers/most-important-issues-facing-the-us
2025-02-25,rep,Gun control,0.0,427.0,two_step,YouGov/Economist,https://yougov.com/en-us/trackers/most-important-issues-facing-the-us
2025-02-25,rep,Health care,0.06,427.0,two_step,YouGov/Economist,https://yougov.com/en-us/trackers/most-important-issues-facing-the-us
2025-02-25,rep,Immigration,0.19,427.0,two_step,YouGov/Economist,https://yougov.com/en-us/trackers/most-important-issues-facing-the-us
2025-02-25,rep,Jobs and the economy,0.12,427.0,two_step,YouGov/Economist,https://yougov.com/en-us/trackers/most-important-issues-facing-the-us
2025-02-25,rep,Medicare,0.0,427.0,two_step,YouGov/Economist,https://yougov.com/en-us/trackers/most-important-issues-facing-the-us
2025-02-25,rep,National Security and foreign policy,0.12,427.0,two_step,YouGov/Economist,https://yougov.com/en-us/trackers/most-important-issues-facing-the-us
2025-02-25,rep,Social security,0.0,427.0,two_step,YouGov/Economist,https://yougov.com/en-us/trackers/most-important-issues-facing-the-us
2025-02-25,rep,Taxes and government spending,0.12,427.0,two_step,YouGov/Economist,https://yougov.com/en-us/trackers/most-important-issues-facing-the-us
2025-02-25,rep,Terrorism,0.0,427.0,two_step,YouGov/Economist,https://yougov.com/en-us/trackers/most-important-issues-facing-the-us
2025-02-25,rep,The budget deficit,0.0,427.0,two_step,YouGov/Economist,https://yougov.com/en-us/trackers/most-important-issues-facing-the-us
2025-02-25,rep,The war in Afghanistan,0.0,427.0,two_step,YouGov/Economist,https://yougov.com/en-us/trackers/most-important-issues-facing-the-us
2025-02-25,rep,Inflation/prices,0.28,427.0,two_step,YouGov/Economist,https://yougov.com/en-us/trackers/most-important-issues-facing-the-us
2025-03-04,rep,Abortion,0.05,433.0,two_step,YouGov/Economist,https://yougov.com/en-us/trackers/most-important-issues-facing-the-us
2025-03-04,rep,Civil rights and civil liberties,0.02,433.0,two_step,YouGov/Economist,https://yougov.com/en-us/trackers/most-important-issues-facing-the-us
2025-03-04,rep,Climate change and the environment,0.0,433.0,two_step,YouGov/Economist,https://yougov.com/en-us/trackers/most-important-issues-facing-the-us
2025-03-04,rep,Crime and criminal justice reform,0.02,433.0,two_step,YouGov/Economist,https://yougov.com/en-us/trackers/most-important-issues-facing-the-us
2025-03-04,rep,Education,0.02,433.0,two_step,YouGov/Economist,https://yougov.com/en-us/trackers/most-important-issues-facing-the-us
2025-03-04,rep,Gay rights,0.0,433.0,two_step,YouGov/Economist,https://yougov.com/en-us/trackers/most-important-issues-facing-the-us
2025-03-04,rep,Gun control,0.02,433.0,two_step,YouGov/Economist,https://yougov.com/en-us/trackers/most-important-issues-facing-the-us
2025-03-04,rep,Health care,0.07,433.0,two_step,YouGov/Economist,https://yougov.com/en-us/trackers/most-important-issues-facing-the-us
2025-03-04,rep,Immigration,0.15,433.0,two_step,YouGov/Economist,https://yougov.com/en-us/trackers/most-important-issues-facing-the-us
2025-03-04,rep,Jobs and the economy,0.11,433.0,two_step,YouGov/Economist,https://yougov.com/en-us/trackers/most-important-issues-facing-the-us
2025-03-04,rep,Medicare,0.0,433.0,two_step,YouGov/Economist,https://yougov.com/en-us/trackers/most-important-issues-facing-the-us
2025-03-04,rep,National Security and foreign policy,0.13,433.0,two_step,YouGov/Economist,https://yougov.com/en-us/trackers/most-important-issues-facing-the-us
2025-03-04,rep,Social security,0.0,433.0,two_step,YouGov/Economist,https://yougov.com/en-us/trackers/most-important-issues-facing-the-us
2025-03-04,rep,Taxes and government spending,0.13,433.0,two_step,YouGov/Economist,https://yougov.com/en-us/trackers/most-important-issues-facing-the-us
2025-03-04,rep,Terrorism,0.0,433.0,two_step,YouGov/Economist,https://yougov.com/en-us/trackers/most-important-issues-facing-the-us
2025-03-04,rep,The budget deficit,0.0,433.0,two_step,YouGov/Economist,https://yougov.com/en-us/trackers/most-important-issues-facing-the-us
2025-03-04,rep,The war in Afghanistan,0.0,433.0,two_step,YouGov/Economist,https://yougov.com/en-us/trackers/most-important-issues-facing-the-us
2025-03-04,rep,Inflation/prices,0.26,433.0,two_step,YouGov/Economist,https://yougov.com/en-us/trackers/most-important-issues-facing-the-us
2025-03-11,rep,Abortion,0.05,447.0,two_step,YouGov/Economist,https://yougov.com/en-us/trackers/most-important-issues-facing-the-us
2025-03-11,rep,Civil rights and civil liberties,0.01,447.0,two_step,YouGov/Economist,https://yougov.com/en-us/trackers/most-important-issues-facing-the-us
2025-03-11,rep,Climate change and the environment,0.01,447.0,two_step,YouGov/Economist,https://yougov.com/en-us/trackers/most-important-issues-facing-the-us
2025-03-11,rep,Crime and criminal justice reform,0.03,447.0,two_step,YouGov/Economist,https://yougov.com/en-us/trackers/most-important-issues-facing-the-us
2025-03-11,rep,Education,0.01,447.0,two_step,YouGov/Economist,https://yougov.com/en-us/trackers/most-important-issues-facing-the-us
2025-03-11,rep,Gay rights,0.0,447.0,two_step,YouGov/Economist,https://yougov.com/en-us/trackers/most-important-issues-facing-the-us
2025-03-11,rep,Gun control,0.02,447.0,two_step,YouGov/Economist,https://yougov.com/en-us/trackers/most-important-issues-facing-the-us
2025-03-11,rep,Health care,0.05,447.0,two_step,YouGov/Economist,https://yougov.com/en-us/trackers/most-important-issues-facing-the-us
2025-03-11,rep,Immigration,0.15,447.0,two_step,YouGov/Economist,https://yougov.com/en-us/trackers/most-important-issues-facing-the-us
2025-03-11,rep,Jobs and the economy,0.12,447.0,two_step,YouGov/Economist,https://yougov.com/en-us/trackers/most-important-issues-facing-the-us
2025-03-11,rep,Medicare,0.0,447.0,two_step,YouGov/Economist,https://yougov.com/en-us/trackers/most-important-issues-facing-the-us
2025-03-11,rep,National Security and foreign policy,0.12,447.0,two_step,YouGov/Economist,https://yougov.com/en-us/trackers/most-important-issues-facing-the-us
2025-03-11,rep,Social security,0.0,447.0,two_step,YouGov/Economist,https://yougov.com/en-us/trackers/most-important-issues-facing-the-us
2025-03-11,rep,Taxes and government spending,0.13,447.0,two_step,YouGov/Economist,https://yougov.com/en-us/trackers/most-important-issues-facing-the-us
2025-03-11,rep,Terrorism,0.0,447.0,two_step,YouGov/Economist,https://yougov.com/en-us/trackers/most-important-issues-facing-the-us
2025-03-11,rep,The budget deficit,0.0,447.0,two_step,YouGov/Economist,https://yougov.com/en-us/trackers/most-important-issues-facing-the-us
2025-03-11,rep,The war in Afghanistan,0.0,447.0,two_step,YouGov/Economist,https://yougov.com/en-us/trackers/most-important-issues-facing-the-us
2025-03-11,rep,Inflation/prices,0.3,447.0,two_step,YouGov/Economist,https://yougov.com/en-us/trackers/most-important-issues-facing-the-us
2025-03-18,rep,Abortion,0.04,429.0,two_step,YouGov/Economist,https://yougov.com/en-us/trackers/most-important-issues-facing-the-us
2025-03-18,rep,Civil rights and civil liberties,0.02,429.0,two_step,YouGov/Economist,https://yougov.com/en-us/trackers/most-important-issues-facing-the-us
2025-03-18,rep,Climate change and the environment,0.01,429.0,two_step,YouGov/Economist,https://yougov.com/en-us/trackers/most-important-issues-facing-the-us
2025-03-18,rep,Crime and criminal justice reform,0.04,429.0,two_step,YouGov/Economist,https://yougov.com/en-us/trackers/most-important-issues-facing-the-us
2025-03-18,rep,Education,0.02,429.0,two_step,YouGov/Economist,https://yougov.com/en-us/trackers/most-important-issues-facing-the-us
2025-03-18,rep,Gay rights,0.0,429.0,two_step,YouGov/Economist,https://yougov.com/en-us/trackers/most-important-issues-facing-the-us
2025-03-18,rep,Gun control,0.02,429.0,two_step,YouGov/Economist,https://yougov.com/en-us/trackers/most-important-issues-facing-the-us
2025-03-18,rep,Health care,0.05,429.0,two_step,YouGov/Economist,https://yougov.com/en-us/trackers/most-important-issues-facing-the-us
2025-03-18,rep,Immigration,0.17,429.0,two_step,YouGov/Economist,https://yougov.com/en-us/trackers/most-important-issues-facing-the-us
2025-03-18,rep,Jobs and the economy,0.12,429.0,two_step,YouGov/Economist,https://yougov.com/en-us/trackers/most-important-issues-facing-the-us
2025-03-18,rep,Medicare,0.0,429.0,two_step,YouGov/Economist,https://yougov.com/en-us/trackers/most-important-issues-facing-the-us
2025-03-18,rep,National Security and foreign policy,0.1,429.0,two_step,YouGov/Economist,https://yougov.com/en-us/trackers/most-important-issues-facing-the-us
2025-03-18,rep,Social security,0.0,429.0,two_step,YouGov/Economist,https://yougov.com/en-us/trackers/most-important-issues-facing-the-us
2025-03-18,rep,Taxes and government spending,0.13,429.0,two_step,YouGov/Economist,https://yougov.com/en-us/trackers/most-important-issues-facing-the-us
2025-03-18,rep,Terrorism,0.0,429.0,two_step,YouGov/Economist,https://yougov.com/en-us/trackers/most-important-issues-facing-the-us
2025-03-18,rep,The budget deficit,0.0,429.0,two_step,YouGov/Economist,https://yougov.com/en-us/trackers/most-important-issues-facing-the-us
2025-03-18,rep,The war in Afghanistan,0.0,429.0,two_step,YouGov/Economist,https://yougov.com/en-us/trackers/most-important-issues-facing-the-us
2025-03-18,rep,Inflation/prices,0.27,429.0,two_step,YouGov/Economist,https://yougov.com/en-us/trackers/most-important-issues-facing-the-us
2025-03-25,rep,Abortion,0.03,439.0,two_step,YouGov/Economist,https://yougov.com/en-us/trackers/most-important-issues-facing-the-us
2025-03-25,rep,Civil rights and civil liberties,0.02,439.0,two_step,YouGov/Economist,https://yougov.com/en-us/trackers/most-important-issues-facing-the-us
2025-03-25,rep,Climate change and the environment,0.02,439.0,two_step,YouGov/Economist,https://yougov.com/en-us/trackers/most-important-issues-facing-the-us
2025-03-25,rep,Crime and criminal justice reform,0.02,439.0,two_step,YouGov/Economist,https://yougov.com/en-us/trackers/most-important-issues-facing-the-us
2025-03-25,rep,Education,0.03,439.0,two_step,YouGov/Economist,https://yougov.com/en-us/trackers/most-important-issues-facing-the-us
2025-03-25,rep,Gay rights,0.0,439.0,two_step,YouGov/Economist,https://yougov.com/en-us/trackers/most-important-issues-facing-the-us
2025-03-25,rep,Gun control,0.02,439.0,two_step,YouGov/Economist,https://yougov.com/en-us/trackers/most-important-issues-facing-the-us
2025-03-25,rep,Health care,0.06,439.0,two_step,YouGov/Economist,https://yougov.com/en-us/trackers/most-important-issues-facing-the-us
2025-03-25,rep,Immigration,0.18,439.0,two_step,YouGov/Economist,https://yougov.com/en-us/trackers/most-important-issues-facing-the-us
2025-03-25,rep,Jobs and the economy,0.11,439.0,two_step,YouGov/Economist,https://yougov.com/en-us/trackers/most-important-issues-facing-the-us
2025-03-25,rep,Medicare,0.0,439.0,two_step,YouGov/Economist,https://yougov.com/en-us/trackers/most-important-issues-facing-the-us
2025-03-25,rep,National Security and foreign policy,0.08,439.0,two_step,YouGov/Economist,https://yougov.com/en-us/trackers/most-important-issues-facing-the-us
2025-03-25,rep,Social security,0.0,439.0,two_step,YouGov/Economist,https://yougov.com/en-us/trackers/most-important-issues-facing-the-us
2025-03-25,rep,Taxes and government spending,0.11,439.0,two_step,YouGov/Economist,https://yougov.com/en-us/trackers/most-important-issues-facing-the-us
2025-03-25,rep,Terrorism,0.0,439.0,two_step,YouGov/Economist,https://yougov.com/en-us/trackers/most-important-issues-facing-the-us
2025-03-25,rep,The budget deficit,0.0,439.0,two_step,YouGov/Economist,https://yougov.com/en-us/trackers/most-important-issues-facing-the-us
2025-03-25,rep,The war in Afghanistan,0.0,439.0,two_step,YouGov/Economist,https://yougov.com/en-us/trackers/most-important-issues-facing-the-us
2025-03-25,rep,Inflation/prices,0.31,439.0,two_step,YouGov/Economist,https://yougov.com/en-us/trackers/most-important-issues-facing-the-us
2025-04-01,rep,Abortion,0.03,431.0,two_step,YouGov/Economist,https://yougov.com/en-us/trackers/most-important-issues-facing-the-us
2025-04-01,rep,Civil rights and civil liberties,0.01,431.0,two_step,YouGov/Economist,https://yougov.com/en-us/trackers/most-important-issues-facing-the-us
2025-04-01,rep,Climate change and the environment,0.0,431.0,two_step,YouGov/Economist,https://yougov.com/en-us/trackers/most-important-issues-facing-the-us
2025-04-01,rep,Crime and criminal justice reform,0.03,431.0,two_step,YouGov/Economist,https://yougov.com/en-us/trackers/most-important-issues-facing-the-us
2025-04-01,rep,Education,0.02,431.0,two_step,YouGov/Economist,https://yougov.com/en-us/trackers/most-important-issues-facing-the-us
2025-04-01,rep,Gay rights,0.0,431.0,two_step,YouGov/Economist,https://yougov.com/en-us/trackers/most-important-issues-facing-the-us
2025-04-01,rep,Gun control,0.02,431.0,two_step,YouGov/Economist,https://yougov.com/en-us/trackers/most-important-issues-facing-the-us
2025-04-01,rep,Health care,0.04,431.0,two_step,YouGov/Economist,https://yougov.com/en-us/trackers/most-important-issues-facing-the-us
2025-04-01,rep,Immigration,0.15,431.0,two_step,YouGov/Economist,https://yougov.com/en-us/trackers/most-important-issues-facing-the-us
2025-04-01,rep,Jobs and the economy,0.14,431.0,two_step,YouGov/Economist,https://yougov.com/en-us/trackers/most-important-issues-facing-the-us
2025-04-01,rep,Medicare,0.0,431.0,two_step,YouGov/Economist,https://yougov.com/en-us/trackers/most-important-issues-facing-the-us
2025-04-01,rep,National Security and foreign policy,0.09,431.0,two_step,YouGov/Economist,https://yougov.com/en-us/trackers/most-important-issues-facing-the-us
2025-04-01,rep,Social security,0.0,431.0,two_step,YouGov/Economist,https://yougov.com/en-us/trackers/most-important-issues-facing-the-us
2025-04-01,rep,Taxes and government spending,0.15,431.0,two_step,YouGov/Economist,https://yougov.com/en-us/trackers/most-important-issues-facing-the-us
2025-04-01,rep,Terrorism,0.0,431.0,two_step,YouGov/Economist,https://yougov.com/en-us/trackers/most-important-issues-facing-the-us
2025-04-01,rep,The budget deficit,0.0,431.0,two_step,YouGov/Economist,https://yougov.com/en-us/trackers/most-important-issues-facing-the-us
2025-04-01,rep,The war in Afghanistan,0.0,431.0,two_step,YouGov/Economist,https://yougov.com/en-us/trackers/most-important-issues-facing-the-us
2025-04-01,rep,Inflation/prices,0.31,431.0,two_step,YouGov/Economist,https://yougov.com/en-us/trackers/most-important-issues-facing-the-us
2025-04-07,rep,Abortion,0.04,446.0,two_step,YouGov/Economist,https://yougov.com/en-us/trackers/most-important-issues-facing-the-us
2025-04-07,rep,Civil rights and civil liberties,0.02,446.0,two_step,YouGov/Economist,https://yougov.com/en-us/trackers/most-important-issues-facing-the-us
2025-04-07,rep,Climate change and the environment,0.02,446.0,two_step,YouGov/Economist,https://yougov.com/en-us/trackers/most-important-issues-facing-the-us
2025-04-07,rep,Crime and criminal justice reform,0.03,446.0,two_step,YouGov/Economist,https://yougov.com/en-us/trackers/most-important-issues-facing-the-us
2025-04-07,rep,Education,0.02,446.0,two_step,YouGov/Economist,https://yougov.com/en-us/trackers/most-important-issues-facing-the-us
2025-04-07,rep,Gay rights,0.0,446.0,two_step,YouGov/Economist,https://yougov.com/en-us/trackers/most-important-issues-facing-the-us
2025-04-07,rep,Gun control,0.04,446.0,two_step,YouGov/Economist,https://yougov.com/en-us/trackers/most-important-issues-facing-the-us
2025-04-07,rep,Health care,0.05,446.0,two_step,YouGov/Economist,https://yougov.com/en-us/trackers/most-important-issues-facing-the-us
2025-04-07,rep,Immigration,0.15,446.0,two_step,YouGov/Economist,https://yougov.com/en-us/trackers/most-important-issues-facing-the-us
2025-04-07,rep,Jobs and the economy,0.14,446.0,two_step,YouGov/Economist,https://yougov.com/en-us/trackers/most-important-issues-facing-the-us
2025-04-07,rep,Medicare,0.0,446.0,two_step,YouGov/Economist,https://yougov.com/en-us/trackers/most-important-issues-facing-the-us
2025-04-07,rep,National Security and foreign policy,0.1,446.0,two_step,YouGov/Economist,https://yougov.com/en-us/trackers/most-important-issues-facing-the-us
2025-04-07,rep,Social security,0.0,446.0,two_step,YouGov/Economist,https://yougov.com/en-us/trackers/most-important-issues-facing-the-us
2025-04-07,rep,Taxes and government spending,0.15,446.0,two_step,YouGov/Economist,https://yougov.com/en-us/trackers/most-important-issues-facing-the-us
2025-04-07,rep,Terrorism,0.0,446.0,two_step,YouGov/Economist,https://yougov.com/en-us/trackers/most-important-issues-facing-the-us
2025-04-07,rep,The budget deficit,0.0,446.0,two_step,YouGov/Economist,https://yougov.com/en-us/trackers/most-important-issues-facing-the-us
2025-04-07,rep,The war in Afghanistan,0.0,446.0,two_step,YouGov/Economist,https://yougov.com/en-us/trackers/most-important-issues-facing-the-us
2025-04-07,rep,Inflation/prices,0.24,446.0,two_step,YouGov/Economist,https://yougov.com/en-us/trackers/most-important-issues-facing-the-us
2025-04-14,rep,Abortion,0.04,392.0,two_step,YouGov/Economist,https://yougov.com/en-us/trackers/most-important-issues-facing-the-us
2025-04-14,rep,Civil rights and civil liberties,0.01,392.0,two_step,YouGov/Economist,https://yougov.com/en-us/trackers/most-important-issues-facing-the-us
2025-04-14,rep,Climate change and the environment,0.02,392.0,two_step,YouGov/Economist,https://yougov.com/en-us/trackers/most-important-issues-facing-the-us
2025-04-14,rep,Crime and criminal justice reform,0.03,392.0,two_step,YouGov/Economist,https://yougov.com/en-us/trackers/most-important-issues-facing-the-us
2025-04-14,rep,Education,0.03,392.0,two_step,YouGov/Economist,https://yougov.com/en-us/trackers/most-important-issues-facing-the-us
2025-04-14,rep,Gay rights,0.0,392.0,two_step,YouGov/Economist,https://yougov.com/en-us/trackers/most-important-issues-facing-the-us
2025-04-14,rep,Gun control,0.03,392.0,two_step,YouGov/Economist,https://yougov.com/en-us/trackers/most-important-issues-facing-the-us
2025-04-14,rep,Health care,0.05,392.0,two_step,YouGov/Economist,https://yougov.com/en-us/trackers/most-important-issues-facing-the-us
2025-04-14,rep,Immigration,0.16,392.0,two_step,YouGov/Economist,https://yougov.com/en-us/trackers/most-important-issues-facing-the-us
2025-04-14,rep,Jobs and the economy,0.11,392.0,two_step,YouGov/Economist,https://yougov.com/en-us/trackers/most-important-issues-facing-the-us
2025-04-14,rep,Medicare,0.0,392.0,two_step,YouGov/Economist,https://yougov.com/en-us/trackers/most-important-issues-facing-the-us
2025-04-14,rep,National Security and foreign policy,0.11,392.0,two_step,YouGov/Economist,https://yougov.com/en-us/trackers/most-important-issues-facing-the-us
2025-04-14,rep,Social security,0.0,392.0,two_step,YouGov/Economist,https://yougov.com/en-us/trackers/most-important-issues-facing-the-us
2025-04-14,rep,Taxes and government spending,0.14,392.0,two_step,YouGov/Economist,https://yougov.com/en-us/trackers/most-important-issues-facing-the-us
2025-04-14,rep,Terrorism,0.0,392.0,two_step,YouGov/Economist,https://yougov.com/en-us/trackers/most-important-issues-facing-the-us
2025-04-14,rep,The budget deficit,0.0,392.0,two_step,YouGov/Economist,https://yougov.com/en-us/trackers/most-important-issues-facing-the-us
2025-04-14,rep,The war in Afghanistan,0.0,392.0,two_step,YouGov/Economist,https://yougov.com/en-us/trackers/most-important-issues-facing-the-us
2025-04-14,rep,Inflation/prices,0.27,392.0,two_step,YouGov/Economist,https://yougov.com/en-us/trackers/most-important-issues-facing-the-us
2025-04-22,rep,Abortion,0.05,421.0,two_step,YouGov/Economist,https://yougov.com/en-us/trackers/most-important-issues-facing-the-us
2025-04-22,rep,Civil rights and civil liberties,0.01,421.0,two_step,YouGov/Economist,https://yougov.com/en-us/trackers/most-important-issues-facing-the-us
2025-04-22,rep,Climate change and the environment,0.0,421.0,two_step,YouGov/Economist,https://yougov.com/en-us/trackers/most-important-issues-facing-the-us
2025-04-22,rep,Crime and criminal justice reform,0.03,421.0,two_step,YouGov/Economist,https://yougov.com/en-us/trackers/most-important-issues-facing-the-us
2025-04-22,rep,Education,0.01,421.0,two_step,YouGov/Economist,https://yougov.com/en-us/trackers/most-important-issues-facing-the-us
2025-04-22,rep,Gay rights,0.0,421.0,two_step,YouGov/Economist,https://yougov.com/en-us/trackers/most-important-issues-facing-the-us
2025-04-22,rep,Gun control,0.02,421.0,two_step,YouGov/Economist,https://yougov.com/en-us/trackers/most-important-issues-facing-the-us
2025-04-22,rep,Health care,0.05,421.0,two_step,YouGov/Economist,https://yougov.com/en-us/trackers/most-important-issues-facing-the-us
2025-04-22,rep,Immigration,0.18,421.0,two_step,YouGov/Economist,https://yougov.com/en-us/trackers/most-important-issues-facing-the-us
2025-04-22,rep,Jobs and the economy,0.12,421.0,two_step,YouGov/Economist,https://yougov.com/en-us/trackers/most-important-issues-facing-the-us
2025-04-22,rep,Medicare,0.0,421.0,two_step,YouGov/Economist,https://yougov.com/en-us/trackers/most-important-issues-facing-the-us
2025-04-22,rep,National Security and foreign policy,0.17,421.0,two_step,YouGov/Economist,https://yougov.com/en-us/trackers/most-important-issues-facing-the-us
2025-04-22,rep,Social security,0.0,421.0,two_step,YouGov/Economist,https://yougov.com/en-us/trackers/most-important-issues-facing-the-us
2025-04-22,rep,Taxes and government spending,0.12,421.0,two_step,YouGov/Economist,https://yougov.com/en-us/trackers/most-important-issues-facing-the-us
2025-04-22,rep,Terrorism,0.0,421.0,two_step,YouGov/Economist,https://yougov.com/en-us/trackers/most-important-issues-facing-the-us
2025-04-22,rep,The budget deficit,0.0,421.0,two_step,YouGov/Economist,https://yougov.com/en-us/trackers/most-important-issues-facing-the-us
2025-04-22,rep,The war in Afghanistan,0.0,421.0,two_step,YouGov/Economist,https://yougov.com/en-us/trackers/most-important-issues-facing-the-us
2025-04-22,rep,Inflation/prices,0.24,421.0,two_step,YouGov/Economist,https://yougov.com/en-us/trackers/most-important-issues-facing-the-us
2025-04-28,rep,Abortion,0.04,462.0,two_step,YouGov/Economist,https://yougov.com/en-us/trackers/most-important-issues-facing-the-us
2025-04-28,rep,Civil rights and civil liberties,0.03,462.0,two_step,YouGov/Economist,https://yougov.com/en-us/trackers/most-important-issues-facing-the-us
2025-04-28,rep,Climate change and the environment,0.01,462.0,two_step,YouGov/Economist,https://yougov.com/en-us/trackers/most-important-issues-facing-the-us
2025-04-28,rep,Crime and criminal justice reform,0.03,462.0,two_step,YouGov/Economist,https://yougov.com/en-us/trackers/most-important-issues-facing-the-us
2025-04-28,rep,Education,0.01,462.0,two_step,YouGov/Economist,https://yougov.com/en-us/trackers/most-important-issues-facing-the-us
2025-04-28,rep,Gay rights,0.0,462.0,two_step,YouGov/Economist,https://yougov.com/en-us/trackers/most-important-issues-facing-the-us
2025-04-28,rep,Gun control,0.02,462.0,two_step,YouGov/Economist,https://yougov.com/en-us/trackers/most-important-issues-facing-the-us
2025-04-28,rep,Health care,0.06,462.0,two_step,YouGov/Economist,https://yougov.com/en-us/trackers/most-important-issues-facing-the-us
2025-04-28,rep,Immigration,0.15,462.0,two_step,YouGov/Economist,https://yougov.com/en-us/trackers/most-important-issues-facing-the-us
2025-04-28,rep,Jobs and the economy,0.15,462.0,two_step,YouGov/Economist,https://yougov.com/en-us/trackers/most-important-issues-facing-the-us
2025-04-28,rep,Medicare,0.0,462.0,two_step,YouGov/Economist,https://yougov.com/en-us/trackers/most-important-issues-facing-the-us
2025-04-28,rep,National Security and foreign policy,0.11,462.0,two_step,YouGov/Economist,https://yougov.com/en-us/trackers/most-important-issues-facing-the-us
2025-04-28,rep,Social security,0.0,462.0,two_step,YouGov/Economist,https://yougov.com/en-us/trackers/most-important-issues-facing-the-us
2025-04-28,rep,Taxes and government spending,0.11,462.0,two_step,YouGov/Economist,https://yougov.com/en-us/trackers/most-important-issues-facing-the-us
2025-04-28,rep,Terrorism,0.0,462.0,two_step,YouGov/Economist,https://yougov.com/en-us/trackers/most-important-issues-facing-the-us
2025-04-28,rep,The budget deficit,0.0,462.0,two_step,YouGov/Economist,https://yougov.com/en-us/trackers/most-important-issues-facing-the-us
2025-04-28,rep,The war in Afghanistan,0.0,462.0,two_step,YouGov/Economist,https://yougov.com/en-us/trackers/most-important-issues-facing-the-us
2025-04-28,rep,Inflation/prices,0.28,462.0,two_step,YouGov/Economist,https://yougov.com/en-us/trackers/most-important-issues-facing-the-us
2025-05-04,rep,Abortion,0.03,496.0,two_step,YouGov/Economist,https://yougov.com/en-us/trackers/most-important-issues-facing-the-us
2025-05-04,rep,Civil rights and civil liberties,0.03,496.0,two_step,YouGov/Economist,https://yougov.com/en-us/trackers/most-important-issues-facing-the-us
2025-05-04,rep,Climate change and the environment,0.02,496.0,two_step,YouGov/Economist,https://yougov.com/en-us/trackers/most-important-issues-facing-the-us
2025-05-04,rep,Crime and criminal justice reform,0.03,496.0,two_step,YouGov/Economist,https://yougov.com/en-us/trackers/most-important-issues-facing-the-us
2025-05-04,rep,Education,0.03,496.0,two_step,YouGov/Economist,https://yougov.com/en-us/trackers/most-important-issues-facing-the-us
2025-05-04,rep,Gay rights,0.0,496.0,two_step,YouGov/Economist,https://yougov.com/en-us/trackers/most-important-issues-facing-the-us
2025-05-04,rep,Gun control,0.01,496.0,two_step,YouGov/Economist,https://yougov.com/en-us/trackers/most-important-issues-facing-the-us
2025-05-04,rep,Health care,0.08,496.0,two_step,YouGov/Economist,https://yougov.com/en-us/trackers/most-important-issues-facing-the-us
2025-05-04,rep,Immigration,0.14,496.0,two_step,YouGov/Economist,https://yougov.com/en-us/trackers/most-important-issues-facing-the-us
2025-05-04,rep,Jobs and the economy,0.12,496.0,two_step,YouGov/Economist,https://yougov.com/en-us/trackers/most-important-issues-facing-the-us
2025-05-04,rep,Medicare,0.0,496.0,two_step,YouGov/Economist,https://yougov.com/en-us/trackers/most-important-issues-facing-the-us
2025-05-04,rep,National Security and foreign policy,0.08,496.0,two_step,YouGov/Economist,https://yougov.com/en-us/trackers/most-important-issues-facing-the-us
2025-05-04,rep,Social security,0.0,496.0,two_step,YouGov/Economist,https://yougov.com/en-us/trackers/most-important-issues-facing-the-us
2025-05-04,rep,Taxes and government spending,0.12,496.0,two_step,YouGov/Economist,https://yougov.com/en-us/trackers/most-important-issues-facing-the-us
2025-05-04,rep,Terrorism,0.0,496.0,two_step,YouGov/Economist,https://yougov.com/en-us/trackers/most-important-issues-facing-the-us
2025-05-04,rep,The budget deficit,0.0,496.0,two_step,YouGov/Economist,https://yougov.com/en-us/trackers/most-important-issues-facing-the-us
2025-05-04,rep,The war in Afghanistan,0.0,496.0,two_step,YouGov/Economist,https://yougov.com/en-us/trackers/most-important-issues-facing-the-us
2025-05-04,rep,Inflation/prices,0.32,496.0,two_step,YouGov/Economist,https://yougov.com/en-us/trackers/most-important-issues-facing-the-us
2025-05-12,rep,Abortion,0.03,464.0,two_step,YouGov/Economist,https://yougov.com/en-us/trackers/most-important-issues-facing-the-us
2025-05-12,rep,Civil rights and civil liberties,0.02,464.0,two_step,YouGov/Economist,https://yougov.com/en-us/trackers/most-important-issues-facing-the-us
2025-05-12,rep,Climate change and the environment,0.01,464.0,two_step,YouGov/Economist,https://yougov.com/en-us/trackers/most-important-issues-facing-the-us
2025-05-12,rep,Crime and criminal justice reform,0.03,464.0,two_step,YouGov/Economist,https://yougov.com/en-us/trackers/most-important-issues-facing-the-us
2025-05-12,rep,Education,0.02,464.0,two_step,YouGov/Economist,https://yougov.com/en-us/trackers/most-important-issues-facing-the-us
2025-05-12,rep,Gay rights,0.0,464.0,two_step,YouGov/Economist,https://yougov.com/en-us/trackers/most-important-issues-facing-the-us
2025-05-12,rep,Gun control,0.03,464.0,two_step,YouGov/Economist,https://yougov.com/en-us/trackers/most-important-issues-facing-the-us
2025-05-12,rep,Health care,0.07,464.0,two_step,YouGov/Economist,https://yougov.com/en-us/trackers/most-important-issues-facing-the-us
2025-05-12,rep,Immigration,0.15,464.0,two_step,YouGov/Economist,https://yougov.com/en-us/trackers/most-important-issues-facing-the-us
2025-05-12,rep,Jobs and the economy,0.18,464.0,two_step,YouGov/Economist,https://yougov.com/en-us/trackers/most-important-issues-facing-the-us
2025-05-12,rep,Medicare,0.0,464.0,two_step,YouGov/Economist,https://yougov.com/en-us/trackers/most-important-issues-facing-the-us
2025-05-12,rep,National Security and foreign policy,0.1,464.0,two_step,YouGov/Economist,https://yougov.com/en-us/trackers/most-important-issues-facing-the-us
2025-05-12,rep,Social security,0.0,464.0,two_step,YouGov/Economist,https://yougov.com/en-us/trackers/most-important-issues-facing-the-us
2025-05-12,rep,Taxes and government spending,0.12,464.0,two_step,YouGov/Economist,https://yougov.com/en-us/trackers/most-important-issues-facing-the-us
2025-05-12,rep,Terrorism,0.0,464.0,two_step,YouGov/Economist,https://yougov.com/en-us/trackers/most-important-issues-facing-the-us
2025-05-12,rep,The budget deficit,0.0,464.0,two_step,YouGov/Economist,https://yougov.com/en-us/trackers/most-important-issues-facing-the-us
2025-05-12,rep,The war in Afghanistan,0.0,464.0,two_step,YouGov/Economist,https://yougov.com/en-us/trackers/most-important-issues-facing-the-us
2025-05-12,rep,Inflation/prices,0.24,464.0,two_step,YouGov/Economist,https://yougov.com/en-us/trackers/most-important-issues-facing-the-us
2025-05-19,rep,Abortion,0.01,451.0,two_step,YouGov/Economist,https://yougov.com/en-us/trackers/most-important-issues-facing-the-us
2025-05-19,rep,Civil rights and civil liberties,0.02,451.0,two_step,YouGov/Economist,https://yougov.com/en-us/trackers/most-important-issues-facing-the-us
2025-05-19,rep,Climate change and the environment,0.02,451.0,two_step,YouGov/Economist,https://yougov.com/en-us/trackers/most-important-issues-facing-the-us
2025-05-19,rep,Crime and criminal justice reform,0.03,451.0,two_step,YouGov/Economist,https://yougov.com/en-us/trackers/most-important-issues-facing-the-us
2025-05-19,rep,Education,0.01,451.0,two_step,YouGov/Economist,https://yougov.com/en-us/trackers/most-important-issues-facing-the-us
2025-05-19,rep,Gay rights,0.0,451.0,two_step,YouGov/Economist,https://yougov.com/en-us/trackers/most-important-issues-facing-the-us
2025-05-19,rep,Gun control,0.02,451.0,two_step,YouGov/Economist,https://yougov.com/en-us/trackers/most-important-issues-facing-the-us
2025-05-19,rep,Health care,0.06,451.0,two_step,YouGov/Economist,https://yougov.com/en-us/trackers/most-important-issues-facing-the-us
2025-05-19,rep,Immigration,0.18,451.0,two_step,YouGov/Economist,https://yougov.com/en-us/trackers/most-important-issues-facing-the-us
2025-05-19,rep,Jobs and the economy,0.15,451.0,two_step,YouGov/Economist,https://yougov.com/en-us/trackers/most-important-issues-facing-the-us
2025-05-19,rep,Medicare,0.0,451.0,two_step,YouGov/Economist,https://yougov.com/en-us/trackers/most-important-issues-facing-the-us
2025-05-19,rep,National Security and foreign policy,0.15,451.0,two_step,YouGov/Economist,https://yougov.com/en-us/trackers/most-important-issues-facing-the-us
2025-05-19,rep,Social security,0.0,451.0,two_step,YouGov/Economist,https://yougov.com/en-us/trackers/most-important-issues-facing-the-us
2025-05-19,rep,Taxes and government spending,0.11,451.0,two_step,YouGov/Economist,https://yougov.com/en-us/trackers/most-important-issues-facing-the-us
2025-05-19,rep,Terrorism,0.0,451.0,two_step,YouGov/Economist,https://yougov.com/en-us/trackers/most-important-issues-facing-the-us
2025-05-19,rep,The budget deficit,0.0,451.0,two_step,YouGov/Economist,https://yougov.com/en-us/trackers/most-important-issues-facing-the-us
2025-05-19,rep,The war in Afghanistan,0.0,451.0,two_step,YouGov/Economist,https://yougov.com/en-us/trackers/most-important-issues-facing-the-us
2025-05-19,rep,Inflation/prices,0.24,451.0,two_step,YouGov/Economist,https://yougov.com/en-us/trackers/most-important-issues-facing-the-us
2025-05-26,rep,Abortion,0.04,429.0,two_step,YouGov/Economist,https://yougov.com/en-us/trackers/most-important-issues-facing-the-us
2025-05-26,rep,Civil rights and civil liberties,0.03,429.0,two_step,YouGov/Economist,https://yougov.com/en-us/trackers/most-important-issues-facing-the-us
2025-05-26,rep,Climate change and the environment,0.0,429.0,two_step,YouGov/Economist,https://yougov.com/en-us/trackers/most-important-issues-facing-the-us
2025-05-26,rep,Crime and criminal justice reform,0.03,429.0,two_step,YouGov/Economist,https://yougov.com/en-us/trackers/most-important-issues-facing-the-us
2025-05-26,rep,Education,0.03,429.0,two_step,YouGov/Economist,https://yougov.com/en-us/trackers/most-important-issues-facing-the-us
2025-05-26,rep,Gay rights,0.0,429.0,two_step,YouGov/Economist,https://yougov.com/en-us/trackers/most-important-issues-facing-the-us
2025-05-26,rep,Gun control,0.02,429.0,two_step,YouGov/Economist,https://yougov.com/en-us/trackers/most-important-issues-facing-the-us
2025-05-26,rep,Health care,0.06,429.0,two_step,YouGov/Economist,https://yougov.com/en-us/trackers/most-important-issues-facing-the-us
2025-05-26,rep,Immigration,0.14,429.0,two_step,YouGov/Economist,https://yougov.com/en-us/trackers/most-important-issues-facing-the-us
2025-05-26,rep,Jobs and the economy,0.14,429.0,two_step,YouGov/Economist,https://yougov.com/en-us/trackers/most-important-issues-facing-the-us
2025-05-26,rep,Medicare,0.0,429.0,two_step,YouGov/Economist,https://yougov.com/en-us/trackers/most-important-issues-facing-the-us
2025-05-26,rep,National Security and foreign policy,0.1,429.0,two_step,YouGov/Economist,https://yougov.com/en-us/trackers/most-important-issues-facing-the-us
2025-05-26,rep,Social security,0.0,429.0,two_step,YouGov/Economist,https://yougov.com/en-us/trackers/most-important-issues-facing-the-us
2025-05-26,rep,Taxes and government spending,0.13,429.0,two_step,YouGov/Economist,https://yougov.com/en-us/trackers/most-important-issues-facing-the-us
2025-05-26,rep,Terrorism,0.0,429.0,two_step,YouGov/Economist,https://yougov.com/en-us/trackers/most-important-issues-facing-the-us
2025-05-26,rep,The budget deficit,0.0,429.0,two_step,YouGov/Economist,https://yougov.com/en-us/trackers/most-important-issues-facing-the-us
2025-05-26,rep,The war in Afghanistan,0.0,429.0,two_step,YouGov/Economist,https://yougov.com/en-us/trackers/most-important-issues-facing-the-us
2025-05-26,rep,Inflation/prices,0.29,429.0,two_step,YouGov/Economist,https://yougov.com/en-us/trackers/most-important-issues-facing-the-us
2025-06-02,rep,Abortion,0.04,202.0,single_list,YouGov/Economist,https://yougov.com/en-us/trackers/most-important-issues-facing-the-us
2025-06-02,rep,Civil rights and civil liberties,0.0,202.0,single_list,YouGov/Economist,https://yougov.com/en-us/trackers/most-important-issues-facing-the-us
2025-06-02,rep,Climate change and the environment,0.03,202.0,single_list,YouGov/Economist,https://yougov.com/en-us/trackers/most-important-issues-facing-the-us
2025-06-02,rep,Crime and criminal justice reform,0.03,202.0,single_list,YouGov/Economist,https://yougov.com/en-us/trackers/most-important-issues-facing-the-us
2025-06-02,rep,Education,0.04,202.0,single_list,YouGov/Economist,https://yougov.com/en-us/trackers/most-important-issues-facing-the-us
2025-06-02,rep,Gay rights,0.0,202.0,single_list,YouGov/Economist,https://yougov.com/en-us/trackers/most-important-issues-facing-the-us
2025-06-02,rep,Gun control,0.01,202.0,single_list,YouGov/Economist,https://yougov.com/en-us/trackers/most-important-issues-facing-the-us
2025-06-02,rep,Health care,0.04,202.0,single_list,YouGov/Economist,https://yougov.com/en-us/trackers/most-important-issues-facing-the-us
2025-06-02,rep,Immigration,0.19,202.0,single_list,YouGov/Economist,https://yougov.com/en-us/trackers/most-important-issues-facing-the-us
2025-06-02,rep,Jobs and the economy,0.14,202.0,single_list,YouGov/Economist,https://yougov.com/en-us/trackers/most-important-issues-facing-the-us
2025-06-02,rep,Medicare,0.0,202.0,single_list,YouGov/Economist,https://yougov.com/en-us/trackers/most-important-issues-facing-the-us
2025-06-02,rep,National Security and foreign policy,0.1,202.0,single_list,YouGov/Economist,https://yougov.com/en-us/trackers/most-important-issues-facing-the-us
2025-06-02,rep,Social security,0.0,202.0,single_list,YouGov/Economist,https://yougov.com/en-us/trackers/most-important-issues-facing-the-us
2025-06-02,rep,Taxes and government spending,0.15,202.0,single_list,YouGov/Economist,https://yougov.com/en-us/trackers/most-important-issues-facing-the-us
2025-06-02,rep,Terrorism,0.0,202.0,single_list,YouGov/Economist,https://yougov.com/en-us/trackers/most-important-issues-facing-the-us
2025-06-02,rep,The budget deficit,0.0,202.0,single_list,YouGov/Economist,https://yougov.com/en-us/trackers/most-important-issues-facing-the-us
2025-06-02,rep,The war in Afghanistan,0.0,202.0,single_list,YouGov/Economist,https://yougov.com/en-us/trackers/most-important-issues-facing-the-us
2025-06-02,rep,Inflation/prices,0.24,202.0,single_list,YouGov/Economist,https://yougov.com/en-us/trackers/most-important-issues-facing-the-us
2025-06-09,rep,Abortion,0.03,420.0,single_list,YouGov/Economist,https://yougov.com/en-us/trackers/most-important-issues-facing-the-us
2025-06-09,rep,Civil rights and civil liberties,0.01,420.0,single_list,YouGov/Economist,https://yougov.com/en-us/trackers/most-important-issues-facing-the-us
2025-06-09,rep,Climate change and the environment,0.01,420.0,single_list,YouGov/Economist,https://yougov.com/en-us/trackers/most-important-issues-facing-the-us
2025-06-09,rep,Crime and criminal justice reform,0.03,420.0,single_list,YouGov/Economist,https://yougov.com/en-us/trackers/most-important-issues-facing-the-us
2025-06-09,rep,Education,0.01,420.0,single_list,YouGov/Economist,https://yougov.com/en-us/trackers/most-important-issues-facing-the-us
2025-06-09,rep,Gay rights,0.0,420.0,single_list,YouGov/Economist,https://yougov.com/en-us/trackers/most-important-issues-facing-the-us
2025-06-09,rep,Gun control,0.03,420.0,single_list,YouGov/Economist,https://yougov.com/en-us/trackers/most-important-issues-facing-the-us
2025-06-09,rep,Health care,0.06,420.0,single_list,YouGov/Economist,https://yougov.com/en-us/trackers/most-important-issues-facing-the-us
2025-06-09,rep,Immigration,0.18,420.0,single_list,YouGov/Economist,https://yougov.com/en-us/trackers/most-important-issues-facing-the-us
2025-06-09,rep,Jobs and the economy,0.14,420.0,single_list,YouGov/Economist,https://yougov.com/en-us/trackers/most-important-issues-facing-the-us
2025-06-09,rep,Medicare,0.0,420.0,single_list,YouGov/Economist,https://yougov.com/en-us/trackers/most-important-issues-facing-the-us
2025-06-09,rep,National Security and foreign policy,0.12,420.0,single_list,YouGov/Economist,https://yougov.com/en-us/trackers/most-important-issues-facing-the-us
2025-06-09,rep,Social security,0.0,420.0,single_list,YouGov/Economist,https://yougov.com/en-us/trackers/most-important-issues-facing-the-us
2025-06-09,rep,Taxes and government spending,0.12,420.0,single_list,YouGov/Economist,https://yougov.com/en-us/trackers/most-important-issues-facing-the-us
2025-06-09,rep,Terrorism,0.0,420.0,single_list,YouGov/Economist,https://yougov.com/en-us/trackers/most-important-issues-facing-the-us
2025-06-09,rep,The budget deficit,0.0,420.0,single_list,YouGov/Economist,https://yougov.com/en-us/trackers/most-important-issues-facing-the-us
2025-06-09,rep,The war in Afghanistan,0.0,420.0,single_list,YouGov/Economist,https://yougov.com/en-us/trackers/most-important-issues-facing-the-us
2025-06-09,rep,Inflation/prices,0.26,420.0,single_list,YouGov/Economist,https://yougov.com/en-us/trackers/most-important-issues-facing-the-us
2025-06-16,rep,Abortion,0.06,400.0,single_list,YouGov/Economist,https://yougov.com/en-us/trackers/most-important-issues-facing-the-us
2025-06-16,rep,Civil rights and civil liberties,0.03,400.0,single_list,YouGov/Economist,https://yougov.com/en-us/trackers/most-important-issues-facing-the-us
2025-06-16,rep,Climate change and the environment,0.03,400.0,single_list,YouGov/Economist,https://yougov.com/en-us/trackers/most-important-issues-facing-the-us
2025-06-16,rep,Crime and criminal justice reform,0.03,400.0,single_list,YouGov/Economist,https://yougov.com/en-us/trackers/most-important-issues-facing-the-us
2025-06-16,rep,Education,0.04,400.0,single_list,YouGov/Economist,https://yougov.com/en-us/trackers/most-important-issues-facing-the-us
2025-06-16,rep,Gay rights,0.0,400.0,single_list,YouGov/Economist,https://yougov.com/en-us/trackers/most-important-issues-facing-the-us
2025-06-16,rep,Gun control,0.02,400.0,single_list,YouGov/Economist,https://yougov.com/en-us/trackers/most-important-issues-facing-the-us
2025-06-16,rep,Health care,0.06,400.0,single_list,YouGov/Economist,https://yougov.com/en-us/trackers/most-important-issues-facing-the-us
2025-06-16,rep,Immigration,0.22,400.0,single_list,YouGov/Economist,https://yougov.com/en-us/trackers/most-important-issues-facing-the-us
2025-06-16,rep,Jobs and the economy,0.12,400.0,single_list,YouGov/Economist,https://yougov.com/en-us/trackers/most-important-issues-facing-the-us
2025-06-16,rep,Medicare,0.0,400.0,single_list,YouGov/Economist,https://yougov.com/en-us/trackers/most-important-issues-facing-the-us
2025-06-16,rep,National Security and foreign policy,0.13,400.0,single_list,YouGov/Economist,https://yougov.com/en-us/trackers/most-important-issues-facing-the-us
2025-06-16,rep,Social security,0.0,400.0,single_list,YouGov/Economist,https://yougov.com/en-us/trackers/most-important-issues-facing-the-us
2025-06-16,rep,Taxes and government spending,0.1,400.0,single_list,YouGov/Economist,https://yougov.com/en-us/trackers/most-important-issues-facing-the-us
2025-06-16,rep,Terrorism,0.0,400.0,single_list,YouGov/Economist,https://yougov.com/en-us/trackers/most-important-issues-facing-the-us
2025-06-16,rep,The budget deficit,0.0,400.0,single_list,YouGov/Economist,https://yougov.com/en-us/trackers/most-important-issues-facing-the-us
2025-06-16,rep,The war in Afghanistan,0.0,400.0,single_list,YouGov/Economist,https://yougov.com/en-us/trackers/most-important-issues-facing-the-us
2025-06-16,rep,Inflation/prices,0.16,400.0,single_list,YouGov/Economist,https://yougov.com/en-us/trackers/most-important-issues-facing-the-us
2025-06-23,rep,Abortion,0.03,433.0,single_list,YouGov/Economist,https://yougov.com/en-us/trackers/most-important-issues-facing-the-us
2025-06-23,rep,Civil rights and civil liberties,0.02,433.0,single_list,YouGov/Economist,https://yougov.com/en-us/trackers/most-important-issues-facing-the-us
2025-06-23,rep,Climate change and the environment,0.01,433.0,single_list,YouGov/Economist,https://yougov.com/en-us/trackers/most-important-issues-facing-the-us
2025-06-23,rep,Crime and criminal justice reform,0.04,433.0,single_list,YouGov/Economist,https://yougov.com/en-us/trackers/most-important-issues-facing-the-us
2025-06-23,rep,Education,0.02,433.0,single_list,YouGov/Economist,https://yougov.com/en-us/trackers/most-important-issues-facing-the-us
2025-06-23,rep,Gay rights,0.0,433.0,single_list,YouGov/Economist,https://yougov.com/en-us/trackers/most-important-issues-facing-the-us
2025-06-23,rep,Gun control,0.02,433.0,single_list,YouGov/Economist,https://yougov.com/en-us/trackers/most-important-issues-facing-the-us
2025-06-23,rep,Health care,0.05,433.0,single_list,YouGov/Economist,https://yougov.com/en-us/trackers/most-important-issues-facing-the-us
2025-06-23,rep,Immigration,0.22,433.0,single_list,YouGov/Economist,https://yougov.com/en-us/trackers/most-important-issues-facing-the-us
2025-06-23,rep,Jobs and the economy,0.13,433.0,single_list,YouGov/Economist,https://yougov.com/en-us/trackers/most-important-issues-facing-the-us
2025-06-23,rep,Medicare,0.0,433.0,single_list,YouGov/Economist,https://yougov.com/en-us/trackers/most-important-issues-facing-the-us
2025-06-23,rep,National Security and foreign policy,0.15,433.0,single_list,YouGov/Economist,https://yougov.com/en-us/trackers/most-important-issues-facing-the-us
2025-06-23,rep,Social security,0.0,433.0,single_list,YouGov/Economist,https://yougov.com/en-us/trackers/most-important-issues-facing-the-us
2025-06-23,rep,Taxes and government spending,0.13,433.0,single_list,YouGov/Economist,https://yougov.com/en-us/trackers/most-important-issues-facing-the-us
2025-06-23,rep,Terrorism,0.0,433.0,single_list,YouGov/Economist,https://yougov.com/en-us/trackers/most-important-issues-facing-the-us
2025-06-23,rep,The budget deficit,0.0,433.0,single_list,YouGov/Economist,https://yougov.com/en-us/trackers/most-important-issues-facing-the-us
2025-06-23,rep,The war in Afghanistan,0.0,433.0,single_list,YouGov/Economist,https://yougov.com/en-us/trackers/most-important-issues-facing-the-us
2025-06-23,rep,Inflation/prices,0.19,433.0,single_list,YouGov/Economist,https://yougov.com/en-us/trackers/most-important-issues-facing-the-us
2025-06-30,rep,Abortion,0.04,407.0,single_list,YouGov/Economist,https://yougov.com/en-us/trackers/most-important-issues-facing-the-us
2025-06-30,rep,Civil rights and civil liberties,0.03,407.0,single_list,YouGov/Economist,https://yougov.com/en-us/trackers/most-important-issues-facing-the-us
2025-06-30,rep,Climate change and the environment,0.01,407.0,single_list,YouGov/Economist,https://yougov.com/en-us/trackers/most-important-issues-facing-the-us
2025-06-30,rep,Crime and criminal justice reform,0.05,407.0,single_list,YouGov/Economist,https://yougov.com/en-us/trackers/most-important-issues-facing-the-us
2025-06-30,rep,Education,0.02,407.0,single_list,YouGov/Economist,https://yougov.com/en-us/trackers/most-important-issues-facing-the-us
2025-06-30,rep,Gay rights,0.0,407.0,single_list,YouGov/Economist,https://yougov.com/en-us/trackers/most-important-issues-facing-the-us
2025-06-30,rep,Gun control,0.02,407.0,single_list,YouGov/Economist,https://yougov.com/en-us/trackers/most-important-issues-facing-the-us
2025-06-30,rep,Health care,0.04,407.0,single_list,YouGov/Economist,https://yougov.com/en-us/trackers/most-important-issues-facing-the-us
2025-06-30,rep,Immigration,0.19,407.0,single_list,YouGov/Economist,https://yougov.com/en-us/trackers/most-important-issues-facing-the-us
2025-06-30,rep,Jobs and the economy,0.12,407.0,single_list,YouGov/Economist,https://yougov.com/en-us/trackers/most-important-issues-facing-the-us
2025-06-30,rep,Medicare,0.0,407.0,single_list,YouGov/Economist,https://yougov.com/en-us/trackers/most-important-issues-facing-the-us
2025-06-30,rep,National Security and foreign policy,0.16,407.0,single_list,YouGov/Economist,https://yougov.com/en-us/trackers/most-important-issues-facing-the-us
2025-06-30,rep,Social security,0.0,407.0,single_list,YouGov/Economist,https://yougov.com/en-us/trackers/most-important-issues-facing-the-us
2025-06-30,rep,Taxes and government spending,0.1,407.0,single_list,YouGov/Economist,https://yougov.com/en-us/trackers/most-important-issues-facing-the-us
2025-06-30,rep,Terrorism,0.0,407.0,single_list,YouGov/Economist,https://yougov.com/en-us/trackers/most-important-issues-facing-the-us
2025-06-30,rep,The budget deficit,0.0,407.0,single_list,YouGov/Economist,https://yougov.com/en-us/trackers/most-important-issues-facing-the-us
2025-06-30,rep,The war in Afghanistan,0.0,407.0,single_list,YouGov/Economist,https://yougov.com/en-us/trackers/most-important-issues-facing-the-us
2025-06-30,rep,Inflation/prices,0.22,407.0,single_list,YouGov/Economist,https://yougov.com/en-us/trackers/most-important-issues-facing-the-us
2025-07-07,rep,Abortion,0.04,377.0,single_list,YouGov/Economist,https://yougov.com/en-us/trackers/most-important-issues-facing-the-us
2025-07-07,rep,Civil rights and civil liberties,0.02,377.0,single_list,YouGov/Economist,https://yougov.com/en-us/trackers/most-important-issues-facing-the-us
2025-07-07,rep,Climate change and the environment,0.0,377.0,single_list,YouGov/Economist,https://yougov.com/en-us/trackers/most-important-issues-facing-the-us
2025-07-07,rep,Crime and criminal justice reform,0.06,377.0,single_list,YouGov/Economist,https://yougov.com/en-us/trackers/most-important-issues-facing-the-us
2025-07-07,rep,Education,0.01,377.0,single_list,YouGov/Economist,https://yougov.com/en-us/trackers/most-important-issues-facing-the-us
2025-07-07,rep,Gay rights,0.0,377.0,single_list,YouGov/Economist,https://yougov.com/en-us/trackers/most-important-issues-facing-the-us
2025-07-07,rep,Gun control,0.01,377.0,single_list,YouGov/Economist,https://yougov.com/en-us/trackers/most-important-issues-facing-the-us
2025-07-07,rep,Health care,0.07,377.0,single_list,YouGov/Economist,https://yougov.com/en-us/trackers/most-important-issues-facing-the-us
2025-07-07,rep,Immigration,0.24,377.0,single_list,YouGov/Economist,https://yougov.com/en-us/trackers/most-important-issues-facing-the-us
2025-07-07,rep,Jobs and the economy,0.12,377.0,single_list,YouGov/Economist,https://yougov.com/en-us/trackers/most-important-issues-facing-the-us
2025-07-07,rep,Medicare,0.0,377.0,single_list,YouGov/Economist,https://yougov.com/en-us/trackers/most-important-issues-facing-the-us
2025-07-07,rep,National Security and foreign policy,0.11,377.0,single_list,YouGov/Economist,https://yougov.com/en-us/trackers/most-important-issues-facing-the-us
2025-07-07,rep,Social security,0.0,377.0,single_list,YouGov/Economist,https://yougov.com/en-us/trackers/most-important-issues-facing-the-us
2025-07-07,rep,Taxes and government spending,0.09,377.0,single_list,YouGov/Economist,https://yougov.com/en-us/trackers/most-important-issues-facing-the-us
2025-07-07,rep,Terrorism,0.0,377.0,single_list,YouGov/Economist,https://yougov.com/en-us/trackers/most-important-issues-facing-the-us
2025-07-07,rep,The budget deficit,0.0,377.0,single_list,YouGov/Economist,https://yougov.com/en-us/trackers/most-important-issues-facing-the-us
2025-07-07,rep,The war in Afghanistan,0.0,377.0,single_list,YouGov/Economist,https://yougov.com/en-us/trackers/most-important-issues-facing-the-us
2025-07-07,rep,Inflation/prices,0.24,377.0,single_list,YouGov/Economist,https://yougov.com/en-us/trackers/most-important-issues-facing-the-us
2025-07-14,rep,Abortion,0.03,412.0,single_list,YouGov/Economist,https://yougov.com/en-us/trackers/most-important-issues-facing-the-us
2025-07-14,rep,Civil rights and civil liberties,0.02,412.0,single_list,YouGov/Economist,https://yougov.com/en-us/trackers/most-important-issues-facing-the-us
2025-07-14,rep,Climate change and the environment,0.01,412.0,single_list,YouGov/Economist,https://yougov.com/en-us/trackers/most-important-issues-facing-the-us
2025-07-14,rep,Crime and criminal justice reform,0.05,412.0,single_list,YouGov/Economist,https://yougov.com/en-us/trackers/most-important-issues-facing-the-us
2025-07-14,rep,Education,0.02,412.0,single_list,YouGov/Economist,https://yougov.com/en-us/trackers/most-important-issues-facing-the-us
2025-07-14,rep,Gay rights,0.0,412.0,single_list,YouGov/Economist,https://yougov.com/en-us/trackers/most-important-issues-facing-the-us
2025-07-14,rep,Gun control,0.01,412.0,single_list,YouGov/Economist,https://yougov.com/en-us/trackers/most-important-issues-facing-the-us
2025-07-14,rep,Health care,0.04,412.0,single_list,YouGov/Economist,https://yougov.com/en-us/trackers/most-important-issues-facing-the-us
2025-07-14,rep,Immigration,0.2,412.0,single_list,YouGov/Economist,https://yougov.com/en-us/trackers/most-important-issues-facing-the-us
2025-07-14,rep,Jobs and the economy,0.13,412.0,single_list,YouGov/Economist,https://yougov.com/en-us/trackers/most-important-issues-facing-the-us
2025-07-14,rep,Medicare,0.0,412.0,single_list,YouGov/Economist,https://yougov.com/en-us/trackers/most-important-issues-facing-the-us
2025-07-14,rep,National Security and foreign policy,0.12,412.0,single_list,YouGov/Economist,https://yougov.com/en-us/trackers/most-important-issues-facing-the-us
2025-07-14,rep,Social security,0.0,412.0,single_list,YouGov/Economist,https://yougov.com/en-us/trackers/most-important-issues-facing-the-us
2025-07-14,rep,Taxes and government spending,0.11,412.0,single_list,YouGov/Economist,https://yougov.com/en-us/trackers/most-important-issues-facing-the-us
2025-07-14,rep,Terrorism,0.0,412.0,single_list,YouGov/Economist,https://yougov.com/en-us/trackers/most-important-issues-facing-the-us
2025-07-14,rep,The budget deficit,0.0,412.0,single_list,YouGov/Economist,https://yougov.com/en-us/trackers/most-important-issues-facing-the-us
2025-07-14,rep,The war in Afghanistan,0.0,412.0,single_list,YouGov/Economist,https://yougov.com/en-us/trackers/most-important-issues-facing-the-us
2025-07-14,rep,Inflation/prices,0.26,412.0,single_list,YouGov/Economist,https://yougov.com/en-us/trackers/most-important-issues-facing-the-us
2025-07-21,rep,Abortion,0.04,426.0,single_list,YouGov/Economist,https://yougov.com/en-us/trackers/most-important-issues-facing-the-us
2025-07-21,rep,Civil rights and civil liberties,0.02,426.0,single_list,YouGov/Economist,https://yougov.com/en-us/trackers/most-important-issues-facing-the-us
2025-07-21,rep,Climate change and the environment,0.02,426.0,single_list,YouGov/Economist,https://yougov.com/en-us/trackers/most-important-issues-facing-the-us
2025-07-21,rep,Crime and criminal justice reform,0.04,426.0,single_list,YouGov/Economist,https://yougov.com/en-us/trackers/most-important-issues-facing-the-us
2025-07-21,rep,Education,0.03,426.0,single_list,YouGov/Economist,https://yougov.com/en-us/trackers/most-important-issues-facing-the-us
2025-07-21,rep,Gay rights,0.0,426.0,single_list,YouGov/Economist,https://yougov.com/en-us/trackers/most-important-issues-facing-the-us
2025-07-21,rep,Gun control,0.01,426.0,single_list,YouGov/Economist,https://yougov.com/en-us/trackers/most-important-issues-facing-the-us
2025-07-21,rep,Health care,0.05,426.0,single_list,YouGov/Economist,https://yougov.com/en-us/trackers/most-important-issues-facing-the-us
2025-07-21,rep,Immigration,0.17,426.0,single_list,YouGov/Economist,https://yougov.com/en-us/trackers/most-important-issues-facing-the-us
2025-07-21,rep,Jobs and the economy,0.15,426.0,single_list,YouGov/Economist,https://yougov.com/en-us/trackers/most-important-issues-facing-the-us
2025-07-21,rep,Medicare,0.0,426.0,single_list,YouGov/Economist,https://yougov.com/en-us/trackers/most-important-issues-facing-the-us
2025-07-21,rep,National Security and foreign policy,0.12,426.0,single_list,YouGov/Economist,https://yougov.com/en-us/trackers/most-important-issues-facing-the-us
2025-07-21,rep,Social security,0.0,426.0,single_list,YouGov/Economist,https://yougov.com/en-us/trackers/most-important-issues-facing-the-us
2025-07-21,rep,Taxes and government spending,0.13,426.0,single_list,YouGov/Economist,https://yougov.com/en-us/trackers/most-important-issues-facing-the-us
2025-07-21,rep,Terrorism,0.0,426.0,single_list,YouGov/Economist,https://yougov.com/en-us/trackers/most-important-issues-facing-the-us
2025-07-21,rep,The budget deficit,0.0,426.0,single_list,YouGov/Economist,https://yougov.com/en-us/trackers/most-important-issues-facing-the-us
2025-07-21,rep,The war in Afghanistan,0.0,426.0,single_list,YouGov/Economist,https://yougov.com/en-us/trackers/most-important-issues-facing-the-us
2025-07-21,rep,Inflation/prices,0.24,426.0,single_list,YouGov/Economist,https://yougov.com/en-us/trackers/most-important-issues-facing-the-us
2025-07-28,rep,Abortion,0.04,453.0,single_list,YouGov/Economist,https://yougov.com/en-us/trackers/most-important-issues-facing-the-us
2025-07-28,rep,Civil rights and civil liberties,0.02,453.0,single_list,YouGov/Economist,https://yougov.com/en-us/trackers/most-important-issues-facing-the-us
2025-07-28,rep,Climate change and the environment,0.01,453.0,single_list,YouGov/Economist,https://yougov.com/en-us/trackers/most-important-issues-facing-the-us
2025-07-28,rep,Crime and criminal justice reform,0.04,453.0,single_list,YouGov/Economist,https://yougov.com/en-us/trackers/most-important-issues-facing-the-us
2025-07-28,rep,Education,0.02,453.0,single_list,YouGov/Economist,https://yougov.com/en-us/trackers/most-important-issues-facing-the-us
2025-07-28,rep,Gay rights,0.0,453.0,single_list,YouGov/Economist,https://yougov.com/en-us/trackers/most-important-issues-facing-the-us
2025-07-28,rep,Gun control,0.01,453.0,single_list,YouGov/Economist,https://yougov.com/en-us/trackers/most-important-issues-facing-the-us
2025-07-28,rep,Health care,0.06,453.0,single_list,YouGov/Economist,https://yougov.com/en-us/trackers/most-important-issues-facing-the-us
2025-07-28,rep,Immigration,0.16,453.0,single_list,YouGov/Economist,https://yougov.com/en-us/trackers/most-important-issues-facing-the-us
2025-07-28,rep,Jobs and the economy,0.13,453.0,single_list,YouGov/Economist,https://yougov.com/en-us/trackers/most-important-issues-facing-the-us
2025-07-28,rep,Medicare,0.0,453.0,single_list,YouGov/Economist,https://yougov.com/en-us/trackers/most-important-issues-facing-the-us
2025-07-28,rep,National Security and foreign policy,0.14,453.0,single_list,YouGov/Economist,https://yougov.com/en-us/trackers/most-important-issues-facing-the-us
2025-07-28,rep,Social security,0.0,453.0,single_list,YouGov/Economist,https://yougov.com/en-us/trackers/most-important-issues-facing-the-us
2025-07-28,rep,Taxes and government spending,0.14,453.0,single_list,YouGov/Economist,https://yougov.com/en-us/trackers/most-important-issues-facing-the-us
2025-07-28,rep,Terrorism,0.0,453.0,single_list,YouGov/Economist,https://yougov.com/en-us/trackers/most-important-issues-facing-the-us
2025-07-28,rep,The budget deficit,0.0,453.0,single_list,YouGov/Economist,https://yougov.com/en-us/trackers/most-important-issues-facing-the-us
2025-07-28,rep,The war in Afghanistan,0.0,453.0,single_list,YouGov/Economist,https://yougov.com/en-us/trackers/most-important-issues-facing-the-us
2025-07-28,rep,Inflation/prices,0.24,453.0,single_list,YouGov/Economist,https://yougov.com/en-us/trackers/most-important-issues-facing-the-us
2025-08-04,rep,Abortion,0.03,419.0,single_list,YouGov/Economist,https://yougov.com/en-us/trackers/most-important-issues-facing-the-us
2025-08-04,rep,Civil rights and civil liberties,0.02,419.0,single_list,YouGov/Economist,https://yougov.com/en-us/trackers/most-important-issues-facing-the-us
2025-08-04,rep,Climate change and the environment,0.0,419.0,single_list,YouGov/Economist,https://yougov.com/en-us/trackers/most-important-issues-facing-the-us
2025-08-04,rep,Crime and criminal justice reform,0.06,419.0,single_list,YouGov/Economist,https://yougov.com/en-us/trackers/most-important-issues-facing-the-us
2025-08-04,rep,Education,0.02,419.0,single_list,YouGov/Economist,https://yougov.com/en-us/trackers/most-important-issues-facing-the-us
2025-08-04,rep,Gay rights,0.0,419.0,single_list,YouGov/Economist,https://yougov.com/en-us/trackers/most-important-issues-facing-the-us
2025-08-04,rep,Gun control,0.0,419.0,single_list,YouGov/Economist,https://yougov.com/en-us/trackers/most-important-issues-facing-the-us
2025-08-04,rep,Health care,0.06,419.0,single_list,YouGov/Economist,https://yougov.com/en-us/trackers/most-important-issues-facing-the-us
2025-08-04,rep,Immigration,0.15,419.0,single_list,YouGov/Economist,https://yougov.com/en-us/trackers/most-important-issues-facing-the-us
2025-08-04,rep,Jobs and the economy,0.15,419.0,single_list,YouGov/Economist,https://yougov.com/en-us/trackers/most-important-issues-facing-the-us
2025-08-04,rep,Medicare,0.0,419.0,single_list,YouGov/Economist,https://yougov.com/en-us/trackers/most-important-issues-facing-the-us
2025-08-04,rep,National Security and foreign policy,0.09,419.0,single_list,YouGov/Economist,https://yougov.com/en-us/trackers/most-important-issues-facing-the-us
2025-08-04,rep,Social security,0.0,419.0,single_list,YouGov/Economist,https://yougov.com/en-us/trackers/most-important-issues-facing-the-us
2025-08-04,rep,Taxes and government spending,0.14,419.0,single_list,YouGov/Economist,https://yougov.com/en-us/trackers/most-important-issues-facing-the-us
2025-08-04,rep,Terrorism,0.0,419.0,single_list,YouGov/Economist,https://yougov.com/en-us/trackers/most-important-issues-facing-the-us
2025-08-04,rep,The budget deficit,0.0,419.0,single_list,YouGov/Economist,https://yougov.com/en-us/trackers/most-important-issues-facing-the-us
2025-08-04,rep,The war in Afghanistan,0.0,419.0,single_list,YouGov/Economist,https://yougov.com/en-us/trackers/most-important-issues-facing-the-us
2025-08-04,rep,Inflation/prices,0.27,419.0,single_list,YouGov/Economist,https://yougov.com/en-us/trackers/most-important-issues-facing-the-us
2025-08-11,rep,Abortion,0.04,403.0,single_list,YouGov/Economist,https://yougov.com/en-us/trackers/most-important-issues-facing-the-us
2025-08-11,rep,Civil rights and civil liberties,0.02,403.0,single_list,YouGov/Economist,https://yougov.com/en-us/trackers/most-important-issues-facing-the-us
2025-08-11,rep,Climate change and the environment,0.01,403.0,single_list,YouGov/Economist,https://yougov.com/en-us/trackers/most-important-issues-facing-the-us
2025-08-11,rep,Crime and criminal justice reform,0.03,403.0,single_list,YouGov/Economist,https://yougov.com/en-us/trackers/most-important-issues-facing-the-us
2025-08-11,rep,Education,0.01,403.0,single_list,YouGov/Economist,https://yougov.com/en-us/trackers/most-important-issues-facing-the-us
2025-08-11,rep,Gay rights,0.0,403.0,single_list,YouGov/Economist,https://yougov.com/en-us/trackers/most-important-issues-facing-the-us
2025-08-11,rep,Gun control,0.01,403.0,single_list,YouGov/Economist,https://yougov.com/en-us/trackers/most-important-issues-facing-the-us
2025-08-11,rep,Health care,0.07,403.0,single_list,YouGov/Economist,https://yougov.com/en-us/trackers/most-important-issues-facing-the-us
2025-08-11,rep,Immigration,0.2,403.0,single_list,YouGov/Economist,https://yougov.com/en-us/trackers/most-important-issues-facing-the-us
2025-08-11,rep,Jobs and the economy,0.15,403.0,single_list,YouGov/Economist,https://yougov.com/en-us/trackers/most-important-issues-facing-the-us
2025-08-11,rep,Medicare,0.0,403.0,single_list,YouGov/Economist,https://yougov.com/en-us/trackers/most-important-issues-facing-the-us
2025-08-11,rep,National Security and foreign policy,0.1,403.0,single_list,YouGov/Economist,https://yougov.com/en-us/trackers/most-important-issues-facing-the-us
2025-08-11,rep,Social security,0.0,403.0,single_list,YouGov/Economist,https://yougov.com/en-us/trackers/most-important-issues-facing-the-us
2025-08-11,rep,Taxes and government spending,0.09,403.0,single_list,YouGov/Economist,https://yougov.com/en-us/trackers/most-important-issues-facing-the-us
2025-08-11,rep,Terrorism,0.0,403.0,single_list,YouGov/Economist,https://yougov.com/en-us/trackers/most-important-issues-facing-the-us
2025-08-11,rep,The budget deficit,0.0,403.0,single_list,YouGov/Economist,https://yougov.com/en-us/trackers/most-important-issues-facing-the-us
2025-08-11,rep,The war in Afghanistan,0.0,403.0,single_list,YouGov/Economist,https://yougov.com/en-us/trackers/most-important-issues-facing-the-us
2025-08-11,rep,Inflation/prices,0.26,403.0,single_list,YouGov/Economist,https://yougov.com/en-us/trackers/most-important-issues-facing-the-us
2025-08-18,rep,Abortion,0.06,391.0,single_list,YouGov/Economist,https://yougov.com/en-us/trackers/most-important-issues-facing-the-us
2025-08-18,rep,Civil rights and civil liberties,0.03,391.0,single_list,YouGov/Economist,https://yougov.com/en-us/trackers/most-important-issues-facing-the-us
2025-08-18,rep,Climate change and the environment,0.0,391.0,single_list,YouGov/Economist,https://yougov.com/en-us/trackers/most-important-issues-facing-the-us
2025-08-18,rep,Crime and criminal justice reform,0.07,391.0,single_list,YouGov/Economist,https://yougov.com/en-us/trackers/most-important-issues-facing-the-us
2025-08-18,rep,Education,0.03,391.0,single_list,YouGov/Economist,https://yougov.com/en-us/trackers/most-important-issues-facing-the-us
2025-08-18,rep,Gay rights,0.0,391.0,single_list,YouGov/Economist,https://yougov.com/en-us/trackers/most-important-issues-facing-the-us
2025-08-18,rep,Gun control,0.01,391.0,single_list,YouGov/Economist,https://yougov.com/en-us/trackers/most-important-issues-facing-the-us
2025-08-18,rep,Health care,0.06,391.0,single_list,YouGov/Economist,https://yougov.com/en-us/trackers/most-important-issues-facing-the-us
2025-08-18,rep,Immigration,0.15,391.0,single_list,YouGov/Economist,https://yougov.com/en-us/trackers/most-important-issues-facing-the-us
2025-08-18,rep,Jobs and the economy,0.15,391.0,single_list,YouGov/Economist,https://yougov.com/en-us/trackers/most-important-issues-facing-the-us
2025-08-18,rep,Medicare,0.0,391.0,single_list,YouGov/Economist,https://yougov.com/en-us/trackers/most-important-issues-facing-the-us
2025-08-18,rep,National Security and foreign policy,0.11,391.0,single_list,YouGov/Economist,https://yougov.com/en-us/trackers/most-important-issues-facing-the-us
2025-08-18,rep,Social security,0.0,391.0,single_list,YouGov/Economist,https://yougov.com/en-us/trackers/most-important-issues-facing-the-us
2025-08-18,rep,Taxes and government spending,0.13,391.0,single_list,YouGov/Economist,https://yougov.com/en-us/trackers/most-important-issues-facing-the-us
2025-08-18,rep,Terrorism,0.0,391.0,single_list,YouGov/Economist,https://yougov.com/en-us/trackers/most-important-issues-facing-the-us
2025-08-18,rep,The budget deficit,0.0,391.0,single_list,YouGov/Economist,https://yougov.com/en-us/trackers/most-important-issues-facing-the-us
2025-08-18,rep,The war in Afghanistan,0.0,391.0,single_list,YouGov/Economist,https://yougov.com/en-us/trackers/most-important-issues-facing-the-us
2025-08-18,rep,Inflation/prices,0.2,391.0,single_list,YouGov/Economist,https://yougov.com/en-us/trackers/most-important-issues-facing-the-us
2025-08-25,rep,Abortion,0.04,380.0,single_list,YouGov/Economist,https://yougov.com/en-us/trackers/most-important-issues-facing-the-us
2025-08-25,rep,Civil rights and civil liberties,0.01,380.0,single_list,YouGov/Economist,https://yougov.com/en-us/trackers/most-important-issues-facing-the-us
2025-08-25,rep,Climate change and the environment,0.0,380.0,single_list,YouGov/Economist,https://yougov.com/en-us/trackers/most-important-issues-facing-the-us
2025-08-25,rep,Crime and criminal justice reform,0.04,380.0,single_list,YouGov/Economist,https://yougov.com/en-us/trackers/most-important-issues-facing-the-us
2025-08-25,rep,Education,0.01,380.0,single_list,YouGov/Economist,https://yougov.com/en-us/trackers/most-important-issues-facing-the-us
2025-08-25,rep,Gay rights,0.0,380.0,single_list,YouGov/Economist,https://yougov.com/en-us/trackers/most-important-issues-facing-the-us
2025-08-25,rep,Gun control,0.01,380.0,single_list,YouGov/Economist,https://yougov.com/en-us/trackers/most-important-issues-facing-the-us
2025-08-25,rep,Health care,0.03,380.0,single_list,YouGov/Economist,https://yougov.com/en-us/trackers/most-important-issues-facing-the-us
2025-08-25,rep,Immigration,0.18,380.0,single_list,YouGov/Economist,https://yougov.com/en-us/trackers/most-important-issues-facing-the-us
2025-08-25,rep,Jobs and the economy,0.13,380.0,single_list,YouGov/Economist,https://yougov.com/en-us/trackers/most-important-issues-facing-the-us
2025-08-25,rep,Medicare,0.0,380.0,single_list,YouGov/Economist,https://yougov.com/en-us/trackers/most-important-issues-facing-the-us
2025-08-25,rep,National Security and foreign policy,0.14,380.0,single_list,YouGov/Economist,https://yougov.com/en-us/trackers/most-important-issues-facing-the-us
2025-08-25,rep,Social security,0.0,380.0,single_list,YouGov/Economist,https://yougov.com/en-us/trackers/most-important-issues-facing-the-us
2025-08-25,rep,Taxes and government spending,0.14,380.0,single_list,YouGov/Economist,https://yougov.com/en-us/trackers/most-important-issues-facing-the-us
2025-08-25,rep,Terrorism,0.0,380.0,single_list,YouGov/Economist,https://yougov.com/en-us/trackers/most-important-issues-facing-the-us
2025-08-25,rep,The budget deficit,0.0,380.0,single_list,YouGov/Economist,https://yougov.com/en-us/trackers/most-important-issues-facing-the-us
2025-08-25,rep,The war in Afghanistan,0.0,380.0,single_list,YouGov/Economist,https://yougov.com/en-us/trackers/most-important-issues-facing-the-us
2025-08-25,rep,Inflation/prices,0.27,380.0,single_list,YouGov/Economist,https://yougov.com/en-us/trackers/most-important-issues-facing-the-us
2025-09-02,rep,Abortion,0.03,436.0,single_list,YouGov/Economist,https://yougov.com/en-us/trackers/most-important-issues-facing-the-us
2025-09-02,rep,Civil rights and civil liberties,0.0,436.0,single_list,YouGov/Economist,https://yougov.com/en-us/trackers/most-important-issues-facing-the-us
2025-09-02,rep,Climate change and the environment,0.0,436.0,single_list,YouGov/Economist,https://yougov.com/en-us/trackers/most-important-issues-facing-the-us
2025-09-02,rep,Crime and criminal justice reform,0.09,436.0,single_list,YouGov/Economist,https://yougov.com/en-us/trackers/most-important-issues-facing-the-us
2025-09-02,rep,Education,0.03,436.0,single_list,YouGov/Economist,https://yougov.com/en-us/trackers/most-important-issues-facing-the-us
2025-09-02,rep,Gay rights,0.0,436.0,single_list,YouGov/Economist,https://yougov.com/en-us/trackers/most-important-issues-facing-the-us
2025-09-02,rep,Gun control,0.03,436.0,single_list,YouGov/Economist,https://yougov.com/en-us/trackers/most-important-issues-facing-the-us
2025-09-02,rep,Health care,0.03,436.0,single_list,YouGov/Economist,https://yougov.com/en-us/trackers/most-important-issues-facing-the-us
2025-09-02,rep,Immigration,0.15,436.0,single_list,YouGov/Economist,https://yougov.com/en-us/trackers/most-important-issues-facing-the-us
2025-09-02,rep,Jobs and the economy,0.14,436.0,single_list,YouGov/Economist,https://yougov.com/en-us/trackers/most-important-issues-facing-the-us
2025-09-02,rep,Medicare,0.0,436.0,single_list,YouGov/Economist,https://yougov.com/en-us/trackers/most-important-issues-facing-the-us
2025-09-02,rep,National Security and foreign policy,0.15,436.0,single_list,YouGov/Economist,https://yougov.com/en-us/trackers/most-important-issues-facing-the-us
2025-09-02,rep,Social security,0.0,436.0,single_list,YouGov/Economist,https://yougov.com/en-us/trackers/most-important-issues-facing-the-us
2025-09-02,rep,Taxes and government spending,0.09,436.0,single_list,YouGov/Economist,https://yougov.com/en-us/trackers/most-important-issues-facing-the-us
2025-09-02,rep,Terrorism,0.0,436.0,single_list,YouGov/Economist,https://yougov.com/en-us/trackers/most-important-issues-facing-the-us
2025-09-02,rep,The budget deficit,0.0,436.0,single_list,YouGov/Economist,https://yougov.com/en-us/trackers/most-important-issues-facing-the-us
2025-09-02,rep,The war in Afghanistan,0.0,436.0,single_list,YouGov/Economist,https://yougov.com/en-us/trackers/most-important-issues-facing-the-us
2025-09-02,rep,Inflation/prices,0.25,436.0,single_list,YouGov/Economist,https://yougov.com/en-us/trackers/most-important-issues-facing-the-us
2025-09-08,rep,Abortion,0.04,421.0,single_list,YouGov/Economist,https://yougov.com/en-us/trackers/most-important-issues-facing-the-us
2025-09-08,rep,Civil rights and civil liberties,0.01,421.0,single_list,YouGov/Economist,https://yougov.com/en-us/trackers/most-important-issues-facing-the-us
2025-09-08,rep,Climate change and the environment,0.01,421.0,single_list,YouGov/Economist,https://yougov.com/en-us/trackers/most-important-issues-facing-the-us
2025-09-08,rep,Crime and criminal justice reform,0.06,421.0,single_list,YouGov/Economist,https://yougov.com/en-us/trackers/most-important-issues-facing-the-us
2025-09-08,rep,Education,0.03,421.0,single_list,YouGov/Economist,https://yougov.com/en-us/trackers/most-important-issues-facing-the-us
2025-09-08,rep,Gay rights,0.0,421.0,single_list,YouGov/Economist,https://yougov.com/en-us/trackers/most-important-issues-facing-the-us
2025-09-08,rep,Gun control,0.03,421.0,single_list,YouGov/Economist,https://yougov.com/en-us/trackers/most-important-issues-facing-the-us
2025-09-08,rep,Health care,0.06,421.0,single_list,YouGov/Economist,https://yougov.com/en-us/trackers/most-important-issues-facing-the-us
2025-09-08,rep,Immigration,0.19,421.0,single_list,YouGov/Economist,https://yougov.com/en-us/trackers/most-important-issues-facing-the-us
2025-09-08,rep,Jobs and the economy,0.13,421.0,single_list,YouGov/Economist,https://yougov.com/en-us/trackers/most-important-issues-facing-the-us
2025-09-08,rep,Medicare,0.0,421.0,single_list,YouGov/Economist,https://yougov.com/en-us/trackers/most-important-issues-facing-the-us
2025-09-08,rep,National Security and foreign policy,0.14,421.0,single_list,YouGov/Economist,https://yougov.com/en-us/trackers/most-important-issues-facing-the-us
2025-09-08,rep,Social security,0.0,421.0,single_list,YouGov/Economist,https://yougov.com/en-us/trackers/most-important-issues-facing-the-us
2025-09-08,rep,Taxes and government spending,0.08,421.0,single_list,YouGov/Economist,https://yougov.com/en-us/trackers/most-important-issues-facing-the-us
2025-09-08,rep,Terrorism,0.0,421.0,single_list,YouGov/Economist,https://yougov.com/en-us/trackers/most-important-issues-facing-the-us
2025-09-08,rep,The budget deficit,0.0,421.0,single_list,YouGov/Economist,https://yougov.com/en-us/trackers/most-important-issues-facing-the-us
2025-09-08,rep,The war in Afghanistan,0.0,421.0,single_list,YouGov/Economist,https://yougov.com/en-us/trackers/most-important-issues-facing-the-us
2025-09-08,rep,Inflation/prices,0.23,421.0,single_list,YouGov/Economist,https://yougov.com/en-us/trackers/most-important-issues-facing-the-us
2025-09-15,rep,Abortion,0.04,403.0,single_list,YouGov/Economist,https://yougov.com/en-us/trackers/most-important-issues-facing-the-us
2025-09-15,rep,Civil rights and civil liberties,0.01,403.0,single_list,YouGov/Economist,https://yougov.com/en-us/trackers/most-important-issues-facing-the-us
2025-09-15,rep,Climate change and the environment,0.01,403.0,single_list,YouGov/Economist,https://yougov.com/en-us/trackers/most-important-issues-facing-the-us
2025-09-15,rep,Crime and criminal justice reform,0.09,403.0,single_list,YouGov/Economist,https://yougov.com/en-us/trackers/most-important-issues-facing-the-us
2025-09-15,rep,Education,0.01,403.0,single_list,YouGov/Economist,https://yougov.com/en-us/trackers/most-important-issues-facing-the-us
2025-09-15,rep,Gay rights,0.0,403.0,single_list,YouGov/Economist,https://yougov.com/en-us/trackers/most-important-issues-facing-the-us
2025-09-15,rep,Gun control,0.02,403.0,single_list,YouGov/Economist,https://yougov.com/en-us/trackers/most-important-issues-facing-the-us
2025-09-15,rep,Health care,0.04,403.0,single_list,YouGov/Economist,https://yougov.com/en-us/trackers/most-important-issues-facing-the-us
2025-09-15,rep,Immigration,0.17,403.0,single_list,YouGov/Economist,https://yougov.com/en-us/trackers/most-important-issues-facing-the-us
2025-09-15,rep,Jobs and the economy,0.13,403.0,single_list,YouGov/Economist,https://yougov.com/en-us/trackers/most-important-issues-facing-the-us
2025-09-15,rep,Medicare,0.0,403.0,single_list,YouGov/Economist,https://yougov.com/en-us/trackers/most-important-issues-facing-the-us
2025-09-15,rep,National Security and foreign policy,0.13,403.0,single_list,YouGov/Economist,https://yougov.com/en-us/trackers/most-important-issues-facing-the-us
2025-09-15,rep,Social security,0.0,403.0,single_list,YouGov/Economist,https://yougov.com/en-us/trackers/most-important-issues-facing-the-us
2025-09-15,rep,Taxes and government spending,0.1,403.0,single_list,YouGov/Economist,https://yougov.com/en-us/trackers/most-important-issues-facing-the-us
2025-09-15,rep,Terrorism,0.0,403.0,single_list,YouGov/Economist,https://yougov.com/en-us/trackers/most-important-issues-facing-the-us
2025-09-15,rep,The budget deficit,0.0,403.0,single_list,YouGov/Economist,https://yougov.com/en-us/trackers/most-important-issues-facing-the-us
2025-09-15,rep,The war in Afghanistan,0.0,403.0,single_list,YouGov/Economist,https://yougov.com/en-us/trackers/most-important-issues-facing-the-us
2025-09-15,rep,Inflation/prices,0.24,403.0,single_list,YouGov/Economist,https://yougov.com/en-us/trackers/most-important-issues-facing-the-us
2025-09-22,rep,Abortion,0.03,397.0,single_list,YouGov/Economist,https://yougov.com/en-us/trackers/most-important-issues-facing-the-us
2025-09-22,rep,Civil rights and civil liberties,0.02,397.0,single_list,YouGov/Economist,https://yougov.com/en-us/trackers/most-important-issues-facing-the-us
2025-09-22,rep,Climate change and the environment,0.02,397.0,single_list,YouGov/Economist,https://yougov.com/en-us/trackers/most-important-issues-facing-the-us
2025-09-22,rep,Crime and criminal justice reform,0.11,397.0,single_list,YouGov/Economist,https://yougov.com/en-us/trackers/most-important-issues-facing-the-us
2025-09-22,rep,Education,0.04,397.0,single_list,YouGov/Economist,https://yougov.com/en-us/trackers/most-important-issues-facing-the-us
2025-09-22,rep,Gay rights,0.0,397.0,single_list,YouGov/Economist,https://yougov.com/en-us/trackers/most-important-issues-facing-the-us
2025-09-22,rep,Gun control,0.03,397.0,single_list,YouGov/Economist,https://yougov.com/en-us/trackers/most-important-issues-facing-the-us
2025-09-22,rep,Health care,0.05,397.0,single_list,YouGov/Economist,https://yougov.com/en-us/trackers/most-important-issues-facing-the-us
2025-09-22,rep,Immigration,0.15,397.0,single_list,YouGov/Economist,https://yougov.com/en-us/trackers/most-important-issues-facing-the-us
2025-09-22,rep,Jobs and the economy,0.12,397.0,single_list,YouGov/Economist,https://yougov.com/en-us/trackers/most-important-issues-facing-the-us
2025-09-22,rep,Medicare,0.0,397.0,single_list,YouGov/Economist,https://yougov.com/en-us/trackers/most-important-issues-facing-the-us
2025-09-22,rep,National Security and foreign policy,0.12,397.0,single_list,YouGov/Economist,https://yougov.com/en-us/trackers/most-important-issues-facing-the-us
2025-09-22,rep,Social security,0.0,397.0,single_list,YouGov/Economist,https://yougov.com/en-us/trackers/most-important-issues-facing-the-us
2025-09-22,rep,Taxes and government spending,0.11,397.0,single_list,YouGov/Economist,https://yougov.com/en-us/trackers/most-important-issues-facing-the-us
2025-09-22,rep,Terrorism,0.0,397.0,single_list,YouGov/Economist,https://yougov.com/en-us/trackers/most-important-issues-facing-the-us
2025-09-22,rep,The budget deficit,0.0,397.0,single_list,YouGov/Economist,https://yougov.com/en-us/trackers/most-important-issues-facing-the-us
2025-09-22,rep,The war in Afghanistan,0.0,397.0,single_list,YouGov/Economist,https://yougov.com/en-us/trackers/most-important-issues-facing-the-us
2025-09-22,rep,Inflation/prices,0.22,397.0,single_list,YouGov/Economist,https://yougov.com/en-us/trackers/most-important-issues-facing-the-us
2025-09-29,rep,Abortion,0.03,419.0,single_list,YouGov/Economist,https://yougov.com/en-us/trackers/most-important-issues-facing-the-us
2025-09-29,rep,Civil rights and civil liberties,0.03,419.0,single_list,YouGov/Economist,https://yougov.com/en-us/trackers/most-important-issues-facing-the-us
2025-09-29,rep,Climate change and the environment,0.01,419.0,single_list,YouGov/Economist,https://yougov.com/en-us/trackers/most-important-issues-facing-the-us
2025-09-29,rep,Crime and criminal justice reform,0.07,419.0,single_list,YouGov/Economist,https://yougov.com/en-us/trackers/most-important-issues-facing-the-us
2025-09-29,rep,Education,0.02,419.0,single_list,YouGov/Economist,https://yougov.com/en-us/trackers/most-important-issues-facing-the-us
2025-09-29,rep,Gay rights,0.0,419.0,single_list,YouGov/Economist,https://yougov.com/en-us/trackers/most-important-issues-facing-the-us
2025-09-29,rep,Gun control,0.01,419.0,single_list,YouGov/Economist,https://yougov.com/en-us/trackers/most-important-issues-facing-the-us
2025-09-29,rep,Health care,0.05,419.0,single_list,YouGov/Economist,https://yougov.com/en-us/trackers/most-important-issues-facing-the-us
2025-09-29,rep,Immigration,0.16,419.0,single_list,YouGov/Economist,https://yougov.com/en-us/trackers/most-important-issues-facing-the-us
2025-09-29,rep,Jobs and the economy,0.15,419.0,single_list,YouGov/Economist,https://yougov.com/en-us/trackers/most-important-issues-facing-the-us
2025-09-29,rep,Medicare,0.0,419.0,single_list,YouGov/Economist,https://yougov.com/en-us/trackers/most-important-issues-facing-the-us
2025-09-29,rep,National Security and foreign policy,0.12,419.0,single_list,YouGov/Economist,https://yougov.com/en-us/trackers/most-important-issues-facing-the-us
2025-09-29,rep,Social security,0.0,419.0,single_list,YouGov/Economist,https://yougov.com/en-us/trackers/most-important-issues-facing-the-us
2025-09-29,rep,Taxes and government spending,0.12,419.0,single_list,YouGov/Economist,https://yougov.com/en-us/trackers/most-important-issues-facing-the-us
2025-09-29,rep,Terrorism,0.0,419.0,single_list,YouGov/Economist,https://yougov.com/en-us/trackers/most-important-issues-facing-the-us
2025-09-29,rep,The budget deficit,0.0,419.0,single_list,YouGov/Economist,https://yougov.com/en-us/trackers/most-important-issues-facing-the-us
2025-09-29,rep,The war in Afghanistan,0.0,419.0,single_list,YouGov/Economist,https://yougov.com/en-us/trackers/most-important-issues-facing-the-us
2025-09-29,rep,Inflation/prices,0.23,419.0,single_list,YouGov/Economist,https://yougov.com/en-us/trackers/most-important-issues-facing-the-us
2025-10-06,rep,Abortion,0.02,428.0,single_list,YouGov/Economist,https://yougov.com/en-us/trackers/most-important-issues-facing-the-us
2025-10-06,rep,Civil rights and civil liberties,0.02,428.0,single_list,YouGov/Economist,https://yougov.com/en-us/trackers/most-important-issues-facing-the-us
2025-10-06,rep,Climate change and the environment,0.0,428.0,single_list,YouGov/Economist,https://yougov.com/en-us/trackers/most-important-issues-facing-the-us
2025-10-06,rep,Crime and criminal justice reform,0.12,428.0,single_list,YouGov/Economist,https://yougov.com/en-us/trackers/most-important-issues-facing-the-us
2025-10-06,rep,Education,0.02,428.0,single_list,YouGov/Economist,https://yougov.com/en-us/trackers/most-important-issues-facing-the-us
2025-10-06,rep,Gay rights,0.0,428.0,single_list,YouGov/Economist,https://yougov.com/en-us/trackers/most-important-issues-facing-the-us
2025-10-06,rep,Gun control,0.02,428.0,single_list,YouGov/Economist,https://yougov.com/en-us/trackers/most-important-issues-facing-the-us
2025-10-06,rep,Health care,0.06,428.0,single_list,YouGov/Economist,https://yougov.com/en-us/trackers/most-important-issues-facing-the-us
2025-10-06,rep,Immigration,0.21,428.0,single_list,YouGov/Economist,https://yougov.com/en-us/trackers/most-important-issues-facing-the-us
2025-10-06,rep,Jobs and the economy,0.11,428.0,single_list,YouGov/Economist,https://yougov.com/en-us/trackers/most-important-issues-facing-the-us
2025-10-06,rep,Medicare,0.0,428.0,single_list,YouGov/Economist,https://yougov.com/en-us/trackers/most-important-issues-facing-the-us
2025-10-06,rep,National Security and foreign policy,0.1,428.0,single_list,YouGov/Economist,https://yougov.com/en-us/trackers/most-important-issues-facing-the-us
2025-10-06,rep,Social security,0.0,428.0,single_list,YouGov/Economist,https://yougov.com/en-us/trackers/most-important-issues-facing-the-us
2025-10-06,rep,Taxes and government spending,0.1,428.0,single_list,YouGov/Economist,https://yougov.com/en-us/trackers/most-important-issues-facing-the-us
2025-10-06,rep,Terrorism,0.0,428.0,single_list,YouGov/Economist,https://yougov.com/en-us/trackers/most-important-issues-facing-the-us
2025-10-06,rep,The budget deficit,0.0,428.0,single_list,YouGov/Economist,https://yougov.com/en-us/trackers/most-important-issues-facing-the-us
2025-10-06,rep,The war in Afghanistan,0.0,428.0,single_list,YouGov/Economist,https://yougov.com/en-us/trackers/most-important-issues-facing-the-us
2025-10-06,rep,Inflation/prices,0.22,428.0,single_list,YouGov/Economist,https://yougov.com/en-us/trackers/most-important-issues-facing-the-us
2025-10-13,rep,Abortion,0.04,414.0,single_list,YouGov/Economist,https://yougov.com/en-us/trackers/most-important-issues-facing-the-us
2025-10-13,rep,Civil rights and civil liberties,0.02,414.0,single_list,YouGov/Economist,https://yougov.com/en-us/trackers/most-important-issues-facing-the-us
2025-10-13,rep,Climate change and the environment,0.01,414.0,single_list,YouGov/Economist,https://yougov.com/en-us/trackers/most-important-issues-facing-the-us
2025-10-13,rep,Crime and criminal justice reform,0.09,414.0,single_list,YouGov/Economist,https://yougov.com/en-us/trackers/most-important-issues-facing-the-us
2025-10-13,rep,Education,0.01,414.0,single_list,YouGov/Economist,https://yougov.com/en-us/trackers/most-important-issues-facing-the-us
2025-10-13,rep,Gay rights,0.0,414.0,single_list,YouGov/Economist,https://yougov.com/en-us/trackers/most-important-issues-facing-the-us
2025-10-13,rep,Gun control,0.02,414.0,single_list,YouGov/Economist,https://yougov.com/en-us/trackers/most-important-issues-facing-the-us
2025-10-13,rep,Health care,0.06,414.0,single_list,YouGov/Economist,https://yougov.com/en-us/trackers/most-important-issues-facing-the-us
2025-10-13,rep,Immigration,0.13,414.0,single_list,YouGov/Economist,https://yougov.com/en-us/trackers/most-important-issues-facing-the-us
2025-10-13,rep,Jobs and the economy,0.1,414.0,single_list,YouGov/Economist,https://yougov.com/en-us/trackers/most-important-issues-facing-the-us
2025-10-13,rep,Medicare,0.0,414.0,single_list,YouGov/Economist,https://yougov.com/en-us/trackers/most-important-issues-facing-the-us
2025-10-13,rep,National Security and foreign policy,0.13,414.0,single_list,YouGov/Economist,https://yougov.com/en-us/trackers/most-important-issues-facing-the-us
2025-10-13,rep,Social security,0.0,414.0,single_list,YouGov/Economist,https://yougov.com/en-us/trackers/most-important-issues-facing-the-us
2025-10-13,rep,Taxes and government spending,0.11,414.0,single_list,YouGov/Economist,https://yougov.com/en-us/trackers/most-important-issues-facing-the-us
2025-10-13,rep,Terrorism,0.0,414.0,single_list,YouGov/Economist,https://yougov.com/en-us/trackers/most-important-issues-facing-the-us
2025-10-13,rep,The budget deficit,0.0,414.0,single_list,YouGov/Economist,https://yougov.com/en-us/trackers/most-important-issues-facing-the-us
2025-10-13,rep,The war in Afghanistan,0.0,414.0,single_list,YouGov/Economist,https://yougov.com/en-us/trackers/most-important-issues-facing-the-us
2025-10-13,rep,Inflation/prices,0.28,414.0,single_list,YouGov/Economist,https://yougov.com/en-us/trackers/most-important-issues-facing-the-us
2025-10-20,rep,Abortion,0.03,404.0,single_list,YouGov/Economist,https://yougov.com/en-us/trackers/most-important-issues-facing-the-us
2025-10-20,rep,Civil rights and civil liberties,0.01,404.0,single_list,YouGov/Economist,https://yougov.com/en-us/trackers/most-important-issues-facing-the-us
2025-10-20,rep,Climate change and the environment,0.01,404.0,single_list,YouGov/Economist,https://yougov.com/en-us/trackers/most-important-issues-facing-the-us
2025-10-20,rep,Crime and criminal justice reform,0.07,404.0,single_list,YouGov/Economist,https://yougov.com/en-us/trackers/most-important-issues-facing-the-us
2025-10-20,rep,Education,0.01,404.0,single_list,YouGov/Economist,https://yougov.com/en-us/trackers/most-important-issues-facing-the-us
2025-10-20,rep,Gay rights,0.0,404.0,single_list,YouGov/Economist,https://yougov.com/en-us/trackers/most-important-issues-facing-the-us
2025-10-20,rep,Gun control,0.02,404.0,single_list,YouGov/Economist,https://yougov.com/en-us/trackers/most-important-issues-facing-the-us
2025-10-20,rep,Health care,0.07,404.0,single_list,YouGov/Economist,https://yougov.com/en-us/trackers/most-important-issues-facing-the-us
2025-10-20,rep,Immigration,0.14,404.0,single_list,YouGov/Economist,https://yougov.com/en-us/trackers/most-important-issues-facing-the-us
2025-10-20,rep,Jobs and the economy,0.16,404.0,single_list,YouGov/Economist,https://yougov.com/en-us/trackers/most-important-issues-facing-the-us
2025-10-20,rep,Medicare,0.0,404.0,single_list,YouGov/Economist,https://yougov.com/en-us/trackers/most-important-issues-facing-the-us
2025-10-20,rep,National Security and foreign policy,0.1,404.0,single_list,YouGov/Economist,https://yougov.com/en-us/trackers/most-important-issues-facing-the-us
2025-10-20,rep,Social security,0.0,404.0,single_list,YouGov/Economist,https://yougov.com/en-us/trackers/most-important-issues-facing-the-us
2025-10-20,rep,Taxes and government spending,0.12,404.0,single_list,YouGov/Economist,https://yougov.com/en-us/trackers/most-important-issues-facing-the-us
2025-10-20,rep,Terrorism,0.0,404.0,single_list,YouGov/Economist,https://yougov.com/en-us/trackers/most-important-issues-facing-the-us
2025-10-20,rep,The budget deficit,0.0,404.0,single_list,YouGov/Economist,https://yougov.com/en-us/trackers/most-important-issues-facing-the-us
2025-10-20,rep,The war in Afghanistan,0.0,404.0,single_list,YouGov/Economist,https://yougov.com/en-us/trackers/most-important-issues-facing-the-us
2025-10-20,rep,Inflation/prices,0.28,404.0,single_list,YouGov/Economist,https://yougov.com/en-us/trackers/most-important-issues-facing-the-us
2025-10-27,rep,Abortion,0.04,408.0,single_list,YouGov/Economist,https://yougov.com/en-us/trackers/most-important-issues-facing-the-us
2025-10-27,rep,Civil rights and civil liberties,0.01,408.0,single_list,YouGov/Economist,https://yougov.com/en-us/trackers/most-important-issues-facing-the-us
2025-10-27,rep,Climate change and the environment,0.01,408.0,single_list,YouGov/Economist,https://yougov.com/en-us/trackers/most-important-issues-facing-the-us
2025-10-27,rep,Crime and criminal justice reform,0.07,408.0,single_list,YouGov/Economist,https://yougov.com/en-us/trackers/most-important-issues-facing-the-us
2025-10-27,rep,Education,0.02,408.0,single_list,YouGov/Economist,https://yougov.com/en-us/trackers/most-important-issues-facing-the-us
2025-10-27,rep,Gay rights,0.0,408.0,single_list,YouGov/Economist,https://yougov.com/en-us/trackers/most-important-issues-facing-the-us
2025-10-27,rep,Gun control,0.02,408.0,single_list,YouGov/Economist,https://yougov.com/en-us/trackers/most-important-issues-facing-the-us
2025-10-27,rep,Health care,0.06,408.0,single_list,YouGov/Economist,https://yougov.com/en-us/trackers/most-important-issues-facing-the-us
2025-10-27,rep,Immigration,0.18,408.0,single_list,YouGov/Economist,https://yougov.com/en-us/trackers/most-important-issues-facing-the-us
2025-10-27,rep,Jobs and the economy,0.11,408.0,single_list,YouGov/Economist,https://yougov.com/en-us/trackers/most-important-issues-facing-the-us
2025-10-27,rep,Medicare,0.0,408.0,single_list,YouGov/Economist,https://yougov.com/en-us/trackers/most-important-issues-facing-the-us
2025-10-27,rep,National Security and foreign policy,0.1,408.0,single_list,YouGov/Economist,https://yougov.com/en-us/trackers/most-important-issues-facing-the-us
2025-10-27,rep,Social security,0.0,408.0,single_list,YouGov/Economist,https://yougov.com/en-us/trackers/most-important-issues-facing-the-us
2025-10-27,rep,Taxes and government spending,0.12,408.0,single_list,YouGov/Economist,https://yougov.com/en-us/trackers/most-important-issues-facing-the-us
2025-10-27,rep,Terrorism,0.0,408.0,single_list,YouGov/Economist,https://yougov.com/en-us/trackers/most-important-issues-facing-the-us
2025-10-27,rep,The budget deficit,0.0,408.0,single_list,YouGov/Economist,https://yougov.com/en-us/trackers/most-important-issues-facing-the-us
2025-10-27,rep,The war in Afghanistan,0.0,408.0,single_list,YouGov/Economist,https://yougov.com/en-us/trackers/most-important-issues-facing-the-us
2025-10-27,rep,Inflation/prices,0.25,408.0,single_list,YouGov/Economist,https://yougov.com/en-us/trackers/most-important-issues-facing-the-us
2025-11-03,rep,Abortion,0.03,433.0,single_list,YouGov/Economist,https://yougov.com/en-us/trackers/most-important-issues-facing-the-us
2025-11-03,rep,Civil rights and civil liberties,0.01,433.0,single_list,YouGov/Economist,https://yougov.com/en-us/trackers/most-important-issues-facing-the-us
2025-11-03,rep,Climate change and the environment,0.0,433.0,single_list,YouGov/Economist,https://yougov.com/en-us/trackers/most-important-issues-facing-the-us
2025-11-03,rep,Crime and criminal justice reform,0.06,433.0,single_list,YouGov/Economist,https://yougov.com/en-us/trackers/most-important-issues-facing-the-us
2025-11-03,rep,Education,0.02,433.0,single_list,YouGov/Economist,https://yougov.com/en-us/trackers/most-important-issues-facing-the-us
2025-11-03,rep,Gay rights,0.0,433.0,single_list,YouGov/Economist,https://yougov.com/en-us/trackers/most-important-issues-facing-the-us
2025-11-03,rep,Gun control,0.01,433.0,single_list,YouGov/Economist,https://yougov.com/en-us/trackers/most-important-issues-facing-the-us
2025-11-03,rep,Health care,0.06,433.0,single_list,YouGov/Economist,https://yougov.com/en-us/trackers/most-important-issues-facing-the-us
2025-11-03,rep,Immigration,0.17,433.0,single_list,YouGov/Economist,https://yougov.com/en-us/trackers/most-important-issues-facing-the-us
2025-11-03,rep,Jobs and the economy,0.15,433.0,single_list,YouGov/Economist,https://yougov.com/en-us/trackers/most-important-issues-facing-the-us
2025-11-03,rep,Medicare,0.0,433.0,single_list,YouGov/Economist,https://yougov.com/en-us/trackers/most-important-issues-facing-the-us
2025-11-03,rep,National Security and foreign policy,0.09,433.0,single_list,YouGov/Economist,https://yougov.com/en-us/trackers/most-important-issues-facing-the-us
2025-11-03,rep,Social security,0.0,433.0,single_list,YouGov/Economist,https://yougov.com/en-us/trackers/most-important-issues-facing-the-us
2025-11-03,rep,Taxes and government spending,0.11,433.0,single_list,YouGov/Economist,https://yougov.com/en-us/trackers/most-important-issues-facing-the-us
2025-11-03,rep,Terrorism,0.0,433.0,single_list,YouGov/Economist,https://yougov.com/en-us/trackers/most-important-issues-facing-the-us
2025-11-03,rep,The budget deficit,0.0,433.0,single_list,YouGov/Economist,https://yougov.com/en-us/trackers/most-important-issues-facing-the-us
2025-11-03,rep,The war in Afghanistan,0.0,433.0,single_list,YouGov/Economist,https://yougov.com/en-us/trackers/most-important-issues-facing-the-us
2025-11-03,rep,Inflation/prices,0.28,433.0,single_list,YouGov/Economist,https://yougov.com/en-us/trackers/most-important-issues-facing-the-us
2025-11-10,rep,Abortion,0.03,851.0,single_list,YouGov/Economist,https://yougov.com/en-us/trackers/most-important-issues-facing-the-us
2025-11-10,rep,Civil rights and civil liberties,0.02,851.0,single_list,YouGov/Economist,https://yougov.com/en-us/trackers/most-important-issues-facing-the-us
2025-11-10,rep,Climate change and the environment,0.01,851.0,single_list,YouGov/Economist,https://yougov.com/en-us/trackers/most-important-issues-facing-the-us
2025-11-10,rep,Crime and criminal justice reform,0.05,851.0,single_list,YouGov/Economist,https://yougov.com/en-us/trackers/most-important-issues-facing-the-us
2025-11-10,rep,Education,0.01,851.0,single_list,YouGov/Economist,https://yougov.com/en-us/trackers/most-important-issues-facing-the-us
2025-11-10,rep,Gay rights,0.0,851.0,single_list,YouGov/Economist,https://yougov.com/en-us/trackers/most-important-issues-facing-the-us
2025-11-10,rep,Gun control,0.02,851.0,single_list,YouGov/Economist,https://yougov.com/en-us/trackers/most-important-issues-facing-the-us
2025-11-10,rep,Health care,0.06,851.0,single_list,YouGov/Economist,https://yougov.com/en-us/trackers/most-important-issues-facing-the-us
2025-11-10,rep,Immigration,0.12,851.0,single_list,YouGov/Economist,https://yougov.com/en-us/trackers/most-important-issues-facing-the-us
2025-11-10,rep,Jobs and the economy,0.17,851.0,single_list,YouGov/Economist,https://yougov.com/en-us/trackers/most-important-issues-facing-the-us
2025-11-10,rep,Medicare,0.0,851.0,single_list,YouGov/Economist,https://yougov.com/en-us/trackers/most-important-issues-facing-the-us
2025-11-10,rep,National Security and foreign policy,0.12,851.0,single_list,YouGov/Economist,https://yougov.com/en-us/trackers/most-important-issues-facing-the-us
2025-11-10,rep,Social security,0.0,851.0,single_list,YouGov/Economist,https://yougov.com/en-us/trackers/most-important-issues-facing-the-us
2025-11-10,rep,Taxes and government spending,0.15,851.0,single_list,YouGov/Economist,https://yougov.com/en-us/trackers/most-important-issues-facing-the-us
2025-11-10,rep,Terrorism,0.0,851.0,single_list,YouGov/Economist,https://yougov.com/en-us/trackers/most-important-issues-facing-the-us
2025-11-10,rep,The budget deficit,0.0,851.0,single_list,YouGov/Economist,https://yougov.com/en-us/trackers/most-important-issues-facing-the-us
2025-11-10,rep,The war in Afghanistan,0.0,851.0,single_list,YouGov/Economist,https://yougov.com/en-us/trackers/most-important-issues-facing-the-us
2025-11-10,rep,Inflation/prices,0.25,851.0,single_list,YouGov/Economist,https://yougov.com/en-us/trackers/most-important-issues-facing-the-us
2025-11-17,rep,Abortion,0.03,393.0,single_list,YouGov/Economist,https://yougov.com/en-us/trackers/most-important-issues-facing-the-us
2025-11-17,rep,Civil rights and civil liberties,0.04,393.0,single_list,YouGov/Economist,https://yougov.com/en-us/trackers/most-important-issues-facing-the-us
2025-11-17,rep,Climate change and the environment,0.01,393.0,single_list,YouGov/Economist,https://yougov.com/en-us/trackers/most-important-issues-facing-the-us
2025-11-17,rep,Crime and criminal justice reform,0.09,393.0,single_list,YouGov/Economist,https://yougov.com/en-us/trackers/most-important-issues-facing-the-us
2025-11-17,rep,Education,0.01,393.0,single_list,YouGov/Economist,https://yougov.com/en-us/trackers/most-important-issues-facing-the-us
2025-11-17,rep,Gay rights,0.0,393.0,single_list,YouGov/Economist,https://yougov.com/en-us/trackers/most-important-issues-facing-the-us
2025-11-17,rep,Gun control,0.02,393.0,single_list,YouGov/Economist,https://yougov.com/en-us/trackers/most-important-issues-facing-the-us
2025-11-17,rep,Health care,0.06,393.0,single_list,YouGov/Economist,https://yougov.com/en-us/trackers/most-important-issues-facing-the-us
2025-11-17,rep,Immigration,0.12,393.0,single_list,YouGov/Economist,https://yougov.com/en-us/trackers/most-important-issues-facing-the-us
2025-11-17,rep,Jobs and the economy,0.15,393.0,single_list,YouGov/Economist,https://yougov.com/en-us/trackers/most-important-issues-facing-the-us
2025-11-17,rep,Medicare,0.0,393.0,single_list,YouGov/Economist,https://yougov.com/en-us/trackers/most-important-issues-facing-the-us
2025-11-17,rep,National Security and foreign policy,0.09,393.0,single_list,YouGov/Economist,https://yougov.com/en-us/trackers/most-important-issues-facing-the-us
2025-11-17,rep,Social security,0.0,393.0,single_list,YouGov/Economist,https://yougov.com/en-us/trackers/most-important-issues-facing-the-us
2025-11-17,rep,Taxes and government spending,0.14,393.0,single_list,YouGov/Economist,https://yougov.com/en-us/trackers/most-important-issues-facing-the-us
2025-11-17,rep,Terrorism,0.0,393.0,single_list,YouGov/Economist,https://yougov.com/en-us/trackers/most-important-issues-facing-the-us
2025-11-17,rep,The budget deficit,0.0,393.0,single_list,YouGov/Economist,https://yougov.com/en-us/trackers/most-important-issues-facing-the-us
2025-11-17,rep,The war in Afghanistan,0.0,393.0,single_list,YouGov/Economist,https://yougov.com/en-us/trackers/most-important-issues-facing-the-us
2025-11-17,rep,Inflation/prices,0.24,393.0,single_list,YouGov/Economist,https://yougov.com/en-us/trackers/most-important-issues-facing-the-us
2025-11-24,rep,Abortion,0.04,443.0,single_list,YouGov/Economist,https://yougov.com/en-us/trackers/most-important-issues-facing-the-us
2025-11-24,rep,Civil rights and civil liberties,0.02,443.0,single_list,YouGov/Economist,https://yougov.com/en-us/trackers/most-important-issues-facing-the-us
2025-11-24,rep,Climate change and the environment,0.02,443.0,single_list,YouGov/Economist,https://yougov.com/en-us/trackers/most-important-issues-facing-the-us
2025-11-24,rep,Crime and criminal justice reform,0.06,443.0,single_list,YouGov/Economist,https://yougov.com/en-us/trackers/most-important-issues-facing-the-us
2025-11-24,rep,Education,0.02,443.0,single_list,YouGov/Economist,https://yougov.com/en-us/trackers/most-important-issues-facing-the-us
2025-11-24,rep,Gay rights,0.0,443.0,single_list,YouGov/Economist,https://yougov.com/en-us/trackers/most-important-issues-facing-the-us
2025-11-24,rep,Gun control,0.02,443.0,single_list,YouGov/Economist,https://yougov.com/en-us/trackers/most-important-issues-facing-the-us
2025-11-24,rep,Health care,0.07,443.0,single_list,YouGov/Economist,https://yougov.com/en-us/trackers/most-important-issues-facing-the-us
2025-11-24,rep,Immigration,0.13,443.0,single_list,YouGov/Economist,https://yougov.com/en-us/trackers/most-important-issues-facing-the-us
2025-11-24,rep,Jobs and the economy,0.16,443.0,single_list,YouGov/Economist,https://yougov.com/en-us/trackers/most-important-issues-facing-the-us
2025-11-24,rep,Medicare,0.0,443.0,single_list,YouGov/Economist,https://yougov.com/en-us/trackers/most-important-issues-facing-the-us
2025-11-24,rep,National Security and foreign policy,0.09,443.0,single_list,YouGov/Economist,https://yougov.com/en-us/trackers/most-important-issues-facing-the-us
2025-11-24,rep,Social security,0.0,443.0,single_list,YouGov/Economist,https://yougov.com/en-us/trackers/most-important-issues-facing-the-us
2025-11-24,rep,Taxes and government spending,0.13,443.0,single_list,YouGov/Economist,https://yougov.com/en-us/trackers/most-important-issues-facing-the-us
2025-11-24,rep,Terrorism,0.0,443.0,single_list,YouGov/Economist,https://yougov.com/en-us/trackers/most-important-issues-facing-the-us
2025-11-24,rep,The budget deficit,0.0,443.0,single_list,YouGov/Economist,https://yougov.com/en-us/trackers/most-important-issues-facing-the-us
2025-11-24,rep,The war in Afghanistan,0.0,443.0,single_list,YouGov/Economist,https://yougov.com/en-us/trackers/most-important-issues-facing-the-us
2025-11-24,rep,Inflation/prices,0.25,443.0,single_list,YouGov/Economist,https://yougov.com/en-us/trackers/most-important-issues-facing-the-us
2025-12-01,rep,Abortion,0.05,415.0,single_list,YouGov/Economist,https://yougov.com/en-us/trackers/most-important-issues-facing-the-us
2025-12-01,rep,Civil rights and civil liberties,0.01,415.0,single_list,YouGov/Economist,https://yougov.com/en-us/trackers/most-important-issues-facing-the-us
2025-12-01,rep,Climate change and the environment,0.01,415.0,single_list,YouGov/Economist,https://yougov.com/en-us/trackers/most-important-issues-facing-the-us
2025-12-01,rep,Crime and criminal justice reform,0.07,415.0,single_list,YouGov/Economist,https://yougov.com/en-us/trackers/most-important-issues-facing-the-us
2025-12-01,rep,Education,0.02,415.0,single_list,YouGov/Economist,https://yougov.com/en-us/trackers/most-important-issues-facing-the-us
2025-12-01,rep,Gay rights,0.0,415.0,single_list,YouGov/Economist,https://yougov.com/en-us/trackers/most-important-issues-facing-the-us
2025-12-01,rep,Gun control,0.03,415.0,single_list,YouGov/Economist,https://yougov.com/en-us/trackers/most-important-issues-facing-the-us
2025-12-01,rep,Health care,0.07,415.0,single_list,YouGov/Economist,https://yougov.com/en-us/trackers/most-important-issues-facing-the-us
2025-12-01,rep,Immigration,0.18,415.0,single_list,YouGov/Economist,https://yougov.com/en-us/trackers/most-important-issues-facing-the-us
2025-12-01,rep,Jobs and the economy,0.14,415.0,single_list,YouGov/Economist,https://yougov.com/en-us/trackers/most-important-issues-facing-the-us
2025-12-01,rep,Medicare,0.0,415.0,single_list,YouGov/Economist,https://yougov.com/en-us/trackers/most-important-issues-facing-the-us
2025-12-01,rep,National Security and foreign policy,0.1,415.0,single_list,YouGov/Economist,https://yougov.com/en-us/trackers/most-important-issues-facing-the-us
2025-12-01,rep,Social security,0.0,415.0,single_list,YouGov/Economist,https://yougov.com/en-us/trackers/most-important-issues-facing-the-us
2025-12-01,rep,Taxes and government spending,0.09,415.0,single_list,YouGov/Economist,https://yougov.com/en-us/trackers/most-important-issues-facing-the-us
2025-12-01,rep,Terrorism,0.0,415.0,single_list,YouGov/Economist,https://yougov.com/en-us/trackers/most-important-issues-facing-the-us
2025-12-01,rep,The budget deficit,0.0,415.0,single_list,YouGov/Economist,https://yougov.com/en-us/trackers/most-important-issues-facing-the-us
2025-12-01,rep,The war in Afghanistan,0.0,415.0,single_list,YouGov/Economist,https://yougov.com/en-us/trackers/most-important-issues-facing-the-us
2025-12-01,rep,Inflation/prices,0.24,415.0,single_list,YouGov/Economist,https://yougov.com/en-us/trackers/most-important-issues-facing-the-us
2025-12-08,rep,Abortion,0.02,379.0,single_list,YouGov/Economist,https://yougov.com/en-us/trackers/most-important-issues-facing-the-us
2025-12-08,rep,Civil rights and civil liberties,0.01,379.0,single_list,YouGov/Economist,https://yougov.com/en-us/trackers/most-important-issues-facing-the-us
2025-12-08,rep,Climate change and the environment,0.02,379.0,single_list,YouGov/Economist,https://yougov.com/en-us/trackers/most-important-issues-facing-the-us
2025-12-08,rep,Crime and criminal justice reform,0.06,379.0,single_list,YouGov/Economist,https://yougov.com/en-us/trackers/most-important-issues-facing-the-us
2025-12-08,rep,Education,0.02,379.0,single_list,YouGov/Economist,https://yougov.com/en-us/trackers/most-important-issues-facing-the-us
2025-12-08,rep,Gay rights,0.0,379.0,single_list,YouGov/Economist,https://yougov.com/en-us/trackers/most-important-issues-facing-the-us
2025-12-08,rep,Gun control,0.01,379.0,single_list,YouGov/Economist,https://yougov.com/en-us/trackers/most-important-issues-facing-the-us
2025-12-08,rep,Health care,0.06,379.0,single_list,YouGov/Economist,https://yougov.com/en-us/trackers/most-important-issues-facing-the-us
2025-12-08,rep,Immigration,0.16,379.0,single_list,YouGov/Economist,https://yougov.com/en-us/trackers/most-important-issues-facing-the-us
2025-12-08,rep,Jobs and the economy,0.14,379.0,single_list,YouGov/Economist,https://yougov.com/en-us/trackers/most-important-issues-facing-the-us
2025-12-08,rep,Medicare,0.0,379.0,single_list,YouGov/Economist,https://yougov.com/en-us/trackers/most-important-issues-facing-the-us
2025-12-08,rep,National Security and foreign policy,0.09,379.0,single_list,YouGov/Economist,https://yougov.com/en-us/trackers/most-important-issues-facing-the-us
2025-12-08,rep,Social security,0.0,379.0,single_list,YouGov/Economist,https://yougov.com/en-us/trackers/most-important-issues-facing-the-us
2025-12-08,rep,Taxes and government spending,0.09,379.0,single_list,YouGov/Economist,https://yougov.com/en-us/trackers/most-important-issues-facing-the-us
2025-12-08,rep,Terrorism,0.0,379.0,single_list,YouGov/Economist,https://yougov.com/en-us/trackers/most-important-issues-facing-the-us
2025-12-08,rep,The budget deficit,0.0,379.0,single_list,YouGov/Economist,https://yougov.com/en-us/trackers/most-important-issues-facing-the-us
2025-12-08,rep,The war in Afghanistan,0.0,379.0,single_list,YouGov/Economist,https://yougov.com/en-us/trackers/most-important-issues-facing-the-us
2025-12-08,rep,Inflation/prices,0.32,379.0,single_list,YouGov/Economist,https://yougov.com/en-us/trackers/most-important-issues-facing-the-us
2025-12-15,rep,Abortion,0.05,410.0,single_list,YouGov/Economist,https://yougov.com/en-us/trackers/most-important-issues-facing-the-us
2025-12-15,rep,Civil rights and civil liberties,0.03,410.0,single_list,YouGov/Economist,https://yougov.com/en-us/trackers/most-important-issues-facing-the-us
2025-12-15,rep,Climate change and the environment,0.0,410.0,single_list,YouGov/Economist,https://yougov.com/en-us/trackers/most-important-issues-facing-the-us
2025-12-15,rep,Crime and criminal justice reform,0.06,410.0,single_list,YouGov/Economist,https://yougov.com/en-us/trackers/most-important-issues-facing-the-us
2025-12-15,rep,Education,0.03,410.0,single_list,YouGov/Economist,https://yougov.com/en-us/trackers/most-important-issues-facing-the-us
2025-12-15,rep,Gay rights,0.0,410.0,single_list,YouGov/Economist,https://yougov.com/en-us/trackers/most-important-issues-facing-the-us
2025-12-15,rep,Gun control,0.02,410.0,single_list,YouGov/Economist,https://yougov.com/en-us/trackers/most-important-issues-facing-the-us
2025-12-15,rep,Health care,0.08,410.0,single_list,YouGov/Economist,https://yougov.com/en-us/trackers/most-important-issues-facing-the-us
2025-12-15,rep,Immigration,0.19,410.0,single_list,YouGov/Economist,https://yougov.com/en-us/trackers/most-important-issues-facing-the-us
2025-12-15,rep,Jobs and the economy,0.11,410.0,single_list,YouGov/Economist,https://yougov.com/en-us/trackers/most-important-issues-facing-the-us
2025-12-15,rep,Medicare,0.0,410.0,single_list,YouGov/Economist,https://yougov.com/en-us/trackers/most-important-issues-facing-the-us
2025-12-15,rep,National Security and foreign policy,0.1,410.0,single_list,YouGov/Economist,https://yougov.com/en-us/trackers/most-important-issues-facing-the-us
2025-12-15,rep,Social security,0.0,410.0,single_list,YouGov/Economist,https://yougov.com/en-us/trackers/most-important-issues-facing-the-us
2025-12-15,rep,Taxes and government spending,0.09,410.0,single_list,YouGov/Economist,https://yougov.com/en-us/trackers/most-important-issues-facing-the-us
2025-12-15,rep,Terrorism,0.0,410.0,single_list,YouGov/Economist,https://yougov.com/en-us/trackers/most-important-issues-facing-the-us
2025-12-15,rep,The budget deficit,0.0,410.0,single_list,YouGov/Economist,https://yougov.com/en-us/trackers/most-important-issues-facing-the-us
2025-12-15,rep,The war in Afghanistan,0.0,410.0,single_list,YouGov/Economist,https://yougov.com/en-us/trackers/most-important-issues-facing-the-us
2025-12-15,rep,Inflation/prices,0.23,410.0,single_list,YouGov/Economist,https://yougov.com/en-us/trackers/most-important-issues-facing-the-us
2025-12-22,rep,Abortion,0.03,406.0,single_list,YouGov/Economist,https://yougov.com/en-us/trackers/most-important-issues-facing-the-us
2025-12-22,rep,Civil rights and civil liberties,0.02,406.0,single_list,YouGov/Economist,https://yougov.com/en-us/trackers/most-important-issues-facing-the-us
2025-12-22,rep,Climate change and the environment,0.01,406.0,single_list,YouGov/Economist,https://yougov.com/en-us/trackers/most-important-issues-facing-the-us
2025-12-22,rep,Crime and criminal justice reform,0.08,406.0,single_list,YouGov/Economist,https://yougov.com/en-us/trackers/most-important-issues-facing-the-us
2025-12-22,rep,Education,0.01,406.0,single_list,YouGov/Economist,https://yougov.com/en-us/trackers/most-important-issues-facing-the-us
2025-12-22,rep,Gay rights,0.0,406.0,single_list,YouGov/Economist,https://yougov.com/en-us/trackers/most-important-issues-facing-the-us
2025-12-22,rep,Gun control,0.02,406.0,single_list,YouGov/Economist,https://yougov.com/en-us/trackers/most-important-issues-facing-the-us
2025-12-22,rep,Health care,0.05,406.0,single_list,YouGov/Economist,https://yougov.com/en-us/trackers/most-important-issues-facing-the-us
2025-12-22,rep,Immigration,0.19,406.0,single_list,YouGov/Economist,https://yougov.com/en-us/trackers/most-important-issues-facing-the-us
2025-12-22,rep,Jobs and the economy,0.15,406.0,single_list,YouGov/Economist,https://yougov.com/en-us/trackers/most-important-issues-facing-the-us
2025-12-22,rep,Medicare,0.0,406.0,single_list,YouGov/Economist,https://yougov.com/en-us/trackers/most-important-issues-facing-the-us
2025-12-22,rep,National Security and foreign policy,0.1,406.0,single_list,YouGov/Economist,https://yougov.com/en-us/trackers/most-important-issues-facing-the-us
2025-12-22,rep,Social security,0.0,406.0,single_list,YouGov/Economist,https://yougov.com/en-us/trackers/most-important-issues-facing-the-us
2025-12-22,rep,Taxes and government spending,0.1,406.0,single_list,YouGov/Economist,https://yougov.com/en-us/trackers/most-important-issues-facing-the-us
2025-12-22,rep,Terrorism,0.0,406.0,single_list,YouGov/Economist,https://yougov.com/en-us/trackers/most-important-issues-facing-the-us
2025-12-22,rep,The budget deficit,0.0,406.0,single_list,YouGov/Economist,https://yougov.com/en-us/trackers/most-important-issues-facing-the-us
2025-12-22,rep,The war in Afghanistan,0.0,406.0,single_list,YouGov/Economist,https://yougov.com/en-us/trackers/most-important-issues-facing-the-us
2025-12-22,rep,Inflation/prices,0.25,406.0,single_list,YouGov/Economist,https://yougov.com/en-us/trackers/most-important-issues-facing-the-us
2026-01-05,rep,Abortion,0.05,402.0,single_list,YouGov/Economist,https://yougov.com/en-us/trackers/most-important-issues-facing-the-us
2026-01-05,rep,Civil rights and civil liberties,0.02,402.0,single_list,YouGov/Economist,https://yougov.com/en-us/trackers/most-important-issues-facing-the-us
2026-01-05,rep,Climate change and the environment,0.01,402.0,single_list,YouGov/Economist,https://yougov.com/en-us/trackers/most-important-issues-facing-the-us
2026-01-05,rep,Crime and criminal justice reform,0.06,402.0,single_list,YouGov/Economist,https://yougov.com/en-us/trackers/most-important-issues-facing-the-us
2026-01-05,rep,Education,0.02,402.0,single_list,YouGov/Economist,https://yougov.com/en-us/trackers/most-important-issues-facing-the-us
2026-01-05,rep,Gay rights,0.0,402.0,single_list,YouGov/Economist,https://yougov.com/en-us/trackers/most-important-issues-facing-the-us
2026-01-05,rep,Gun control,0.01,402.0,single_list,YouGov/Economist,https://yougov.com/en-us/trackers/most-important-issues-facing-the-us
2026-01-05,rep,Health care,0.08,402.0,single_list,YouGov/Economist,https://yougov.com/en-us/trackers/most-important-issues-facing-the-us
2026-01-05,rep,Immigration,0.19,402.0,single_list,YouGov/Economist,https://yougov.com/en-us/trackers/most-important-issues-facing-the-us
2026-01-05,rep,Jobs and the economy,0.08,402.0,single_list,YouGov/Economist,https://yougov.com/en-us/trackers/most-important-issues-facing-the-us
2026-01-05,rep,Medicare,0.0,402.0,single_list,YouGov/Economist,https://yougov.com/en-us/trackers/most-important-issues-facing-the-us
2026-01-05,rep,National Security and foreign policy,0.11,402.0,single_list,YouGov/Economist,https://yougov.com/en-us/trackers/most-important-issues-facing-the-us
2026-01-05,rep,Social security,0.0,402.0,single_list,YouGov/Economist,https://yougov.com/en-us/trackers/most-important-issues-facing-the-us
2026-01-05,rep,Taxes and government spending,0.1,402.0,single_list,YouGov/Economist,https://yougov.com/en-us/trackers/most-important-issues-facing-the-us
2026-01-05,rep,Terrorism,0.0,402.0,single_list,YouGov/Economist,https://yougov.com/en-us/trackers/most-important-issues-facing-the-us
2026-01-05,rep,The budget deficit,0.0,402.0,single_list,YouGov/Economist,https://yougov.com/en-us/trackers/most-important-issues-facing-the-us
2026-01-05,rep,The war in Afghanistan,0.0,402.0,single_list,YouGov/Economist,https://yougov.com/en-us/trackers/most-important-issues-facing-the-us
2026-01-05,rep,Inflation/prices,0.27,402.0,single_list,YouGov/Economist,https://yougov.com/en-us/trackers/most-important-issues-facing-the-us
2026-01-12,rep,Abortion,0.03,407.0,single_list,YouGov/Economist,https://yougov.com/en-us/trackers/most-important-issues-facing-the-us
2026-01-12,rep,Civil rights and civil liberties,0.01,407.0,single_list,YouGov/Economist,https://yougov.com/en-us/trackers/most-important-issues-facing-the-us
2026-01-12,rep,Climate change and the environment,0.01,407.0,single_list,YouGov/Economist,https://yougov.com/en-us/trackers/most-important-issues-facing-the-us
2026-01-12,rep,Crime and criminal justice reform,0.07,407.0,single_list,YouGov/Economist,https://yougov.com/en-us/trackers/most-important-issues-facing-the-us
2026-01-12,rep,Education,0.02,407.0,single_list,YouGov/Economist,https://yougov.com/en-us/trackers/most-important-issues-facing-the-us
2026-01-12,rep,Gay rights,0.0,407.0,single_list,YouGov/Economist,https://yougov.com/en-us/trackers/most-important-issues-facing-the-us
2026-01-12,rep,Gun control,0.01,407.0,single_list,YouGov/Economist,https://yougov.com/en-us/trackers/most-important-issues-facing-the-us
2026-01-12,rep,Health care,0.07,407.0,single_list,YouGov/Economist,https://yougov.com/en-us/trackers/most-important-issues-facing-the-us
2026-01-12,rep,Immigration,0.15,407.0,single_list,YouGov/Economist,https://yougov.com/en-us/trackers/most-important-issues-facing-the-us
2026-01-12,rep,Jobs and the economy,0.11,407.0,single_list,YouGov/Economist,https://yougov.com/en-us/trackers/most-important-issues-facing-the-us
2026-01-12,rep,Medicare,0.0,407.0,single_list,YouGov/Economist,https://yougov.com/en-us/trackers/most-important-issues-facing-the-us
2026-01-12,rep,National Security and foreign policy,0.12,407.0,single_list,YouGov/Economist,https://yougov.com/en-us/trackers/most-important-issues-facing-the-us
2026-01-12,rep,Social security,0.0,407.0,single_list,YouGov/Economist,https://yougov.com/en-us/trackers/most-important-issues-facing-the-us
2026-01-12,rep,Taxes and government spending,0.15,407.0,single_list,YouGov/Economist,https://yougov.com/en-us/trackers/most-important-issues-facing-the-us
2026-01-12,rep,Terrorism,0.0,407.0,single_list,YouGov/Economist,https://yougov.com/en-us/trackers/most-important-issues-facing-the-us
2026-01-12,rep,The budget deficit,0.0,407.0,single_list,YouGov/Economist,https://yougov.com/en-us/trackers/most-important-issues-facing-the-us
2026-01-12,rep,The war in Afghanistan,0.0,407.0,single_list,YouGov/Economist,https://yougov.com/en-us/trackers/most-important-issues-facing-the-us
2026-01-12,rep,Inflation/prices,0.26,407.0,single_list,YouGov/Economist,https://yougov.com/en-us/trackers/most-important-issues-facing-the-us
2026-01-19,rep,Abortion,0.05,450.0,single_list,YouGov/Economist,https://yougov.com/en-us/trackers/most-important-issues-facing-the-us
2026-01-19,rep,Civil rights and civil liberties,0.0,450.0,single_list,YouGov/Economist,https://yougov.com/en-us/trackers/most-important-issues-facing-the-us
2026-01-19,rep,Climate change and the environment,0.01,450.0,single_list,YouGov/Economist,https://yougov.com/en-us/trackers/most-important-issues-facing-the-us
2026-01-19,rep,Crime and criminal justice reform,0.06,450.0,single_list,YouGov/Economist,https://yougov.com/en-us/trackers/most-important-issues-facing-the-us
2026-01-19,rep,Education,0.01,450.0,single_list,YouGov/Economist,https://yougov.com/en-us/trackers/most-important-issues-facing-the-us
2026-01-19,rep,Gay rights,0.0,450.0,single_list,YouGov/Economist,https://yougov.com/en-us/trackers/most-important-issues-facing-the-us
2026-01-19,rep,Gun control,0.02,450.0,single_list,YouGov/Economist,https://yougov.com/en-us/trackers/most-important-issues-facing-the-us
2026-01-19,rep,Health care,0.06,450.0,single_list,YouGov/Economist,https://yougov.com/en-us/trackers/most-important-issues-facing-the-us
2026-01-19,rep,Immigration,0.25,450.0,single_list,YouGov/Economist,https://yougov.com/en-us/trackers/most-important-issues-facing-the-us
2026-01-19,rep,Jobs and the economy,0.13,450.0,single_list,YouGov/Economist,https://yougov.com/en-us/trackers/most-important-issues-facing-the-us
2026-01-19,rep,Medicare,0.0,450.0,single_list,YouGov/Economist,https://yougov.com/en-us/trackers/most-important-issues-facing-the-us
2026-01-19,rep,National Security and foreign policy,0.11,450.0,single_list,YouGov/Economist,https://yougov.com/en-us/trackers/most-important-issues-facing-the-us
2026-01-19,rep,Social security,0.0,450.0,single_list,YouGov/Economist,https://yougov.com/en-us/trackers/most-important-issues-facing-the-us
2026-01-19,rep,Taxes and government spending,0.1,450.0,single_list,YouGov/Economist,https://yougov.com/en-us/trackers/most-important-issues-facing-the-us
2026-01-19,rep,Terrorism,0.0,450.0,single_list,YouGov/Economist,https://yougov.com/en-us/trackers/most-important-issues-facing-the-us
2026-01-19,rep,The budget deficit,0.0,450.0,single_list,YouGov/Economist,https://yougov.com/en-us/trackers/most-important-issues-facing-the-us
2026-01-19,rep,The war in Afghanistan,0.0,450.0,single_list,YouGov/Economist,https://yougov.com/en-us/trackers/most-important-issues-facing-the-us
2026-01-19,rep,Inflation/prices,0.2,450.0,single_list,YouGov/Economist,https://yougov.com/en-us/trackers/most-important-issues-facing-the-us
2026-01-26,rep,Abortion,0.04,417.0,single_list,YouGov/Economist,https://yougov.com/en-us/trackers/most-important-issues-facing-the-us
2026-01-26,rep,Civil rights and civil liberties,0.01,417.0,single_list,YouGov/Economist,https://yougov.com/en-us/trackers/most-important-issues-facing-the-us
2026-01-26,rep,Climate change and the environment,0.02,417.0,single_list,YouGov/Economist,https://yougov.com/en-us/trackers/most-important-issues-facing-the-us
2026-01-26,rep,Crime and criminal justice reform,0.05,417.0,single_list,YouGov/Economist,https://yougov.com/en-us/trackers/most-important-issues-facing-the-us
2026-01-26,rep,Education,0.01,417.0,single_list,YouGov/Economist,https://yougov.com/en-us/trackers/most-important-issues-facing-the-us
2026-01-26,rep,Gay rights,0.0,417.0,single_list,YouGov/Economist,https://yougov.com/en-us/trackers/most-important-issues-facing-the-us
2026-01-26,rep,Gun control,0.02,417.0,single_list,YouGov/Economist,https://yougov.com/en-us/trackers/most-important-issues-facing-the-us
2026-01-26,rep,Health care,0.07,417.0,single_list,YouGov/Economist,https://yougov.com/en-us/trackers/most-important-issues-facing-the-us
2026-01-26,rep,Immigration,0.17,417.0,single_list,YouGov/Economist,https://yougov.com/en-us/trackers/most-important-issues-facing-the-us
2026-01-26,rep,Jobs and the economy,0.13,417.0,single_list,YouGov/Economist,https://yougov.com/en-us/trackers/most-important-issues-facing-the-us
2026-01-26,rep,Medicare,0.0,417.0,single_list,YouGov/Economist,https://yougov.com/en-us/trackers/most-important-issues-facing-the-us
2026-01-26,rep,National Security and foreign policy,0.12,417.0,single_list,YouGov/Economist,https://yougov.com/en-us/trackers/most-important-issues-facing-the-us
2026-01-26,rep,Social security,0.0,417.0,single_list,YouGov/Economist,https://yougov.com/en-us/trackers/most-important-issues-facing-the-us
2026-01-26,rep,Taxes and government spending,0.14,417.0,single_list,YouGov/Economist,https://yougov.com/en-us/trackers/most-important-issues-facing-the-us
2026-01-26,rep,Terrorism,0.0,417.0,single_list,YouGov/Economist,https://yougov.com/en-us/trackers/most-important-issues-facing-the-us
2026-01-26,rep,The budget deficit,0.0,417.0,single_list,YouGov/Economist,https://yougov.com/en-us/trackers/most-important-issues-facing-the-us
2026-01-26,rep,The war in Afghanistan,0.0,417.0,single_list,YouGov/Economist,https://yougov.com/en-us/trackers/most-important-issues-facing-the-us
2026-01-26,rep,Inflation/prices,0.23,417.0,single_list,YouGov/Economist,https://yougov.com/en-us/trackers/most-important-issues-facing-the-us
2026-02-02,rep,Abortion,0.03,428.0,single_list,YouGov/Economist,https://yougov.com/en-us/trackers/most-important-issues-facing-the-us
2026-02-02,rep,Civil rights and civil liberties,0.02,428.0,single_list,YouGov/Economist,https://yougov.com/en-us/trackers/most-important-issues-facing-the-us
2026-02-02,rep,Climate change and the environment,0.0,428.0,single_list,YouGov/Economist,https://yougov.com/en-us/trackers/most-important-issues-facing-the-us
2026-02-02,rep,Crime and criminal justice reform,0.09,428.0,single_list,YouGov/Economist,https://yougov.com/en-us/trackers/most-important-issues-facing-the-us
2026-02-02,rep,Education,0.02,428.0,single_list,YouGov/Economist,https://yougov.com/en-us/trackers/most-important-issues-facing-the-us
2026-02-02,rep,Gay rights,0.0,428.0,single_list,YouGov/Economist,https://yougov.com/en-us/trackers/most-important-issues-facing-the-us
2026-02-02,rep,Gun control,0.01,428.0,single_list,YouGov/Economist,https://yougov.com/en-us/trackers/most-important-issues-facing-the-us
2026-02-02,rep,Health care,0.07,428.0,single_list,YouGov/Economist,https://yougov.com/en-us/trackers/most-important-issues-facing-the-us
2026-02-02,rep,Immigration,0.18,428.0,single_list,YouGov/Economist,https://yougov.com/en-us/trackers/most-important-issues-facing-the-us
2026-02-02,rep,Jobs and the economy,0.12,428.0,single_list,YouGov/Economist,https://yougov.com/en-us/trackers/most-important-issues-facing-the-us
2026-02-02,rep,Medicare,0.0,428.0,single_list,YouGov/Economist,https://yougov.com/en-us/trackers/most-important-issues-facing-the-us
2026-02-02,rep,National Security and foreign policy,0.11,428.0,single_list,YouGov/Economist,https://yougov.com/en-us/trackers/most-important-issues-facing-the-us
2026-02-02,rep,Social security,0.0,428.0,single_list,YouGov/Economist,https://yougov.com/en-us/trackers/most-important-issues-facing-the-us
2026-02-02,rep,Taxes and government spending,0.09,428.0,single_list,YouGov/Economist,https://yougov.com/en-us/trackers/most-important-issues-facing-the-us
2026-02-02,rep,Terrorism,0.0,428.0,single_list,YouGov/Economist,https://yougov.com/en-us/trackers/most-important-issues-facing-the-us
2026-02-02,rep,The budget deficit,0.0,428.0,single_list,YouGov/Economist,https://yougov.com/en-us/trackers/most-important-issues-facing-the-us
2026-02-02,rep,The war in Afghanistan,0.0,428.0,single_list,YouGov/Economist,https://yougov.com/en-us/trackers/most-important-issues-facing-the-us
2026-02-02,rep,Inflation/prices,0.26,428.0,single_list,YouGov/Economist,https://yougov.com/en-us/trackers/most-important-issues-facing-the-us
2026-02-09,rep,Abortion,0.05,428.0,single_list,YouGov/Economist,https://yougov.com/en-us/trackers/most-important-issues-facing-the-us
2026-02-09,rep,Civil rights and civil liberties,0.02,428.0,single_list,YouGov/Economist,https://yougov.com/en-us/trackers/most-important-issues-facing-the-us
2026-02-09,rep,Climate change and the environment,0.01,428.0,single_list,YouGov/Economist,https://yougov.com/en-us/trackers/most-important-issues-facing-the-us
2026-02-09,rep,Crime and criminal justice reform,0.03,428.0,single_list,YouGov/Economist,https://yougov.com/en-us/trackers/most-important-issues-facing-the-us
2026-02-09,rep,Education,0.02,428.0,single_list,YouGov/Economist,https://yougov.com/en-us/trackers/most-important-issues-facing-the-us
2026-02-09,rep,Gay rights,0.0,428.0,single_list,YouGov/Economist,https://yougov.com/en-us/trackers/most-important-issues-facing-the-us
2026-02-09,rep,Gun control,0.02,428.0,single_list,YouGov/Economist,https://yougov.com/en-us/trackers/most-important-issues-facing-the-us
2026-02-09,rep,Health care,0.08,428.0,single_list,YouGov/Economist,https://yougov.com/en-us/trackers/most-important-issues-facing-the-us
2026-02-09,rep,Immigration,0.17,428.0,single_list,YouGov/Economist,https://yougov.com/en-us/trackers/most-important-issues-facing-the-us
2026-02-09,rep,Jobs and the economy,0.07,428.0,single_list,YouGov/Economist,https://yougov.com/en-us/trackers/most-important-issues-facing-the-us
2026-02-09,rep,Medicare,0.0,428.0,single_list,YouGov/Economist,https://yougov.com/en-us/trackers/most-important-issues-facing-the-us
2026-02-09,rep,National Security and foreign policy,0.11,428.0,single_list,YouGov/Economist,https://yougov.com/en-us/trackers/most-important-issues-facing-the-us
2026-02-09,rep,Social security,0.0,428.0,single_list,YouGov/Economist,https://yougov.com/en-us/trackers/most-important-issues-facing-the-us
2026-02-09,rep,Taxes and government spending,0.12,428.0,single_list,YouGov/Economist,https://yougov.com/en-us/trackers/most-important-issues-facing-the-us
2026-02-09,rep,Terrorism,0.0,428.0,single_list,YouGov/Economist,https://yougov.com/en-us/trackers/most-important-issues-facing-the-us
2026-02-09,rep,The budget deficit,0.0,428.0,single_list,YouGov/Economist,https://yougov.com/en-us/trackers/most-important-issues-facing-the-us
2026-02-09,rep,The war in Afghanistan,0.0,428.0,single_list,YouGov/Economist,https://yougov.com/en-us/trackers/most-important-issues-facing-the-us
2026-02-09,rep,Inflation/prices,0.31,428.0,single_list,YouGov/Economist,https://yougov.com/en-us/trackers/most-important-issues-facing-the-us
2026-02-16,rep,Abortion,0.04,453.0,single_list,YouGov/Economist,https://yougov.com/en-us/trackers/most-important-issues-facing-the-us
2026-02-16,rep,Civil rights and civil liberties,0.02,453.0,single_list,YouGov/Economist,https://yougov.com/en-us/trackers/most-important-issues-facing-the-us
2026-02-16,rep,Climate change and the environment,0.01,453.0,single_list,YouGov/Economist,https://yougov.com/en-us/trackers/most-important-issues-facing-the-us
2026-02-16,rep,Crime and criminal justice reform,0.05,453.0,single_list,YouGov/Economist,https://yougov.com/en-us/trackers/most-important-issues-facing-the-us
2026-02-16,rep,Education,0.02,453.0,single_list,YouGov/Economist,https://yougov.com/en-us/trackers/most-important-issues-facing-the-us
2026-02-16,rep,Gay rights,0.0,453.0,single_list,YouGov/Economist,https://yougov.com/en-us/trackers/most-important-issues-facing-the-us
2026-02-16,rep,Gun control,0.02,453.0,single_list,YouGov/Economist,https://yougov.com/en-us/trackers/most-important-issues-facing-the-us
2026-02-16,rep,Health care,0.07,453.0,single_list,YouGov/Economist,https://yougov.com/en-us/trackers/most-important-issues-facing-the-us
2026-02-16,rep,Immigration,0.18,453.0,single_list,YouGov/Economist,https://yougov.com/en-us/trackers/most-important-issues-facing-the-us
2026-02-16,rep,Jobs and the economy,0.14,453.0,single_list,YouGov/Economist,https://yougov.com/en-us/trackers/most-important-issues-facing-the-us
2026-02-16,rep,Medicare,0.0,453.0,single_list,YouGov/Economist,https://yougov.com/en-us/trackers/most-important-issues-facing-the-us
2026-02-16,rep,National Security and foreign policy,0.13,453.0,single_list,YouGov/Economist,https://yougov.com/en-us/trackers/most-important-issues-facing-the-us
2026-02-16,rep,Social security,0.0,453.0,single_list,YouGov/Economist,https://yougov.com/en-us/trackers/most-important-issues-facing-the-us
2026-02-16,rep,Taxes and government spending,0.12,453.0,single_list,YouGov/Economist,https://yougov.com/en-us/trackers/most-important-issues-facing-the-us
2026-02-16,rep,Terrorism,0.0,453.0,single_list,YouGov/Economist,https://yougov.com/en-us/trackers/most-important-issues-facing-the-us
2026-02-16,rep,The budget deficit,0.0,453.0,single_list,YouGov/Economist,https://yougov.com/en-us/trackers/most-important-issues-facing-the-us
2026-02-16,rep,The war in Afghanistan,0.0,453.0,single_list,YouGov/Economist,https://yougov.com/en-us/trackers/most-important-issues-facing-the-us
2026-02-16,rep,Inflation/prices,0.2,453.0,single_list,YouGov/Economist,https://yougov.com/en-us/trackers/most-important-issues-facing-the-us
2026-02-23,rep,Abortion,0.04,417.0,single_list,YouGov/Economist,https://yougov.com/en-us/trackers/most-important-issues-facing-the-us
2026-02-23,rep,Civil rights and civil liberties,0.02,417.0,single_list,YouGov/Economist,https://yougov.com/en-us/trackers/most-important-issues-facing-the-us
2026-02-23,rep,Climate change and the environment,0.03,417.0,single_list,YouGov/Economist,https://yougov.com/en-us/trackers/most-important-issues-facing-the-us
2026-02-23,rep,Crime and criminal justice reform,0.05,417.0,single_list,YouGov/Economist,https://yougov.com/en-us/trackers/most-important-issues-facing-the-us
2026-02-23,rep,Education,0.0,417.0,single_list,YouGov/Economist,https://yougov.com/en-us/trackers/most-important-issues-facing-the-us
2026-02-23,rep,Gay rights,0.0,417.0,single_list,YouGov/Economist,https://yougov.com/en-us/trackers/most-important-issues-facing-the-us
2026-02-23,rep,Gun control,0.01,417.0,single_list,YouGov/Economist,https://yougov.com/en-us/trackers/most-important-issues-facing-the-us
2026-02-23,rep,Health care,0.06,417.0,single_list,YouGov/Economist,https://yougov.com/en-us/trackers/most-important-issues-facing-the-us
2026-02-23,rep,Immigration,0.19,417.0,single_list,YouGov/Economist,https://yougov.com/en-us/trackers/most-important-issues-facing-the-us
2026-02-23,rep,Jobs and the economy,0.17,417.0,single_list,YouGov/Economist,https://yougov.com/en-us/trackers/most-important-issues-facing-the-us
2026-02-23,rep,Medicare,0.0,417.0,single_list,YouGov/Economist,https://yougov.com/en-us/trackers/most-important-issues-facing-the-us
2026-02-23,rep,National Security and foreign policy,0.15,417.0,single_list,YouGov/Economist,https://yougov.com/en-us/trackers/most-important-issues-facing-the-us
2026-02-23,rep,Social security,0.0,417.0,single_list,YouGov/Economist,https://yougov.com/en-us/trackers/most-important-issues-facing-the-us
2026-02-23,rep,Taxes and government spending,0.07,417.0,single_list,YouGov/Economist,https://yougov.com/en-us/trackers/most-important-issues-facing-the-us
2026-02-23,rep,Terrorism,0.0,417.0,single_list,YouGov/Economist,https://yougov.com/en-us/trackers/most-important-issues-facing-the-us
2026-02-23,rep,The budget deficit,0.0,417.0,single_list,YouGov/Economist,https://yougov.com/en-us/trackers/most-important-issues-facing-the-us
2026-02-23,rep,The war in Afghanistan,0.0,417.0,single_list,YouGov/Economist,https://yougov.com/en-us/trackers/most-important-issues-facing-the-us
2026-02-23,rep,Inflation/prices,0.21,417.0,single_list,YouGov/Economist,https://yougov.com/en-us/trackers/most-important-issues-facing-the-us
2026-03-02,rep,Abortion,0.04,414.0,single_list,YouGov/Economist,https://yougov.com/en-us/trackers/most-important-issues-facing-the-us
2026-03-02,rep,Civil rights and civil liberties,0.01,414.0,single_list,YouGov/Economist,https://yougov.com/en-us/trackers/most-important-issues-facing-the-us
2026-03-02,rep,Climate change and the environment,0.02,414.0,single_list,YouGov/Economist,https://yougov.com/en-us/trackers/most-important-issues-facing-the-us
2026-03-02,rep,Crime and criminal justice reform,0.08,414.0,single_list,YouGov/Economist,https://yougov.com/en-us/trackers/most-important-issues-facing-the-us
2026-03-02,rep,Education,0.01,414.0,single_list,YouGov/Economist,https://yougov.com/en-us/trackers/most-important-issues-facing-the-us
2026-03-02,rep,Gay rights,0.0,414.0,single_list,YouGov/Economist,https://yougov.com/en-us/trackers/most-important-issues-facing-the-us
2026-03-02,rep,Gun control,0.01,414.0,single_list,YouGov/Economist,https://yougov.com/en-us/trackers/most-important-issues-facing-the-us
2026-03-02,rep,Health care,0.06,414.0,single_list,YouGov/Economist,https://yougov.com/en-us/trackers/most-important-issues-facing-the-us
2026-03-02,rep,Immigration,0.17,414.0,single_list,YouGov/Economist,https://yougov.com/en-us/trackers/most-important-issues-facing-the-us
2026-03-02,rep,Jobs and the economy,0.14,414.0,single_list,YouGov/Economist,https://yougov.com/en-us/trackers/most-important-issues-facing-the-us
2026-03-02,rep,Medicare,0.0,414.0,single_list,YouGov/Economist,https://yougov.com/en-us/trackers/most-important-issues-facing-the-us
2026-03-02,rep,National Security and foreign policy,0.11,414.0,single_list,YouGov/Economist,https://yougov.com/en-us/trackers/most-important-issues-facing-the-us
2026-03-02,rep,Social security,0.0,414.0,single_list,YouGov/Economist,https://yougov.com/en-us/trackers/most-important-issues-facing-the-us
2026-03-02,rep,Taxes and government spending,0.12,414.0,single_list,YouGov/Economist,https://yougov.com/en-us/trackers/most-important-issues-facing-the-us
2026-03-02,rep,Terrorism,0.0,414.0,single_list,YouGov/Economist,https://yougov.com/en-us/trackers/most-important-issues-facing-the-us
2026-03-02,rep,The budget deficit,0.0,414.0,single_list,YouGov/Economist,https://yougov.com/en-us/trackers/most-important-issues-facing-the-us
2026-03-02,rep,The war in Afghanistan,0.0,414.0,single_list,YouGov/Economist,https://yougov.com/en-us/trackers/most-important-issues-facing-the-us
2026-03-02,rep,Inflation/prices,0.23,414.0,single_list,YouGov/Economist,https://yougov.com/en-us/trackers/most-important-issues-facing-the-us
2026-03-09,rep,Abortion,0.06,420.0,single_list,YouGov/Economist,https://yougov.com/en-us/trackers/most-important-issues-facing-the-us
2026-03-09,rep,Civil rights and civil liberties,0.01,420.0,single_list,YouGov/Economist,https://yougov.com/en-us/trackers/most-important-issues-facing-the-us
2026-03-09,rep,Climate change and the environment,0.03,420.0,single_list,YouGov/Economist,https://yougov.com/en-us/trackers/most-important-issues-facing-the-us
2026-03-09,rep,Crime and criminal justice reform,0.04,420.0,single_list,YouGov/Economist,https://yougov.com/en-us/trackers/most-important-issues-facing-the-us
2026-03-09,rep,Education,0.02,420.0,single_list,YouGov/Economist,https://yougov.com/en-us/trackers/most-important-issues-facing-the-us
2026-03-09,rep,Gay rights,0.0,420.0,single_list,YouGov/Economist,https://yougov.com/en-us/trackers/most-important-issues-facing-the-us
2026-03-09,rep,Gun control,0.01,420.0,single_list,YouGov/Economist,https://yougov.com/en-us/trackers/most-important-issues-facing-the-us
2026-03-09,rep,Health care,0.09,420.0,single_list,YouGov/Economist,https://yougov.com/en-us/trackers/most-important-issues-facing-the-us
2026-03-09,rep,Immigration,0.16,420.0,single_list,YouGov/Economist,https://yougov.com/en-us/trackers/most-important-issues-facing-the-us
2026-03-09,rep,Jobs and the economy,0.14,420.0,single_list,YouGov/Economist,https://yougov.com/en-us/trackers/most-important-issues-facing-the-us
2026-03-09,rep,Medicare,0.0,420.0,single_list,YouGov/Economist,https://yougov.com/en-us/trackers/most-important-issues-facing-the-us
2026-03-09,rep,National Security and foreign policy,0.15,420.0,single_list,YouGov/Economist,https://yougov.com/en-us/trackers/most-important-issues-facing-the-us
2026-03-09,rep,Social security,0.0,420.0,single_list,YouGov/Economist,https://yougov.com/en-us/trackers/most-important-issues-facing-the-us
2026-03-09,rep,Taxes and government spending,0.12,420.0,single_list,YouGov/Economist,https://yougov.com/en-us/trackers/most-important-issues-facing-the-us
2026-03-09,rep,Terrorism,0.0,420.0,single_list,YouGov/Economist,https://yougov.com/en-us/trackers/most-important-issues-facing-the-us
2026-03-09,rep,The budget deficit,0.0,420.0,single_list,YouGov/Economist,https://yougov.com/en-us/trackers/most-important-issues-facing-the-us
2026-03-09,rep,The war in Afghanistan,0.0,420.0,single_list,YouGov/Economist,https://yougov.com/en-us/trackers/most-important-issues-facing-the-us
2026-03-09,rep,Inflation/prices,0.18,420.0,single_list,YouGov/Economist,https://yougov.com/en-us/trackers/most-important-issues-facing-the-us
2026-03-16,rep,Abortion,0.04,409.0,single_list,YouGov/Economist,https://yougov.com/en-us/trackers/most-important-issues-facing-the-us
2026-03-16,rep,Civil rights and civil liberties,0.01,409.0,single_list,YouGov/Economist,https://yougov.com/en-us/trackers/most-important-issues-facing-the-us
2026-03-16,rep,Climate change and the environment,0.02,409.0,single_list,YouGov/Economist,https://yougov.com/en-us/trackers/most-important-issues-facing-the-us
2026-03-16,rep,Crime and criminal justice reform,0.04,409.0,single_list,YouGov/Economist,https://yougov.com/en-us/trackers/most-important-issues-facing-the-us
2026-03-16,rep,Education,0.02,409.0,single_list,YouGov/Economist,https://yougov.com/en-us/trackers/most-important-issues-facing-the-us
2026-03-16,rep,Gay rights,0.0,409.0,single_list,YouGov/Economist,https://yougov.com/en-us/trackers/most-important-issues-facing-the-us
2026-03-16,rep,Gun control,0.02,409.0,single_list,YouGov/Economist,https://yougov.com/en-us/trackers/most-important-issues-facing-the-us
2026-03-16,rep,Health care,0.06,409.0,single_list,YouGov/Economist,https://yougov.com/en-us/trackers/most-important-issues-facing-the-us
2026-03-16,rep,Immigration,0.16,409.0,single_list,YouGov/Economist,https://yougov.com/en-us/trackers/most-important-issues-facing-the-us
2026-03-16,rep,Jobs and the economy,0.11,409.0,single_list,YouGov/Economist,https://yougov.com/en-us/trackers/most-important-issues-facing-the-us
2026-03-16,rep,Medicare,0.0,409.0,single_list,YouGov/Economist,https://yougov.com/en-us/trackers/most-important-issues-facing-the-us
2026-03-16,rep,National Security and foreign policy,0.13,409.0,single_list,YouGov/Economist,https://yougov.com/en-us/trackers/most-important-issues-facing-the-us
2026-03-16,rep,Social security,0.0,409.0,single_list,YouGov/Economist,https://yougov.com/en-us/trackers/most-important-issues-facing-the-us
2026-03-16,rep,Taxes and government spending,0.14,409.0,single_list,YouGov/Economist,https://yougov.com/en-us/trackers/most-important-issues-facing-the-us
2026-03-16,rep,Terrorism,0.0,409.0,single_list,YouGov/Economist,https://yougov.com/en-us/trackers/most-important-issues-facing-the-us
2026-03-16,rep,The budget deficit,0.0,409.0,single_list,YouGov/Economist,https://yougov.com/en-us/trackers/most-important-issues-facing-the-us
2026-03-16,rep,The war in Afghanistan,0.0,409.0,single_list,YouGov/Economist,https://yougov.com/en-us/trackers/most-important-issues-facing-the-us
2026-03-16,rep,Inflation/prices,0.24,409.0,single_list,YouGov/Economist,https://yougov.com/en-us/trackers/most-important-issues-facing-the-us
2026-03-23,rep,Abortion,0.05,433.0,single_list,YouGov/Economist,https://yougov.com/en-us/trackers/most-important-issues-facing-the-us
2026-03-23,rep,Civil rights and civil liberties,0.02,433.0,single_list,YouGov/Economist,https://yougov.com/en-us/trackers/most-important-issues-facing-the-us
2026-03-23,rep,Climate change and the environment,0.01,433.0,single_list,YouGov/Economist,https://yougov.com/en-us/trackers/most-important-issues-facing-the-us
2026-03-23,rep,Crime and criminal justice reform,0.04,433.0,single_list,YouGov/Economist,https://yougov.com/en-us/trackers/most-important-issues-facing-the-us
2026-03-23,rep,Education,0.01,433.0,single_list,YouGov/Economist,https://yougov.com/en-us/trackers/most-important-issues-facing-the-us
2026-03-23,rep,Gay rights,0.0,433.0,single_list,YouGov/Economist,https://yougov.com/en-us/trackers/most-important-issues-facing-the-us
2026-03-23,rep,Gun control,0.01,433.0,single_list,YouGov/Economist,https://yougov.com/en-us/trackers/most-important-issues-facing-the-us
2026-03-23,rep,Health care,0.08,433.0,single_list,YouGov/Economist,https://yougov.com/en-us/trackers/most-important-issues-facing-the-us
2026-03-23,rep,Immigration,0.16,433.0,single_list,YouGov/Economist,https://yougov.com/en-us/trackers/most-important-issues-facing-the-us
2026-03-23,rep,Jobs and the economy,0.12,433.0,single_list,YouGov/Economist,https://yougov.com/en-us/trackers/most-important-issues-facing-the-us
2026-03-23,rep,Medicare,0.0,433.0,single_list,YouGov/Economist,https://yougov.com/en-us/trackers/most-important-issues-facing-the-us
2026-03-23,rep,National Security and foreign policy,0.17,433.0,single_list,YouGov/Economist,https://yougov.com/en-us/trackers/most-important-issues-facing-the-us
2026-03-23,rep,Social security,0.0,433.0,single_list,YouGov/Economist,https://yougov.com/en-us/trackers/most-important-issues-facing-the-us
2026-03-23,rep,Taxes and government spending,0.1,433.0,single_list,YouGov/Economist,https://yougov.com/en-us/trackers/most-important-issues-facing-the-us
2026-03-23,rep,Terrorism,0.0,433.0,single_list,YouGov/Economist,https://yougov.com/en-us/trackers/most-important-issues-facing-the-us
2026-03-23,rep,The budget deficit,0.0,433.0,single_list,YouGov/Economist,https://yougov.com/en-us/trackers/most-important-issues-facing-the-us
2026-03-23,rep,The war in Afghanistan,0.0,433.0,single_list,YouGov/Economist,https://yougov.com/en-us/trackers/most-important-issues-facing-the-us
2026-03-23,rep,Inflation/prices,0.23,433.0,single_list,YouGov/Economist,https://yougov.com/en-us/trackers/most-important-issues-facing-the-us
2026-03-30,rep,Abortion,0.05,453.0,single_list,YouGov/Economist,https://yougov.com/en-us/trackers/most-important-issues-facing-the-us
2026-03-30,rep,Civil rights and civil liberties,0.03,453.0,single_list,YouGov/Economist,https://yougov.com/en-us/trackers/most-important-issues-facing-the-us
2026-03-30,rep,Climate change and the environment,0.02,453.0,single_list,YouGov/Economist,https://yougov.com/en-us/trackers/most-important-issues-facing-the-us
2026-03-30,rep,Crime and criminal justice reform,0.06,453.0,single_list,YouGov/Economist,https://yougov.com/en-us/trackers/most-important-issues-facing-the-us
2026-03-30,rep,Education,0.02,453.0,single_list,YouGov/Economist,https://yougov.com/en-us/trackers/most-important-issues-facing-the-us
2026-03-30,rep,Gay rights,0.0,453.0,single_list,YouGov/Economist,https://yougov.com/en-us/trackers/most-important-issues-facing-the-us
2026-03-30,rep,Gun control,0.01,453.0,single_list,YouGov/Economist,https://yougov.com/en-us/trackers/most-important-issues-facing-the-us
2026-03-30,rep,Health care,0.06,453.0,single_list,YouGov/Economist,https://yougov.com/en-us/trackers/most-important-issues-facing-the-us
2026-03-30,rep,Immigration,0.15,453.0,single_list,YouGov/Economist,https://yougov.com/en-us/trackers/most-important-issues-facing-the-us
2026-03-30,rep,Jobs and the economy,0.16,453.0,single_list,YouGov/Economist,https://yougov.com/en-us/trackers/most-important-issues-facing-the-us
2026-03-30,rep,Medicare,0.0,453.0,single_list,YouGov/Economist,https://yougov.com/en-us/trackers/most-important-issues-facing-the-us
2026-03-30,rep,National Security and foreign policy,0.14,453.0,single_list,YouGov/Economist,https://yougov.com/en-us/trackers/most-important-issues-facing-the-us
2026-03-30,rep,Social security,0.0,453.0,single_list,YouGov/Economist,https://yougov.com/en-us/trackers/most-important-issues-facing-the-us
2026-03-30,rep,Taxes and government spending,0.08,453.0,single_list,YouGov/Economist,https://yougov.com/en-us/trackers/most-important-issues-facing-the-us
2026-03-30,rep,Terrorism,0.0,453.0,single_list,YouGov/Economist,https://yougov.com/en-us/trackers/most-important-issues-facing-the-us
2026-03-30,rep,The budget deficit,0.0,453.0,single_list,YouGov/Economist,https://yougov.com/en-us/trackers/most-important-issues-facing-the-us
2026-03-30,rep,The war in Afghanistan,0.0,453.0,single_list,YouGov/Economist,https://yougov.com/en-us/trackers/most-important-issues-facing-the-us
2026-03-30,rep,Inflation/prices,0.24,453.0,single_list,YouGov/Economist,https://yougov.com/en-us/trackers/most-important-issues-facing-the-us
2026-04-06,rep,Abortion,0.03,465.0,single_list,YouGov/Economist,https://yougov.com/en-us/trackers/most-important-issues-facing-the-us
2026-04-06,rep,Civil rights and civil liberties,0.01,465.0,single_list,YouGov/Economist,https://yougov.com/en-us/trackers/most-important-issues-facing-the-us
2026-04-06,rep,Climate change and the environment,0.02,465.0,single_list,YouGov/Economist,https://yougov.com/en-us/trackers/most-important-issues-facing-the-us
2026-04-06,rep,Crime and criminal justice reform,0.05,465.0,single_list,YouGov/Economist,https://yougov.com/en-us/trackers/most-important-issues-facing-the-us
2026-04-06,rep,Education,0.02,465.0,single_list,YouGov/Economist,https://yougov.com/en-us/trackers/most-important-issues-facing-the-us
2026-04-06,rep,Gay rights,0.0,465.0,single_list,YouGov/Economist,https://yougov.com/en-us/trackers/most-important-issues-facing-the-us
2026-04-06,rep,Gun control,0.0,465.0,single_list,YouGov/Economist,https://yougov.com/en-us/trackers/most-important-issues-facing-the-us
2026-04-06,rep,Health care,0.07,465.0,single_list,YouGov/Economist,https://yougov.com/en-us/trackers/most-important-issues-facing-the-us
2026-04-06,rep,Immigration,0.13,465.0,single_list,YouGov/Economist,https://yougov.com/en-us/trackers/most-important-issues-facing-the-us
2026-04-06,rep,Jobs and the economy,0.11,465.0,single_list,YouGov/Economist,https://yougov.com/en-us/trackers/most-important-issues-facing-the-us
2026-04-06,rep,Medicare,0.0,465.0,single_list,YouGov/Economist,https://yougov.com/en-us/trackers/most-important-issues-facing-the-us
2026-04-06,rep,National Security and foreign policy,0.08,465.0,single_list,YouGov/Economist,https://yougov.com/en-us/trackers/most-important-issues-facing-the-us
2026-04-06,rep,Social security,0.0,465.0,single_list,YouGov/Economist,https://yougov.com/en-us/trackers/most-important-issues-facing-the-us
2026-04-06,rep,Taxes and government spending,0.11,465.0,single_list,YouGov/Economist,https://yougov.com/en-us/trackers/most-important-issues-facing-the-us
2026-04-06,rep,Terrorism,0.0,465.0,single_list,YouGov/Economist,https://yougov.com/en-us/trackers/most-important-issues-facing-the-us
2026-04-06,rep,The budget deficit,0.0,465.0,single_list,YouGov/Economist,https://yougov.com/en-us/trackers/most-important-issues-facing-the-us
2026-04-06,rep,The war in Afghanistan,0.0,465.0,single_list,YouGov/Economist,https://yougov.com/en-us/trackers/most-important-issues-facing-the-us
2026-04-06,rep,Inflation/prices,0.36,465.0,single_list,YouGov/Economist,https://yougov.com/en-us/trackers/most-important-issues-facing-the-us
2026-04-13,rep,Abortion,0.03,465.0,single_list,YouGov/Economist,https://yougov.com/en-us/trackers/most-important-issues-facing-the-us
2026-04-13,rep,Civil rights and civil liberties,0.01,465.0,single_list,YouGov/Economist,https://yougov.com/en-us/trackers/most-important-issues-facing-the-us
2026-04-13,rep,Climate change and the environment,0.01,465.0,single_list,YouGov/Economist,https://yougov.com/en-us/trackers/most-important-issues-facing-the-us
2026-04-13,rep,Crime and criminal justice reform,0.04,465.0,single_list,YouGov/Economist,https://yougov.com/en-us/trackers/most-important-issues-facing-the-us
2026-04-13,rep,Education,0.03,465.0,single_list,YouGov/Economist,https://yougov.com/en-us/trackers/most-important-issues-facing-the-us
2026-04-13,rep,Gay rights,0.0,465.0,single_list,YouGov/Economist,https://yougov.com/en-us/trackers/most-important-issues-facing-the-us
2026-04-13,rep,Gun control,0.01,465.0,single_list,YouGov/Economist,https://yougov.com/en-us/trackers/most-important-issues-facing-the-us
2026-04-13,rep,Health care,0.07,465.0,single_list,YouGov/Economist,https://yougov.com/en-us/trackers/most-important-issues-facing-the-us
2026-04-13,rep,Immigration,0.19,465.0,single_list,YouGov/Economist,https://yougov.com/en-us/trackers/most-important-issues-facing-the-us
2026-04-13,rep,Jobs and the economy,0.09,465.0,single_list,YouGov/Economist,https://yougov.com/en-us/trackers/most-important-issues-facing-the-us
2026-04-13,rep,Medicare,0.0,465.0,single_list,YouGov/Economist,https://yougov.com/en-us/trackers/most-important-issues-facing-the-us
2026-04-13,rep,National Security and foreign policy,0.14,465.0,single_list,YouGov/Economist,https://yougov.com/en-us/trackers/most-important-issues-facing-the-us
2026-04-13,rep,Social security,0.0,465.0,single_list,YouGov/Economist,https://yougov.com/en-us/trackers/most-important-issues-facing-the-us
2026-04-13,rep,Taxes and government spending,0.1,465.0,single_list,YouGov/Economist,https://yougov.com/en-us/trackers/most-important-issues-facing-the-us
2026-04-13,rep,Terrorism,0.0,465.0,single_list,YouGov/Economist,https://yougov.com/en-us/trackers/most-important-issues-facing-the-us
2026-04-13,rep,The budget deficit,0.0,465.0,single_list,YouGov/Economist,https://yougov.com/en-us/trackers/most-important-issues-facing-the-us
2026-04-13,rep,The war in Afghanistan,0.0,465.0,single_list,YouGov/Economist,https://yougov.com/en-us/trackers/most-important-issues-facing-the-us
2026-04-13,rep,Inflation/prices,0.28,465.0,single_list,YouGov/Economist,https://yougov.com/en-us/trackers/most-important-issues-facing-the-us
2026-04-20,rep,Abortion,0.01,441.0,single_list,YouGov/Economist,https://yougov.com/en-us/trackers/most-important-issues-facing-the-us
2026-04-20,rep,Civil rights and civil liberties,0.01,441.0,single_list,YouGov/Economist,https://yougov.com/en-us/trackers/most-important-issues-facing-the-us
2026-04-20,rep,Climate change and the environment,0.03,441.0,single_list,YouGov/Economist,https://yougov.com/en-us/trackers/most-important-issues-facing-the-us
2026-04-20,rep,Crime and criminal justice reform,0.07,441.0,single_list,YouGov/Economist,https://yougov.com/en-us/trackers/most-important-issues-facing-the-us
2026-04-20,rep,Education,0.01,441.0,single_list,YouGov/Economist,https://yougov.com/en-us/trackers/most-important-issues-facing-the-us
2026-04-20,rep,Gay rights,0.0,441.0,single_list,YouGov/Economist,https://yougov.com/en-us/trackers/most-important-issues-facing-the-us
2026-04-20,rep,Gun control,0.02,441.0,single_list,YouGov/Economist,https://yougov.com/en-us/trackers/most-important-issues-facing-the-us
2026-04-20,rep,Health care,0.08,441.0,single_list,YouGov/Economist,https://yougov.com/en-us/trackers/most-important-issues-facing-the-us
2026-04-20,rep,Immigration,0.16,441.0,single_list,YouGov/Economist,https://yougov.com/en-us/trackers/most-important-issues-facing-the-us
2026-04-20,rep,Jobs and the economy,0.15,441.0,single_list,YouGov/Economist,https://yougov.com/en-us/trackers/most-important-issues-facing-the-us
2026-04-20,rep,Medicare,0.0,441.0,single_list,YouGov/Economist,https://yougov.com/en-us/trackers/most-important-issues-facing-the-us
2026-04-20,rep,National Security and foreign policy,0.12,441.0,single_list,YouGov/Economist,https://yougov.com/en-us/trackers/most-important-issues-facing-the-us
2026-04-20,rep,Social security,0.0,441.0,single_list,YouGov/Economist,https://yougov.com/en-us/trackers/most-important-issues-facing-the-us
2026-04-20,rep,Taxes and government spending,0.12,441.0,single_list,YouGov/Economist,https://yougov.com/en-us/trackers/most-important-issues-facing-the-us
2026-04-20,rep,Terrorism,0.0,441.0,single_list,YouGov/Economist,https://yougov.com/en-us/trackers/most-important-issues-facing-the-us
2026-04-20,rep,The budget deficit,0.0,441.0,single_list,YouGov/Economist,https://yougov.com/en-us/trackers/most-important-issues-facing-the-us
2026-04-20,rep,The war in Afghanistan,0.0,441.0,single_list,YouGov/Economist,https://yougov.com/en-us/trackers/most-important-issues-facing-the-us
2026-04-20,rep,Inflation/prices,0.24,441.0,single_list,YouGov/Economist,https://yougov.com/en-us/trackers/most-important-issues-facing-the-us
2026-04-27,rep,Abortion,0.04,494.0,single_list,YouGov/Economist,https://yougov.com/en-us/trackers/most-important-issues-facing-the-us
2026-04-27,rep,Civil rights and civil liberties,0.01,494.0,single_list,YouGov/Economist,https://yougov.com/en-us/trackers/most-important-issues-facing-the-us
2026-04-27,rep,Climate change and the environment,0.0,494.0,single_list,YouGov/Economist,https://yougov.com/en-us/trackers/most-important-issues-facing-the-us
2026-04-27,rep,Crime and criminal justice reform,0.07,494.0,single_list,YouGov/Economist,https://yougov.com/en-us/trackers/most-important-issues-facing-the-us
2026-04-27,rep,Education,0.01,494.0,single_list,YouGov/Economist,https://yougov.com/en-us/trackers/most-important-issues-facing-the-us
2026-04-27,rep,Gay rights,0.0,494.0,single_list,YouGov/Economist,https://yougov.com/en-us/trackers/most-important-issues-facing-the-us
2026-04-27,rep,Gun control,0.02,494.0,single_list,YouGov/Economist,https://yougov.com/en-us/trackers/most-important-issues-facing-the-us
2026-04-27,rep,Health care,0.07,494.0,single_list,YouGov/Economist,https://yougov.com/en-us/trackers/most-important-issues-facing-the-us
2026-04-27,rep,Immigration,0.15,494.0,single_list,YouGov/Economist,https://yougov.com/en-us/trackers/most-important-issues-facing-the-us
2026-04-27,rep,Jobs and the economy,0.13,494.0,single_list,YouGov/Economist,https://yougov.com/en-us/trackers/most-important-issues-facing-the-us
2026-04-27,rep,Medicare,0.0,494.0,single_list,YouGov/Economist,https://yougov.com/en-us/trackers/most-important-issues-facing-the-us
2026-04-27,rep,National Security and foreign policy,0.13,494.0,single_list,YouGov/Economist,https://yougov.com/en-us/trackers/most-important-issues-facing-the-us
2026-04-27,rep,Social security,0.0,494.0,single_list,YouGov/Economist,https://yougov.com/en-us/trackers/most-important-issues-facing-the-us
2026-04-27,rep,Taxes and government spending,0.1,494.0,single_list,YouGov/Economist,https://yougov.com/en-us/trackers/most-important-issues-facing-the-us
2026-04-27,rep,Terrorism,0.0,494.0,single_list,YouGov/Economist,https://yougov.com/en-us/trackers/most-important-issues-facing-the-us
2026-04-27,rep,The budget deficit,0.0,494.0,single_list,YouGov/Economist,https://yougov.com/en-us/trackers/most-important-issues-facing-the-us
2026-04-27,rep,The war in Afghanistan,0.0,494.0,single_list,YouGov/Economist,https://yougov.com/en-us/trackers/most-important-issues-facing-the-us
2026-04-27,rep,Inflation/prices,0.27,494.0,single_list,YouGov/Economist,https://yougov.com/en-us/trackers/most-important-issues-facing-the-us
2026-05-04,rep,Abortion,0.04,416.0,single_list,YouGov/Economist,https://yougov.com/en-us/trackers/most-important-issues-facing-the-us
2026-05-04,rep,Civil rights and civil liberties,0.02,416.0,single_list,YouGov/Economist,https://yougov.com/en-us/trackers/most-important-issues-facing-the-us
2026-05-04,rep,Climate change and the environment,0.01,416.0,single_list,YouGov/Economist,https://yougov.com/en-us/trackers/most-important-issues-facing-the-us
2026-05-04,rep,Crime and criminal justice reform,0.04,416.0,single_list,YouGov/Economist,https://yougov.com/en-us/trackers/most-important-issues-facing-the-us
2026-05-04,rep,Education,0.02,416.0,single_list,YouGov/Economist,https://yougov.com/en-us/trackers/most-important-issues-facing-the-us
2026-05-04,rep,Gay rights,0.0,416.0,single_list,YouGov/Economist,https://yougov.com/en-us/trackers/most-important-issues-facing-the-us
2026-05-04,rep,Gun control,0.0,416.0,single_list,YouGov/Economist,https://yougov.com/en-us/trackers/most-important-issues-facing-the-us
2026-05-04,rep,Health care,0.06,416.0,single_list,YouGov/Economist,https://yougov.com/en-us/trackers/most-important-issues-facing-the-us
2026-05-04,rep,Immigration,0.14,416.0,single_list,YouGov/Economist,https://yougov.com/en-us/trackers/most-important-issues-facing-the-us
2026-05-04,rep,Jobs and the economy,0.12,416.0,single_list,YouGov/Economist,https://yougov.com/en-us/trackers/most-important-issues-facing-the-us
2026-05-04,rep,Medicare,0.0,416.0,single_list,YouGov/Economist,https://yougov.com/en-us/trackers/most-important-issues-facing-the-us
2026-05-04,rep,National Security and foreign policy,0.11,416.0,single_list,YouGov/Economist,https://yougov.com/en-us/trackers/most-important-issues-facing-the-us
2026-05-04,rep,Social security,0.0,416.0,single_list,YouGov/Economist,https://yougov.com/en-us/trackers/most-important-issues-facing-the-us
2026-05-04,rep,Taxes and government spending,0.12,416.0,single_list,YouGov/Economist,https://yougov.com/en-us/trackers/most-important-issues-facing-the-us
2026-05-04,rep,Terrorism,0.0,416.0,single_list,YouGov/Economist,https://yougov.com/en-us/trackers/most-important-issues-facing-the-us
2026-05-04,rep,The budget deficit,0.0,416.0,single_list,YouGov/Economist,https://yougov.com/en-us/trackers/most-important-issues-facing-the-us
2026-05-04,rep,The war in Afghanistan,0.0,416.0,single_list,YouGov/Economist,https://yougov.com/en-us/trackers/most-important-issues-facing-the-us
2026-05-04,rep,Inflation/prices,0.32,416.0,single_list,YouGov/Economist,https://yougov.com/en-us/trackers/most-important-issues-facing-the-us
2026-05-11,rep,Abortion,0.05,419.0,single_list,YouGov/Economist,https://yougov.com/en-us/trackers/most-important-issues-facing-the-us
2026-05-11,rep,Civil rights and civil liberties,0.01,419.0,single_list,YouGov/Economist,https://yougov.com/en-us/trackers/most-important-issues-facing-the-us
2026-05-11,rep,Climate change and the environment,0.02,419.0,single_list,YouGov/Economist,https://yougov.com/en-us/trackers/most-important-issues-facing-the-us
2026-05-11,rep,Crime and criminal justice reform,0.06,419.0,single_list,YouGov/Economist,https://yougov.com/en-us/trackers/most-important-issues-facing-the-us
2026-05-11,rep,Education,0.02,419.0,single_list,YouGov/Economist,https://yougov.com/en-us/trackers/most-important-issues-facing-the-us
2026-05-11,rep,Gay rights,0.0,419.0,single_list,YouGov/Economist,https://yougov.com/en-us/trackers/most-important-issues-facing-the-us
2026-05-11,rep,Gun control,0.01,419.0,single_list,YouGov/Economist,https://yougov.com/en-us/trackers/most-important-issues-facing-the-us
2026-05-11,rep,Health care,0.05,419.0,single_list,YouGov/Economist,https://yougov.com/en-us/trackers/most-important-issues-facing-the-us
2026-05-11,rep,Immigration,0.16,419.0,single_list,YouGov/Economist,https://yougov.com/en-us/trackers/most-important-issues-facing-the-us
2026-05-11,rep,Jobs and the economy,0.13,419.0,single_list,YouGov/Economist,https://yougov.com/en-us/trackers/most-important-issues-facing-the-us
2026-05-11,rep,Medicare,0.0,419.0,single_list,YouGov/Economist,https://yougov.com/en-us/trackers/most-important-issues-facing-the-us
2026-05-11,rep,National Security and foreign policy,0.11,419.0,single_list,YouGov/Economist,https://yougov.com/en-us/trackers/most-important-issues-facing-the-us
2026-05-11,rep,Social security,0.0,419.0,single_list,YouGov/Economist,https://yougov.com/en-us/trackers/most-important-issues-facing-the-us
2026-05-11,rep,Taxes and government spending,0.1,419.0,single_list,YouGov/Economist,https://yougov.com/en-us/trackers/most-important-issues-facing-the-us
2026-05-11,rep,Terrorism,0.0,419.0,single_list,YouGov/Economist,https://yougov.com/en-us/trackers/most-important-issues-facing-the-us
2026-05-11,rep,The budget deficit,0.0,419.0,single_list,YouGov/Economist,https://yougov.com/en-us/trackers/most-important-issues-facing-the-us
2026-05-11,rep,The war in Afghanistan,0.0,419.0,single_list,YouGov/Economist,https://yougov.com/en-us/trackers/most-important-issues-facing-the-us
2026-05-11,rep,Inflation/prices,0.29,419.0,single_list,YouGov/Economist,https://yougov.com/en-us/trackers/most-important-issues-facing-the-us
2026-05-18,rep,Abortion,0.06,420.0,single_list,YouGov/Economist,https://yougov.com/en-us/trackers/most-important-issues-facing-the-us
2026-05-18,rep,Civil rights and civil liberties,0.03,420.0,single_list,YouGov/Economist,https://yougov.com/en-us/trackers/most-important-issues-facing-the-us
2026-05-18,rep,Climate change and the environment,0.0,420.0,single_list,YouGov/Economist,https://yougov.com/en-us/trackers/most-important-issues-facing-the-us
2026-05-18,rep,Crime and criminal justice reform,0.05,420.0,single_list,YouGov/Economist,https://yougov.com/en-us/trackers/most-important-issues-facing-the-us
2026-05-18,rep,Education,0.01,420.0,single_list,YouGov/Economist,https://yougov.com/en-us/trackers/most-important-issues-facing-the-us
2026-05-18,rep,Gay rights,0.0,420.0,single_list,YouGov/Economist,https://yougov.com/en-us/trackers/most-important-issues-facing-the-us
2026-05-18,rep,Gun control,0.01,420.0,single_list,YouGov/Economist,https://yougov.com/en-us/trackers/most-important-issues-facing-the-us
2026-05-18,rep,Health care,0.07,420.0,single_list,YouGov/Economist,https://yougov.com/en-us/trackers/most-important-issues-facing-the-us
2026-05-18,rep,Immigration,0.12,420.0,single_list,YouGov/Economist,https://yougov.com/en-us/trackers/most-important-issues-facing-the-us
2026-05-18,rep,Jobs and the economy,0.13,420.0,single_list,YouGov/Economist,https://yougov.com/en-us/trackers/most-important-issues-facing-the-us
2026-05-18,rep,Medicare,0.0,420.0,single_list,YouGov/Economist,https://yougov.com/en-us/trackers/most-important-issues-facing-the-us
2026-05-18,rep,National Security and foreign policy,0.11,420.0,single_list,YouGov/Economist,https://yougov.com/en-us/trackers/most-important-issues-facing-the-us
2026-05-18,rep,Social security,0.0,420.0,single_list,YouGov/Economist,https://yougov.com/en-us/trackers/most-important-issues-facing-the-us
2026-05-18,rep,Taxes and government spending,0.11,420.0,single_list,YouGov/Economist,https://yougov.com/en-us/trackers/most-important-issues-facing-the-us
2026-05-18,rep,Terrorism,0.0,420.0,single_list,YouGov/Economist,https://yougov.com/en-us/trackers/most-important-issues-facing-the-us
2026-05-18,rep,The budget deficit,0.0,420.0,single_list,YouGov/Economist,https://yougov.com/en-us/trackers/most-important-issues-facing-the-us
2026-05-18,rep,The war in Afghanistan,0.0,420.0,single_list,YouGov/Economist,https://yougov.com/en-us/trackers/most-important-issues-facing-the-us
2026-05-18,rep,Inflation/prices,0.31,420.0,single_list,YouGov/Economist,https://yougov.com/en-us/trackers/most-important-issues-facing-the-us
2026-05-26,rep,Abortion,0.03,426.0,single_list,YouGov/Economist,https://yougov.com/en-us/trackers/most-important-issues-facing-the-us
2026-05-26,rep,Civil rights and civil liberties,0.02,426.0,single_list,YouGov/Economist,https://yougov.com/en-us/trackers/most-important-issues-facing-the-us
2026-05-26,rep,Climate change and the environment,0.01,426.0,single_list,YouGov/Economist,https://yougov.com/en-us/trackers/most-important-issues-facing-the-us
2026-05-26,rep,Crime and criminal justice reform,0.07,426.0,single_list,YouGov/Economist,https://yougov.com/en-us/trackers/most-important-issues-facing-the-us
2026-05-26,rep,Education,0.02,426.0,single_list,YouGov/Economist,https://yougov.com/en-us/trackers/most-important-issues-facing-the-us
2026-05-26,rep,Gay rights,0.0,426.0,single_list,YouGov/Economist,https://yougov.com/en-us/trackers/most-important-issues-facing-the-us
2026-05-26,rep,Gun control,0.01,426.0,single_list,YouGov/Economist,https://yougov.com/en-us/trackers/most-important-issues-facing-the-us
2026-05-26,rep,Health care,0.05,426.0,single_list,YouGov/Economist,https://yougov.com/en-us/trackers/most-important-issues-facing-the-us
2026-05-26,rep,Immigration,0.13,426.0,single_list,YouGov/Economist,https://yougov.com/en-us/trackers/most-important-issues-facing-the-us
2026-05-26,rep,Jobs and the economy,0.11,426.0,single_list,YouGov/Economist,https://yougov.com/en-us/trackers/most-important-issues-facing-the-us
2026-05-26,rep,Medicare,0.0,426.0,single_list,YouGov/Economist,https://yougov.com/en-us/trackers/most-important-issues-facing-the-us
2026-05-26,rep,National Security and foreign policy,0.13,426.0,single_list,YouGov/Economist,https://yougov.com/en-us/trackers/most-important-issues-facing-the-us
2026-05-26,rep,Social security,0.0,426.0,single_list,YouGov/Economist,https://yougov.com/en-us/trackers/most-important-issues-facing-the-us
2026-05-26,rep,Taxes and government spending,0.11,426.0,single_list,YouGov/Economist,https://yougov.com/en-us/trackers/most-important-issues-facing-the-us
2026-05-26,rep,Terrorism,0.0,426.0,single_list,YouGov/Economist,https://yougov.com/en-us/trackers/most-important-issues-facing-the-us
2026-05-26,rep,The budget deficit,0.0,426.0,single_list,YouGov/Economist,https://yougov.com/en-us/trackers/most-important-issues-facing-the-us
2026-05-26,rep,The war in Afghanistan,0.0,426.0,single_list,YouGov/Economist,https://yougov.com/en-us/trackers/most-important-issues-facing-the-us
2026-05-26,rep,Inflation/prices,0.29,426.0,single_list,YouGov/Economist,https://yougov.com/en-us/trackers/most-important-issues-facing-the-us
2026-06-01,rep,Abortion,0.03,444.0,single_list,YouGov/Economist,https://yougov.com/en-us/trackers/most-important-issues-facing-the-us
2026-06-01,rep,Civil rights and civil liberties,0.01,444.0,single_list,YouGov/Economist,https://yougov.com/en-us/trackers/most-important-issues-facing-the-us
2026-06-01,rep,Climate change and the environment,0.01,444.0,single_list,YouGov/Economist,https://yougov.com/en-us/trackers/most-important-issues-facing-the-us
2026-06-01,rep,Crime and criminal justice reform,0.06,444.0,single_list,YouGov/Economist,https://yougov.com/en-us/trackers/most-important-issues-facing-the-us
2026-06-01,rep,Education,0.01,444.0,single_list,YouGov/Economist,https://yougov.com/en-us/trackers/most-important-issues-facing-the-us
2026-06-01,rep,Gay rights,0.0,444.0,single_list,YouGov/Economist,https://yougov.com/en-us/trackers/most-important-issues-facing-the-us
2026-06-01,rep,Gun control,0.01,444.0,single_list,YouGov/Economist,https://yougov.com/en-us/trackers/most-important-issues-facing-the-us
2026-06-01,rep,Health care,0.04,444.0,single_list,YouGov/Economist,https://yougov.com/en-us/trackers/most-important-issues-facing-the-us
2026-06-01,rep,Immigration,0.13,444.0,single_list,YouGov/Economist,https://yougov.com/en-us/trackers/most-important-issues-facing-the-us
2026-06-01,rep,Jobs and the economy,0.15,444.0,single_list,YouGov/Economist,https://yougov.com/en-us/trackers/most-important-issues-facing-the-us
2026-06-01,rep,Medicare,0.0,444.0,single_list,YouGov/Economist,https://yougov.com/en-us/trackers/most-important-issues-facing-the-us
2026-06-01,rep,National Security and foreign policy,0.11,444.0,single_list,YouGov/Economist,https://yougov.com/en-us/trackers/most-important-issues-facing-the-us
2026-06-01,rep,Social security,0.0,444.0,single_list,YouGov/Economist,https://yougov.com/en-us/trackers/most-important-issues-facing-the-us
2026-06-01,rep,Taxes and government spending,0.1,444.0,single_list,YouGov/Economist,https://yougov.com/en-us/trackers/most-important-issues-facing-the-us
2026-06-01,rep,Terrorism,0.0,444.0,single_list,YouGov/Economist,https://yougov.com/en-us/trackers/most-important-issues-facing-the-us
2026-06-01,rep,The budget deficit,0.0,444.0,single_list,YouGov/Economist,https://yougov.com/en-us/trackers/most-important-issues-facing-the-us
2026-06-01,rep,The war in Afghanistan,0.0,444.0,single_list,YouGov/Economist,https://yougov.com/en-us/trackers/most-important-issues-facing-the-us
2026-06-01,rep,Inflation/prices,0.33,444.0,single_list,YouGov/Economist,https://yougov.com/en-us/trackers/most-important-issues-facing-the-us
2026-06-08,rep,Abortion,0.03,423.0,single_list,YouGov/Economist,https://yougov.com/en-us/trackers/most-important-issues-facing-the-us
2026-06-08,rep,Civil rights and civil liberties,0.02,423.0,single_list,YouGov/Economist,https://yougov.com/en-us/trackers/most-important-issues-facing-the-us
2026-06-08,rep,Climate change and the environment,0.02,423.0,single_list,YouGov/Economist,https://yougov.com/en-us/trackers/most-important-issues-facing-the-us
2026-06-08,rep,Crime and criminal justice reform,0.06,423.0,single_list,YouGov/Economist,https://yougov.com/en-us/trackers/most-important-issues-facing-the-us
2026-06-08,rep,Education,0.01,423.0,single_list,YouGov/Economist,https://yougov.com/en-us/trackers/most-important-issues-facing-the-us
2026-06-08,rep,Gay rights,0.0,423.0,single_list,YouGov/Economist,https://yougov.com/en-us/trackers/most-important-issues-facing-the-us
2026-06-08,rep,Gun control,0.01,423.0,single_list,YouGov/Economist,https://yougov.com/en-us/trackers/most-important-issues-facing-the-us
2026-06-08,rep,Health care,0.06,423.0,single_list,YouGov/Economist,https://yougov.com/en-us/trackers/most-important-issues-facing-the-us
2026-06-08,rep,Immigration,0.15,423.0,single_list,YouGov/Economist,https://yougov.com/en-us/trackers/most-important-issues-facing-the-us
2026-06-08,rep,Jobs and the economy,0.1,423.0,single_list,YouGov/Economist,https://yougov.com/en-us/trackers/most-important-issues-facing-the-us
2026-06-08,rep,Medicare,0.0,423.0,single_list,YouGov/Economist,https://yougov.com/en-us/trackers/most-important-issues-facing-the-us
2026-06-08,rep,National Security and foreign policy,0.09,423.0,single_list,YouGov/Economist,https://yougov.com/en-us/trackers/most-important-issues-facing-the-us
2026-06-08,rep,Social security,0.0,423.0,single_list,YouGov/Economist,https://yougov.com/en-us/trackers/most-important-issues-facing-the-us
2026-06-08,rep,Taxes and government spending,0.1,423.0,single_list,YouGov/Economist,https://yougov.com/en-us/trackers/most-important-issues-facing-the-us
2026-06-08,rep,Terrorism,0.0,423.0,single_list,YouGov/Economist,https://yougov.com/en-us/trackers/most-important-issues-facing-the-us
2026-06-08,rep,The budget deficit,0.0,423.0,single_list,YouGov/Economist,https://yougov.com/en-us/trackers/most-important-issues-facing-the-us
2026-06-08,rep,The war in Afghanistan,0.0,423.0,single_list,YouGov/Economist,https://yougov.com/en-us/trackers/most-important-issues-facing-the-us
2026-06-08,rep,Inflation/prices,0.34,423.0,single_list,YouGov/Economist,https://yougov.com/en-us/trackers/most-important-issues-facing-the-us
2026-06-15,rep,Abortion,0.03,434.0,single_list,YouGov/Economist,https://yougov.com/en-us/trackers/most-important-issues-facing-the-us
2026-06-15,rep,Civil rights and civil liberties,0.03,434.0,single_list,YouGov/Economist,https://yougov.com/en-us/trackers/most-important-issues-facing-the-us
2026-06-15,rep,Climate change and the environment,0.0,434.0,single_list,YouGov/Economist,https://yougov.com/en-us/trackers/most-important-issues-facing-the-us
2026-06-15,rep,Crime and criminal justice reform,0.03,434.0,single_list,YouGov/Economist,https://yougov.com/en-us/trackers/most-important-issues-facing-the-us
2026-06-15,rep,Education,0.01,434.0,single_list,YouGov/Economist,https://yougov.com/en-us/trackers/most-important-issues-facing-the-us
2026-06-15,rep,Gay rights,0.0,434.0,single_list,YouGov/Economist,https://yougov.com/en-us/trackers/most-important-issues-facing-the-us
2026-06-15,rep,Gun control,0.03,434.0,single_list,YouGov/Economist,https://yougov.com/en-us/trackers/most-important-issues-facing-the-us
2026-06-15,rep,Health care,0.06,434.0,single_list,YouGov/Economist,https://yougov.com/en-us/trackers/most-important-issues-facing-the-us
2026-06-15,rep,Immigration,0.17,434.0,single_list,YouGov/Economist,https://yougov.com/en-us/trackers/most-important-issues-facing-the-us
2026-06-15,rep,Jobs and the economy,0.13,434.0,single_list,YouGov/Economist,https://yougov.com/en-us/trackers/most-important-issues-facing-the-us
2026-06-15,rep,Medicare,0.0,434.0,single_list,YouGov/Economist,https://yougov.com/en-us/trackers/most-important-issues-facing-the-us
2026-06-15,rep,National Security and foreign policy,0.12,434.0,single_list,YouGov/Economist,https://yougov.com/en-us/trackers/most-important-issues-facing-the-us
2026-06-15,rep,Social security,0.0,434.0,single_list,YouGov/Economist,https://yougov.com/en-us/trackers/most-important-issues-facing-the-us
2026-06-15,rep,Taxes and government spending,0.08,434.0,single_list,YouGov/Economist,https://yougov.com/en-us/trackers/most-important-issues-facing-the-us
2026-06-15,rep,Terrorism,0.0,434.0,single_list,YouGov/Economist,https://yougov.com/en-us/trackers/most-important-issues-facing-the-us
2026-06-15,rep,The budget deficit,0.0,434.0,single_list,YouGov/Economist,https://yougov.com/en-us/trackers/most-important-issues-facing-the-us
2026-06-15,rep,The war in Afghanistan,0.0,434.0,single_list,YouGov/Economist,https://yougov.com/en-us/trackers/most-important-issues-facing-the-us
2026-06-15,rep,Inflation/prices,0.31,434.0,single_list,YouGov/Economist,https://yougov.com/en-us/trackers/most-important-issues-facing-the-us
2026-06-22,rep,Abortion,0.04,467.0,single_list,YouGov/Economist,https://yougov.com/en-us/trackers/most-important-issues-facing-the-us
2026-06-22,rep,Civil rights and civil liberties,0.01,467.0,single_list,YouGov/Economist,https://yougov.com/en-us/trackers/most-important-issues-facing-the-us
2026-06-22,rep,Climate change and the environment,0.02,467.0,single_list,YouGov/Economist,https://yougov.com/en-us/trackers/most-important-issues-facing-the-us
2026-06-22,rep,Crime and criminal justice reform,0.05,467.0,single_list,YouGov/Economist,https://yougov.com/en-us/trackers/most-important-issues-facing-the-us
2026-06-22,rep,Education,0.01,467.0,single_list,YouGov/Economist,https://yougov.com/en-us/trackers/most-important-issues-facing-the-us
2026-06-22,rep,Gay rights,0.0,467.0,single_list,YouGov/Economist,https://yougov.com/en-us/trackers/most-important-issues-facing-the-us
2026-06-22,rep,Gun control,0.02,467.0,single_list,YouGov/Economist,https://yougov.com/en-us/trackers/most-important-issues-facing-the-us
2026-06-22,rep,Health care,0.04,467.0,single_list,YouGov/Economist,https://yougov.com/en-us/trackers/most-important-issues-facing-the-us
2026-06-22,rep,Immigration,0.19,467.0,single_list,YouGov/Economist,https://yougov.com/en-us/trackers/most-important-issues-facing-the-us
2026-06-22,rep,Jobs and the economy,0.11,467.0,single_list,YouGov/Economist,https://yougov.com/en-us/trackers/most-important-issues-facing-the-us
2026-06-22,rep,Medicare,0.0,467.0,single_list,YouGov/Economist,https://yougov.com/en-us/trackers/most-important-issues-facing-the-us
2026-06-22,rep,National Security and foreign policy,0.12,467.0,single_list,YouGov/Economist,https://yougov.com/en-us/trackers/most-important-issues-facing-the-us
2026-06-22,rep,Social security,0.0,467.0,single_list,YouGov/Economist,https://yougov.com/en-us/trackers/most-important-issues-facing-the-us
2026-06-22,rep,Taxes and government spending,0.1,467.0,single_list,YouGov/Economist,https://yougov.com/en-us/trackers/most-important-issues-facing-the-us
2026-06-22,rep,Terrorism,0.0,467.0,single_list,YouGov/Economist,https://yougov.com/en-us/trackers/most-important-issues-facing-the-us
2026-06-22,rep,The budget deficit,0.0,467.0,single_list,YouGov/Economist,https://yougov.com/en-us/trackers/most-important-issues-facing-the-us
2026-06-22,rep,The war in Afghanistan,0.0,467.0,single_list,YouGov/Economist,https://yougov.com/en-us/trackers/most-important-issues-facing-the-us
2026-06-22,rep,Inflation/prices,0.29,467.0,single_list,YouGov/Economist,https://yougov.com/en-us/trackers/most-important-issues-facing-the-us
2026-06-29,rep,Abortion,0.05,455.0,single_list,YouGov/Economist,https://yougov.com/en-us/trackers/most-important-issues-facing-the-us
2026-06-29,rep,Civil rights and civil liberties,0.03,455.0,single_list,YouGov/Economist,https://yougov.com/en-us/trackers/most-important-issues-facing-the-us
2026-06-29,rep,Climate change and the environment,0.01,455.0,single_list,YouGov/Economist,https://yougov.com/en-us/trackers/most-important-issues-facing-the-us
2026-06-29,rep,Crime and criminal justice reform,0.08,455.0,single_list,YouGov/Economist,https://yougov.com/en-us/trackers/most-important-issues-facing-the-us
2026-06-29,rep,Education,0.0,455.0,single_list,YouGov/Economist,https://yougov.com/en-us/trackers/most-important-issues-facing-the-us
2026-06-29,rep,Gay rights,0.0,455.0,single_list,YouGov/Economist,https://yougov.com/en-us/trackers/most-important-issues-facing-the-us
2026-06-29,rep,Gun control,0.01,455.0,single_list,YouGov/Economist,https://yougov.com/en-us/trackers/most-important-issues-facing-the-us
2026-06-29,rep,Health care,0.06,455.0,single_list,YouGov/Economist,https://yougov.com/en-us/trackers/most-important-issues-facing-the-us
2026-06-29,rep,Immigration,0.13,455.0,single_list,YouGov/Economist,https://yougov.com/en-us/trackers/most-important-issues-facing-the-us
2026-06-29,rep,Jobs and the economy,0.14,455.0,single_list,YouGov/Economist,https://yougov.com/en-us/trackers/most-important-issues-facing-the-us
2026-06-29,rep,Medicare,0.0,455.0,single_list,YouGov/Economist,https://yougov.com/en-us/trackers/most-important-issues-facing-the-us
2026-06-29,rep,National Security and foreign policy,0.09,455.0,single_list,YouGov/Economist,https://yougov.com/en-us/trackers/most-important-issues-facing-the-us
2026-06-29,rep,Social security,0.0,455.0,single_list,YouGov/Economist,https://yougov.com/en-us/trackers/most-important-issues-facing-the-us
2026-06-29,rep,Taxes and government spending,0.11,455.0,single_list,YouGov/Economist,https://yougov.com/en-us/trackers/most-important-issues-facing-the-us
2026-06-29,rep,Terrorism,0.0,455.0,single_list,YouGov/Economist,https://yougov.com/en-us/trackers/most-important-issues-facing-the-us
2026-06-29,rep,The budget deficit,0.0,455.0,single_list,YouGov/Economist,https://yougov.com/en-us/trackers/most-important-issues-facing-the-us
2026-06-29,rep,The war in Afghanistan,0.0,455.0,single_list,YouGov/Economist,https://yougov.com/en-us/trackers/most-important-issues-facing-the-us
2026-06-29,rep,Inflation/prices,0.28,455.0,single_list,YouGov/Economist,https://yougov.com/en-us/trackers/most-important-issues-facing-the-us
2026-07-06,rep,Abortion,0.03,457.0,single_list,YouGov/Economist,https://yougov.com/en-us/trackers/most-important-issues-facing-the-us
2026-07-06,rep,Civil rights and civil liberties,0.01,457.0,single_list,YouGov/Economist,https://yougov.com/en-us/trackers/most-important-issues-facing-the-us
2026-07-06,rep,Climate change and the environment,0.01,457.0,single_list,YouGov/Economist,https://yougov.com/en-us/trackers/most-important-issues-facing-the-us
2026-07-06,rep,Crime and criminal justice reform,0.07,457.0,single_list,YouGov/Economist,https://yougov.com/en-us/trackers/most-important-issues-facing-the-us
2026-07-06,rep,Education,0.02,457.0,single_list,YouGov/Economist,https://yougov.com/en-us/trackers/most-important-issues-facing-the-us
2026-07-06,rep,Gay rights,0.0,457.0,single_list,YouGov/Economist,https://yougov.com/en-us/trackers/most-important-issues-facing-the-us
2026-07-06,rep,Gun control,0.02,457.0,single_list,YouGov/Economist,https://yougov.com/en-us/trackers/most-important-issues-facing-the-us
2026-07-06,rep,Health care,0.08,457.0,single_list,YouGov/Economist,https://yougov.com/en-us/trackers/most-important-issues-facing-the-us
2026-07-06,rep,Immigration,0.16,457.0,single_list,YouGov/Economist,https://yougov.com/en-us/trackers/most-important-issues-facing-the-us
2026-07-06,rep,Jobs and the economy,0.07,457.0,single_list,YouGov/Economist,https://yougov.com/en-us/trackers/most-important-issues-facing-the-us
2026-07-06,rep,Medicare,0.0,457.0,single_list,YouGov/Economist,https://yougov.com/en-us/trackers/most-important-issues-facing-the-us
2026-07-06,rep,National Security and foreign policy,0.1,457.0,single_list,YouGov/Economist,https://yougov.com/en-us/trackers/most-important-issues-facing-the-us
2026-07-06,rep,Social security,0.0,457.0,single_list,YouGov/Economist,https://yougov.com/en-us/trackers/most-important-issues-facing-the-us
2026-07-06,rep,Taxes and government spending,0.1,457.0,single_list,YouGov/Economist,https://yougov.com/en-us/trackers/most-important-issues-facing-the-us
2026-07-06,rep,Terrorism,0.0,457.0,single_list,YouGov/Economist,https://yougov.com/en-us/trackers/most-important-issues-facing-the-us
2026-07-06,rep,The budget deficit,0.0,457.0,single_list,YouGov/Economist,https://yougov.com/en-us/trackers/most-important-issues-facing-the-us
2026-07-06,rep,The war in Afghanistan,0.0,457.0,single_list,YouGov/Economist,https://yougov.com/en-us/trackers/most-important-issues-facing-the-us
2026-07-06,rep,Inflation/prices,0.33,457.0,single_list,YouGov/Economist,https://yougov.com/en-us/trackers/most-important-issues-facing-the-us
2026-07-13,rep,Abortion,0.02,459.0,single_list,YouGov/Economist,https://yougov.com/en-us/trackers/most-important-issues-facing-the-us
2026-07-13,rep,Civil rights and civil liberties,0.01,459.0,single_list,YouGov/Economist,https://yougov.com/en-us/trackers/most-important-issues-facing-the-us
2026-07-13,rep,Climate change and the environment,0.0,459.0,single_list,YouGov/Economist,https://yougov.com/en-us/trackers/most-important-issues-facing-the-us
2026-07-13,rep,Crime and criminal justice reform,0.03,459.0,single_list,YouGov/Economist,https://yougov.com/en-us/trackers/most-important-issues-facing-the-us
2026-07-13,rep,Education,0.0,459.0,single_list,YouGov/Economist,https://yougov.com/en-us/trackers/most-important-issues-facing-the-us
2026-07-13,rep,Gay rights,0.0,459.0,single_list,YouGov/Economist,https://yougov.com/en-us/trackers/most-important-issues-facing-the-us
2026-07-13,rep,Gun control,0.02,459.0,single_list,YouGov/Economist,https://yougov.com/en-us/trackers/most-important-issues-facing-the-us
2026-07-13,rep,Health care,0.04,459.0,single_list,YouGov/Economist,https://yougov.com/en-us/trackers/most-important-issues-facing-the-us
2026-07-13,rep,Immigration,0.21,459.0,single_list,YouGov/Economist,https://yougov.com/en-us/trackers/most-important-issues-facing-the-us
2026-07-13,rep,Jobs and the economy,0.13,459.0,single_list,YouGov/Economist,https://yougov.com/en-us/trackers/most-important-issues-facing-the-us
2026-07-13,rep,Medicare,0.0,459.0,single_list,YouGov/Economist,https://yougov.com/en-us/trackers/most-important-issues-facing-the-us
2026-07-13,rep,National Security and foreign policy,0.11,459.0,single_list,YouGov/Economist,https://yougov.com/en-us/trackers/most-important-issues-facing-the-us
2026-07-13,rep,Social security,0.0,459.0,single_list,YouGov/Economist,https://yougov.com/en-us/trackers/most-important-issues-facing-the-us
2026-07-13,rep,Taxes and government spending,0.11,459.0,single_list,YouGov/Economist,https://yougov.com/en-us/trackers/most-important-issues-facing-the-us
2026-07-13,rep,Terrorism,0.0,459.0,single_list,YouGov/Economist,https://yougov.com/en-us/trackers/most-important-issues-facing-the-us
2026-07-13,rep,The budget deficit,0.0,459.0,single_list,YouGov/Economist,https://yougov.com/en-us/trackers/most-important-issues-facing-the-us
2026-07-13,rep,The war in Afghanistan,0.0,459.0,single_list,YouGov/Economist,https://yougov.com/en-us/trackers/most-important-issues-facing-the-us
2026-07-13,rep,Inflation/prices,0.31,459.0,single_list,YouGov/Economist,https://yougov.com/en-us/trackers/most-important-issues-facing-the-us
2026-07-20,rep,Abortion,0.04,443.0,single_list,YouGov/Economist,https://yougov.com/en-us/trackers/most-important-issues-facing-the-us
2026-07-20,rep,Civil rights and civil liberties,0.0,443.0,single_list,YouGov/Economist,https://yougov.com/en-us/trackers/most-important-issues-facing-the-us
2026-07-20,rep,Climate change and the environment,0.01,443.0,single_list,YouGov/Economist,https://yougov.com/en-us/trackers/most-important-issues-facing-the-us
2026-07-20,rep,Crime and criminal justice reform,0.06,443.0,single_list,YouGov/Economist,https://yougov.com/en-us/trackers/most-important-issues-facing-the-us
2026-07-20,rep,Education,0.02,443.0,single_list,YouGov/Economist,https://yougov.com/en-us/trackers/most-important-issues-facing-the-us
2026-07-20,rep,Gay rights,0.0,443.0,single_list,YouGov/Economist,https://yougov.com/en-us/trackers/most-important-issues-facing-the-us
2026-07-20,rep,Gun control,0.01,443.0,single_list,YouGov/Economist,https://yougov.com/en-us/trackers/most-important-issues-facing-the-us
2026-07-20,rep,Health care,0.06,443.0,single_list,YouGov/Economist,https://yougov.com/en-us/trackers/most-important-issues-facing-the-us
2026-07-20,rep,Immigration,0.13,443.0,single_list,YouGov/Economist,https://yougov.com/en-us/trackers/most-important-issues-facing-the-us
2026-07-20,rep,Jobs and the economy,0.14,443.0,single_list,YouGov/Economist,https://yougov.com/en-us/trackers/most-important-issues-facing-the-us
2026-07-20,rep,Medicare,0.0,443.0,single_list,YouGov/Economist,https://yougov.com/en-us/trackers/most-important-issues-facing-the-us
2026-07-20,rep,National Security and foreign policy,0.11,443.0,single_list,YouGov/Economist,https://yougov.com/en-us/trackers/most-important-issues-facing-the-us
2026-07-20,rep,Social security,0.0,443.0,single_list,YouGov/Economist,https://yougov.com/en-us/trackers/most-important-issues-facing-the-us
2026-07-20,rep,Taxes and government spending,0.08,443.0,single_list,YouGov/Economist,https://yougov.com/en-us/trackers/most-important-issues-facing-the-us
2026-07-20,rep,Terrorism,0.0,443.0,single_list,YouGov/Economist,https://yougov.com/en-us/trackers/most-important-issues-facing-the-us
2026-07-20,rep,The budget deficit,0.0,443.0,single_list,YouGov/Economist,https://yougov.com/en-us/trackers/most-important-issues-facing-the-us
2026-07-20,rep,The war in Afghanistan,0.0,443.0,single_list,YouGov/Economist,https://yougov.com/en-us/trackers/most-important-issues-facing-the-us
2026-07-20,rep,Inflation/prices,0.33,443.0,single_list,YouGov/Economist,https://yougov.com/en-us/trackers/most-important-issues-facing-the-us
2026-07-27,rep,Abortion,0.04,432.0,single_list,YouGov/Economist,https://yougov.com/en-us/trackers/most-important-issues-facing-the-us
2026-07-27,rep,Civil rights and civil liberties,0.02,432.0,single_list,YouGov/Economist,https://yougov.com/en-us/trackers/most-important-issues-facing-the-us
2026-07-27,rep,Climate change and the environment,0.01,432.0,single_list,YouGov/Economist,https://yougov.com/en-us/trackers/most-important-issues-facing-the-us
2026-07-27,rep,Crime and criminal justice reform,0.06,432.0,single_list,YouGov/Economist,https://yougov.com/en-us/trackers/most-important-issues-facing-the-us
2026-07-27,rep,Education,0.01,432.0,single_list,YouGov/Economist,https://yougov.com/en-us/trackers/most-important-issues-facing-the-us
2026-07-27,rep,Gay rights,0.0,432.0,single_list,YouGov/Economist,https://yougov.com/en-us/trackers/most-important-issues-facing-the-us
2026-07-27,rep,Gun control,0.02,432.0,single_list,YouGov/Economist,https://yougov.com/en-us/trackers/most-important-issues-facing-the-us
2026-07-27,rep,Health care,0.06,432.0,single_list,YouGov/Economist,https://yougov.com/en-us/trackers/most-important-issues-facing-the-us
2026-07-27,rep,Immigration,0.15,432.0,single_list,YouGov/Economist,https://yougov.com/en-us/trackers/most-important-issues-facing-the-us
2026-07-27,rep,Jobs and the economy,0.14,432.0,single_list,YouGov/Economist,https://yougov.com/en-us/trackers/most-important-issues-facing-the-us
2026-07-27,rep,Medicare,0.0,432.0,single_list,YouGov/Economist,https://yougov.com/en-us/trackers/most-important-issues-facing-the-us
2026-07-27,rep,National Security and foreign policy,0.14,432.0,single_list,YouGov/Economist,https://yougov.com/en-us/trackers/most-important-issues-facing-the-us
2026-07-27,rep,Social security,0.0,432.0,single_list,YouGov/Economist,https://yougov.com/en-us/trackers/most-important-issues-facing-the-us
2026-07-27,rep,Taxes and government spending,0.08,432.0,single_list,YouGov/Economist,https://yougov.com/en-us/trackers/most-important-issues-facing-the-us
2026-07-27,rep,Terrorism,0.0,432.0,single_list,YouGov/Economist,https://yougov.com/en-us/trackers/most-important-issues-facing-the-us
2026-07-27,rep,The budget deficit,0.0,432.0,single_list,YouGov/Economist,https://yougov.com/en-us/trackers/most-important-issues-facing-the-us
2026-07-27,rep,The war in Afghanistan,0.0,432.0,single_list,YouGov/Economist,https://yougov.com/en-us/trackers/most-important-issues-facing-the-us
2026-07-27,rep,Inflation/prices,0.27,432.0,single_list,YouGov/Economist,https://yougov.com/en-us/trackers/most-important-issues-facing-the-us
2026-08-02,rep,Abortion,0.03,450.0,single_list,YouGov/Economist,https://yougov.com/en-us/trackers/most-important-issues-facing-the-us
2026-08-02,rep,Civil rights and civil liberties,0.0,450.0,single_list,YouGov/Economist,https://yougov.com/en-us/trackers/most-important-issues-facing-the-us
2026-08-02,rep,Climate change and the environment,0.01,450.0,single_list,YouGov/Economist,https://yougov.com/en-us/trackers/most-important-issues-facing-the-us
2026-08-02,rep,Crime and criminal justice reform,0.05,450.0,single_list,YouGov/Economist,https://yougov.com/en-us/trackers/most-important-issues-facing-the-us
2026-08-02,rep,Education,0.01,450.0,single_list,YouGov/Economist,https://yougov.com/en-us/trackers/most-important-issues-facing-the-us
2026-08-02,rep,Gay rights,0.0,450.0,single_list,YouGov/Economist,https://yougov.com/en-us/trackers/most-important-issues-facing-the-us
2026-08-02,rep,Gun control,0.01,450.0,single_list,YouGov/Economist,https://yougov.com/en-us/trackers/most-important-issues-facing-the-us
2026-08-02,rep,Health care,0.06,450.0,single_list,YouGov/Economist,https://yougov.com/en-us/trackers/most-important-issues-facing-the-us
2026-08-02,rep,Immigration,0.14,450.0,single_list,YouGov/Economist,https://yougov.com/en-us/trackers/most-important-issues-facing-the-us
2026-08-02,rep,Jobs and the economy,0.11,450.0,single_list,YouGov/Economist,https://yougov.com/en-us/trackers/most-important-issues-facing-the-us
2026-08-02,rep,Medicare,0.0,450.0,single_list,YouGov/Economist,https://yougov.com/en-us/trackers/most-important-issues-facing-the-us
2026-08-02,rep,National Security and foreign policy,0.05,450.0,single_list,YouGov/Economist,https://yougov.com/en-us/trackers/most-important-issues-facing-the-us
2026-08-02,rep,Social security,0.0,450.0,single_list,YouGov/Economist,https://yougov.com/en-us/trackers/most-important-issues-facing-the-us
2026-08-02,rep,Taxes and government spending,0.11,450.0,single_list,YouGov/Economist,https://yougov.com/en-us/trackers/most-important-issues-facing-the-us
2026-08-02,rep,Terrorism,0.0,450.0,single_list,YouGov/Economist,https://yougov.com/en-us/trackers/most-important-issues-facing-the-us
2026-08-02,rep,The budget deficit,0.0,450.0,single_list,YouGov/Economist,https://yougov.com/en-us/trackers/most-important-issues-facing-the-us
2026-08-02,rep,The war in Afghanistan,0.0,450.0,single_list,YouGov/Economist,https://yougov.com/en-us/trackers/most-important-issues-facing-the-us
2026-08-02,rep,Inflation/prices,0.41,450.0,single_list,YouGov/Economist,https://yougov.com/en-us/trackers/most-important-issues-facing-the-us
2026-08-10,rep,Abortion,0.04,437.0,single_list,YouGov/Economist,https://yougov.com/en-us/trackers/most-important-issues-facing-the-us
2026-08-10,rep,Civil rights and civil liberties,0.02,437.0,single_list,YouGov/Economist,https://yougov.com/en-us/trackers/most-important-issues-facing-the-us
2026-08-10,rep,Climate change and the environment,0.01,437.0,single_list,YouGov/Economist,https://yougov.com/en-us/trackers/most-important-issues-facing-the-us
2026-08-10,rep,Crime and criminal justice reform,0.05,437.0,single_list,YouGov/Economist,https://yougov.com/en-us/trackers/most-important-issues-facing-the-us
2026-08-10,rep,Education,0.02,437.0,single_list,YouGov/Economist,https://yougov.com/en-us/trackers/most-important-issues-facing-the-us
2026-08-10,rep,Gay rights,0.0,437.0,single_list,YouGov/Economist,https://yougov.com/en-us/trackers/most-important-issues-facing-the-us
2026-08-10,rep,Gun control,0.0,437.0,single_list,YouGov/Economist,https://yougov.com/en-us/trackers/most-important-issues-facing-the-us
2026-08-10,rep,Health care,0.05,437.0,single_list,YouGov/Economist,https://yougov.com/en-us/trackers/most-important-issues-facing-the-us
2026-08-10,rep,Immigration,0.12,437.0,single_list,YouGov/Economist,https://yougov.com/en-us/trackers/most-important-issues-facing-the-us
2026-08-10,rep,Jobs and the economy,0.12,437.0,single_list,YouGov/Economist,https://yougov.com/en-us/trackers/most-important-issues-facing-the-us
2026-08-10,rep,Medicare,0.0,437.0,single_list,YouGov/Economist,https://yougov.com/en-us/trackers/most-important-issues-facing-the-us
2026-08-10,rep,National Security and foreign policy,0.12,437.0,single_list,YouGov/Economist,https://yougov.com/en-us/trackers/most-important-issues-facing-the-us
2026-08-10,rep,Social security,0.0,437.0,single_list,YouGov/Economist,https://yougov.com/en-us/trackers/most-important-issues-facing-the-us
2026-08-10,rep,Taxes and government spending,0.11,437.0,single_list,YouGov/Economist,https://yougov.com/en-us/trackers/most-important-issues-facing-the-us
2026-08-10,rep,Terrorism,0.0,437.0,single_list,YouGov/Economist,https://yougov.com/en-us/trackers/most-important-issues-facing-the-us
2026-08-10,rep,The budget deficit,0.0,437.0,single_list,YouGov/Economist,https://yougov.com/en-us/trackers/most-important-issues-facing-the-us
2026-08-10,rep,The war in Afghanistan,0.0,437.0,single_list,YouGov/Economist,https://yougov.com/en-us/trackers/most-important-issues-facing-the-us
2026-08-10,rep,Inflation/prices,0.35,437.0,single_list,YouGov/Economist,https://yougov.com/en-us/trackers/most-important-issues-facing-the-us
2026-08-17,rep,Abortion,0.03,434.0,single_list,YouGov/Economist,https://yougov.com/en-us/trackers/most-important-issues-facing-the-us
2026-08-17,rep,Civil rights and civil liberties,0.01,434.0,single_list,YouGov/Economist,https://yougov.com/en-us/trackers/most-important-issues-facing-the-us
2026-08-17,rep,Climate change and the environment,0.0,434.0,single_list,YouGov/Economist,https://yougov.com/en-us/trackers/most-important-issues-facing-the-us
2026-08-17,rep,Crime and criminal justice reform,0.02,434.0,single_list,YouGov/Economist,https://yougov.com/en-us/trackers/most-important-issues-facing-the-us
2026-08-17,rep,Education,0.02,434.0,single_list,YouGov/Economist,https://yougov.com/en-us/trackers/most-important-issues-facing-the-us
2026-08-17,rep,Gay rights,0.0,434.0,single_list,YouGov/Economist,https://yougov.com/en-us/trackers/most-important-issues-facing-the-us
2026-08-17,rep,Gun control,0.02,434.0,single_list,YouGov/Economist,https://yougov.com/en-us/trackers/most-important-issues-facing-the-us
2026-08-17,rep,Health care,0.06,434.0,single_list,YouGov/Economist,https://yougov.com/en-us/trackers/most-important-issues-facing-the-us
2026-08-17,rep,Immigration,0.19,434.0,single_list,YouGov/Economist,https://yougov.com/en-us/trackers/most-important-issues-facing-the-us
2026-08-17,rep,Jobs and the economy,0.14,434.0,single_list,YouGov/Economist,https://yougov.com/en-us/trackers/most-important-issues-facing-the-us
2026-08-17,rep,Medicare,0.0,434.0,single_list,YouGov/Economist,https://yougov.com/en-us/trackers/most-important-issues-facing-the-us
2026-08-17,rep,National Security and foreign policy,0.1,434.0,single_list,YouGov/Economist,https://yougov.com/en-us/trackers/most-important-issues-facing-the-us
2026-08-17,rep,Social security,0.0,434.0,single_list,YouGov/Economist,https://yougov.com/en-us/trackers/most-important-issues-facing-the-us
2026-08-17,rep,Taxes and government spending,0.09,434.0,single_list,YouGov/Economist,https://yougov.com/en-us/trackers/most-important-issues-facing-the-us
2026-08-17,rep,Terrorism,0.0,434.0,single_list,YouGov/Economist,https://yougov.com/en-us/trackers/most-important-issues-facing-the-us
2026-08-17,rep,The budget deficit,0.0,434.0,single_list,YouGov/Economist,https://yougov.com/en-us/trackers/most-important-issues-facing-the-us
2026-08-17,rep,The war in Afghanistan,0.0,434.0,single_list,YouGov/Economist,https://yougov.com/en-us/trackers/most-important-issues-facing-the-us
2026-08-17,rep,Inflation/prices,0.31,434.0,single_list,YouGov/Economist,https://yougov.com/en-us/trackers/most-important-issues-facing-the-us
2026-08-24,rep,Abortion,0.03,418.0,single_list,YouGov/Economist,https://yougov.com/en-us/trackers/most-important-issues-facing-the-us
2026-08-24,rep,Civil rights and civil liberties,0.01,418.0,single_list,YouGov/Economist,https://yougov.com/en-us/trackers/most-important-issues-facing-the-us
2026-08-24,rep,Climate change and the environment,0.01,418.0,single_list,YouGov/Economist,https://yougov.com/en-us/trackers/most-important-issues-facing-the-us
2026-08-24,rep,Crime and criminal justice reform,0.05,418.0,single_list,YouGov/Economist,https://yougov.com/en-us/trackers/most-important-issues-facing-the-us
2026-08-24,rep,Education,0.02,418.0,single_list,YouGov/Economist,https://yougov.com/en-us/trackers/most-important-issues-facing-the-us
2026-08-24,rep,Gay rights,0.0,418.0,single_list,YouGov/Economist,https://yougov.com/en-us/trackers/most-important-issues-facing-the-us
2026-08-24,rep,Gun control,0.03,418.0,single_list,YouGov/Economist,https://yougov.com/en-us/trackers/most-important-issues-facing-the-us
2026-08-24,rep,Health care,0.04,418.0,single_list,YouGov/Economist,https://yougov.com/en-us/trackers/most-important-issues-facing-the-us
2026-08-24,rep,Immigration,0.18,418.0,single_list,YouGov/Economist,https://yougov.com/en-us/trackers/most-important-issues-facing-the-us
2026-08-24,rep,Jobs and the economy,0.15,418.0,single_list,YouGov/Economist,https://yougov.com/en-us/trackers/most-important-issues-facing-the-us
2026-08-24,rep,Medicare,0.0,418.0,single_list,YouGov/Economist,https://yougov.com/en-us/trackers/most-important-issues-facing-the-us
2026-08-24,rep,National Security and foreign policy,0.13,418.0,single_list,YouGov/Economist,https://yougov.com/en-us/trackers/most-important-issues-facing-the-us
2026-08-24,rep,Social security,0.0,418.0,single_list,YouGov/Economist,https://yougov.com/en-us/trackers/most-important-issues-facing-the-us
2026-08-24,rep,Taxes and government spending,0.09,418.0,single_list,YouGov/Economist,https://yougov.com/en-us/trackers/most-important-issues-facing-the-us
2026-08-24,rep,Terrorism,0.0,418.0,single_list,YouGov/Economist,https://yougov.com/en-us/trackers/most-important-issues-facing-the-us
2026-08-24,rep,The budget deficit,0.0,418.0,single_list,YouGov/Economist,https://yougov.com/en-us/trackers/most-important-issues-facing-the-us
2026-08-24,rep,The war in Afghanistan,0.0,418.0,single_list,YouGov/Economist,https://yougov.com/en-us/trackers/most-important-issues-facing-the-us
2026-08-24,rep,Inflation/prices,0.26,418.0,single_list,YouGov/Economist,https://yougov.com/en-us/trackers/most-important-issues-facing-the-us
2026-09-07,rep,Abortion,0.04,434.0,single_list,YouGov/Economist,https://yougov.com/en-us/trackers/most-important-issues-facing-the-us
2026-09-07,rep,Civil rights and civil liberties,0.02,434.0,single_list,YouGov/Economist,https://yougov.com/en-us/trackers/most-important-issues-facing-the-us
2026-09-07,rep,Climate change and the environment,0.0,434.0,single_list,YouGov/Economist,https://yougov.com/en-us/trackers/most-important-issues-facing-the-us
2026-09-07,rep,Crime and criminal justice reform,0.04,434.0,single_list,YouGov/Economist,https://yougov.com/en-us/trackers/most-important-issues-facing-the-us
2026-09-07,rep,Education,0.02,434.0,single_list,YouGov/Economist,https://yougov.com/en-us/trackers/most-important-issues-facing-the-us
2026-09-07,rep,Gay rights,0.0,434.0,single_list,YouGov/Economist,https://yougov.com/en-us/trackers/most-important-issues-facing-the-us
2026-09-07,rep,Gun control,0.02,434.0,single_list,YouGov/Economist,https://yougov.com/en-us/trackers/most-important-issues-facing-the-us
2026-09-07,rep,Health care,0.08,434.0,single_list,YouGov/Economist,https://yougov.com/en-us/trackers/most-important-issues-facing-the-us
2026-09-07,rep,Immigration,0.15,434.0,single_list,YouGov/Economist,https://yougov.com/en-us/trackers/most-important-issues-facing-the-us
2026-09-07,rep,Jobs and the economy,0.1,434.0,single_list,YouGov/Economist,https://yougov.com/en-us/trackers/most-important-issues-facing-the-us
2026-09-07,rep,Medicare,0.0,434.0,single_list,YouGov/Economist,https://yougov.com/en-us/trackers/most-important-issues-facing-the-us
2026-09-07,rep,National Security and foreign policy,0.09,434.0,single_list,YouGov/Economist,https://yougov.com/en-us/trackers/most-important-issues-facing-the-us
2026-09-07,rep,Social security,0.0,434.0,single_list,YouGov/Economist,https://yougov.com/en-us/trackers/most-important-issues-facing-the-us
2026-09-07,rep,Taxes and government spending,0.1,434.0,single_list,YouGov/Economist,https://yougov.com/en-us/trackers/most-important-issues-facing-the-us
2026-09-07,rep,Terrorism,0.0,434.0,single_list,YouGov/Economist,https://yougov.com/en-us/trackers/most-important-issues-facing-the-us
2026-09-07,rep,The budget deficit,0.0,434.0,single_list,YouGov/Economist,https://yougov.com/en-us/trackers/most-important-issues-facing-the-us
2026-09-07,rep,The war in Afghanistan,0.0,434.0,single_list,YouGov/Economist,https://yougov.com/en-us/trackers/most-important-issues-facing-the-us
2026-09-07,rep,Inflation/prices,0.33,434.0,single_list,YouGov/Economist,https://yougov.com/en-us/trackers/most-important-issues-facing-the-us
2026-09-14,rep,Abortion,0.03,436.0,single_list,YouGov/Economist,https://yougov.com/en-us/trackers/most-important-issues-facing-the-us
2026-09-14,rep,Civil rights and civil liberties,0.02,436.0,single_list,YouGov/Economist,https://yougov.com/en-us/trackers/most-important-issues-facing-the-us
2026-09-14,rep,Climate change and the environment,0.01,436.0,single_list,YouGov/Economist,https://yougov.com/en-us/trackers/most-important-issues-facing-the-us
2026-09-14,rep,Crime and criminal justice reform,0.03,436.0,single_list,YouGov/Economist,https://yougov.com/en-us/trackers/most-important-issues-facing-the-us
2026-09-14,rep,Education,0.01,436.0,single_list,YouGov/Economist,https://yougov.com/en-us/trackers/most-important-issues-facing-the-us
2026-09-14,rep,Gay rights,0.0,436.0,single_list,YouGov/Economist,https://yougov.com/en-us/trackers/most-important-issues-facing-the-us
2026-09-14,rep,Gun control,0.01,436.0,single_list,YouGov/Economist,https://yougov.com/en-us/trackers/most-important-issues-facing-the-us
2026-09-14,rep,Health care,0.05,436.0,single_list,YouGov/Economist,https://yougov.com/en-us/trackers/most-important-issues-facing-the-us
2026-09-14,rep,Immigration,0.14,436.0,single_list,YouGov/Economist,https://yougov.com/en-us/trackers/most-important-issues-facing-the-us
2026-09-14,rep,Jobs and the economy,0.14,436.0,single_list,YouGov/Economist,https://yougov.com/en-us/trackers/most-important-issues-facing-the-us
2026-09-14,rep,Medicare,0.0,436.0,single_list,YouGov/Economist,https://yougov.com/en-us/trackers/most-important-issues-facing-the-us
2026-09-14,rep,National Security and foreign policy,0.09,436.0,single_list,YouGov/Economist,https://yougov.com/en-us/trackers/most-important-issues-facing-the-us
2026-09-14,rep,Social security,0.0,436.0,single_list,YouGov/Economist,https://yougov.com/en-us/trackers/most-important-issues-facing-the-us
2026-09-14,rep,Taxes and government spending,0.12,436.0,single_list,YouGov/Economist,https://yougov.com/en-us/trackers/most-important-issues-facing-the-us
2026-09-14,rep,Terrorism,0.0,436.0,single_list,YouGov/Economist,https://yougov.com/en-us/trackers/most-important-issues-facing-the-us
2026-09-14,rep,The budget deficit,0.0,436.0,single_list,YouGov/Economist,https://yougov.com/en-us/trackers/most-important-issues-facing-the-us
2026-09-14,rep,The war in Afghanistan,0.0,436.0,single_list,YouGov/Economist,https://yougov.com/en-us/trackers/most-important-issues-facing-the-us
2026-09-14,rep,Inflation/prices,0.35,436.0,single_list,YouGov/Economist,https://yougov.com/en-us/trackers/most-important-issues-facing-the-us
2026-09-21,rep,Abortion,0.04,422.0,single_list,YouGov/Economist,https://yougov.com/en-us/trackers/most-important-issues-facing-the-us
2026-09-21,rep,Civil rights and civil liberties,0.01,422.0,single_list,YouGov/Economist,https://yougov.com/en-us/trackers/most-important-issues-facing-the-us
2026-09-21,rep,Climate change and the environment,0.01,422.0,single_list,YouGov/Economist,https://yougov.com/en-us/trackers/most-important-issues-facing-the-us
2026-09-21,rep,Crime and criminal justice reform,0.03,422.0,single_list,YouGov/Economist,https://yougov.com/en-us/trackers/most-important-issues-facing-the-us
2026-09-21,rep,Education,0.01,422.0,single_list,YouGov/Economist,https://yougov.com/en-us/trackers/most-important-issues-facing-the-us
2026-09-21,rep,Gay rights,0.0,422.0,single_list,YouGov/Economist,https://yougov.com/en-us/trackers/most-important-issues-facing-the-us
2026-09-21,rep,Gun control,0.01,422.0,single_list,YouGov/Economist,https://yougov.com/en-us/trackers/most-important-issues-facing-the-us
2026-09-21,rep,Health care,0.05,422.0,single_list,YouGov/Economist,https://yougov.com/en-us/trackers/most-important-issues-facing-the-us
2026-09-21,rep,Immigration,0.14,422.0,single_list,YouGov/Economist,https://yougov.com/en-us/trackers/most-important-issues-facing-the-us
2026-09-21,rep,Jobs and the economy,0.14,422.0,single_list,YouGov/Economist,https://yougov.com/en-us/trackers/most-important-issues-facing-the-us
2026-09-21,rep,Medicare,0.0,422.0,single_list,YouGov/Economist,https://yougov.com/en-us/trackers/most-important-issues-facing-the-us
2026-09-21,rep,National Security and foreign policy,0.08,422.0,single_list,YouGov/Economist,https://yougov.com/en-us/trackers/most-important-issues-facing-the-us
2026-09-21,rep,Social security,0.0,422.0,single_list,YouGov/Economist,https://yougov.com/en-us/trackers/most-important-issues-facing-the-us
2026-09-21,rep,Taxes and government spending,0.09,422.0,single_list,YouGov/Economist,https://yougov.com/en-us/trackers/most-important-issues-facing-the-us
2026-09-21,rep,Terrorism,0.0,422.0,single_list,YouGov/Economist,https://yougov.com/en-us/trackers/most-important-issues-facing-the-us
2026-09-21,rep,The budget deficit,0.0,422.0,single_list,YouGov/Economist,https://yougov.com/en-us/trackers/most-important-issues-facing-the-us
2026-09-21,rep,The war in Afghanistan,0.0,422.0,single_list,YouGov/Economist,https://yougov.com/en-us/trackers/most-important-issues-facing-the-us
2026-09-21,rep,Inflation/prices,0.38,422.0,single_list,YouGov/Economist,https://yougov.com/en-us/trackers/most-important-issues-facing-the-us
2026-09-28,rep,Abortion,0.03,430.0,single_list,YouGov/Economist,https://yougov.com/en-us/trackers/most-important-issues-facing-the-us
2026-09-28,rep,Civil rights and civil liberties,0.02,430.0,single_list,YouGov/Economist,https://yougov.com/en-us/trackers/most-important-issues-facing-the-us
2026-09-28,rep,Climate change and the environment,0.02,430.0,single_list,YouGov/Economist,https://yougov.com/en-us/trackers/most-important-issues-facing-the-us
2026-09-28,rep,Crime and criminal justice reform,0.05,430.0,single_list,YouGov/Economist,https://yougov.com/en-us/trackers/most-important-issues-facing-the-us
2026-09-28,rep,Education,0.04,430.0,single_list,YouGov/Economist,https://yougov.com/en-us/trackers/most-important-issues-facing-the-us
2026-09-28,rep,Gay rights,0.0,430.0,single_list,YouGov/Economist,https://yougov.com/en-us/trackers/most-important-issues-facing-the-us
2026-09-28,rep,Gun control,0.03,430.0,single_list,YouGov/Economist,https://yougov.com/en-us/trackers/most-important-issues-facing-the-us
2026-09-28,rep,Health care,0.06,430.0,single_list,YouGov/Economist,https://yougov.com/en-us/trackers/most-important-issues-facing-the-us
2026-09-28,rep,Immigration,0.09,430.0,single_list,YouGov/Economist,https://yougov.com/en-us/trackers/most-important-issues-facing-the-us
2026-09-28,rep,Jobs and the economy,0.13,430.0,single_list,YouGov/Economist,https://yougov.com/en-us/trackers/most-important-issues-facing-the-us
2026-09-28,rep,Medicare,0.0,430.0,single_list,YouGov/Economist,https://yougov.com/en-us/trackers/most-important-issues-facing-the-us
2026-09-28,rep,National Security and foreign policy,0.11,430.0,single_list,YouGov/Economist,https://yougov.com/en-us/trackers/most-important-issues-facing-the-us
2026-09-28,rep,Social security,0.0,430.0,single_list,YouGov/Economist,https://yougov.com/en-us/trackers/most-important-issues-facing-the-us
2026-09-28,rep,Taxes and government spending,0.1,430.0,single_list,YouGov/Economist,https://yougov.com/en-us/trackers/most-important-issues-facing-the-us
2026-09-28,rep,Terrorism,0.0,430.0,single_list,YouGov/Economist,https://yougov.com/en-us/trackers/most-important-issues-facing-the-us
2026-09-28,rep,The budget deficit,0.0,430.0,single_list,YouGov/Economist,https://yougov.com/en-us/trackers/most-important-issues-facing-the-us
2026-09-28,rep,The war in Afghanistan,0.0,430.0,single_list,YouGov/Economist,https://yougov.com/en-us/trackers/most-important-issues-facing-the-us
2026-09-28,rep,Inflation/prices,0.32,430.0,single_list,YouGov/Economist,https://yougov.com/en-us/trackers/most-important-issues-facing-the-us
